order_id,order_date,category,unit_price,quantity,discount_pct,region,payment_mode,customer_rating,gross_sales,net_sales
100001,2024-04-12,Sports & Fitness,1427.23,1,10,South,Credit Card,5.0,1427.23,1284.51
100002,2024-05-29,Electronics,32906.95,2,0,West,Credit Card,4.6,65813.9,65813.9
100003,2024-11-09,Home & Kitchen,4996.84,1,10,South,Credit Card,4.3,4996.84,4497.16
100004,2024-12-29,Home & Kitchen,6749.17,1,10,Central,Debit Card,3.6,6749.17,6074.25
100005,2024-09-30,Grocery,1450.17,2,0,Central,Credit Card,4.6,2900.34,2900.34
100006,2024-09-20,Electronics,41055.44,1,10,South,Debit Card,3.3,41055.44,36949.9
100007,2024-02-23,Home & Kitchen,1641.86,3,15,South,Debit Card,4.2,4925.58,4186.74
100008,2024-09-27,Electronics,10025.25,1,0,Central,Credit Card,4.3,10025.25,10025.25
100009,2024-02-22,Beauty & Personal Care,2418.35,1,0,Central,Net Banking,3.6,2418.35,2418.35
100010,2024-03-03,Sports & Fitness,4358.4,1,15,Central,Cash on Delivery,4.5,4358.4,3704.64
100011,2024-02-10,Books,1035.04,1,0,Central,UPI,4.7,1035.04,1035.04
100012,2024-08-14,Electronics,32526.15,1,10,East,UPI,4.3,32526.15,29273.54
100013,2024-01-15,Electronics,20611.14,1,20,North,Debit Card,4.7,20611.14,16488.91
100014,2024-08-18,Clothing,3095.54,1,0,East,UPI,4.1,3095.54,3095.54
100015,2024-10-10,Grocery,1710.48,1,20,West,Credit Card,4.8,1710.48,1368.38
100016,2024-05-07,Sports & Fitness,5418.11,1,0,North,UPI,4.0,5418.11,5418.11
100017,2024-04-30,Sports & Fitness,5220.09,1,5,North,UPI,,5220.09,4959.09
100018,2024-05-31,Grocery,518.64,1,10,North,Credit Card,4.7,518.64,466.78
100019,2024-02-21,Clothing,2876.33,1,0,North,Credit Card,4.1,2876.33,2876.33
100020,2024-12-08,Clothing,5124.82,1,0,West,Debit Card,4.3,5124.82,5124.82
100021,2024-07-16,Clothing,2786.9,1,0,Central,UPI,4.5,2786.9,2786.9
100022,2024-08-27,Sports & Fitness,1244.02,1,10,East,UPI,5.0,1244.02,1119.62
100023,2024-12-11,Home & Kitchen,2753.33,1,0,North,Debit Card,5.0,2753.33,2753.33
100024,2024-09-23,Clothing,719.85,2,20,East,Credit Card,4.1,1439.7,1151.76
100025,2024-05-23,Sports & Fitness,3509.12,1,0,West,UPI,4.0,3509.12,3509.12
100026,2024-08-20,Clothing,2986.04,2,20,North,UPI,4.2,5972.08,4777.66
100027,2024-03-15,Grocery,1188.74,1,10,North,UPI,5.0,1188.74,1069.87
100028,2024-07-26,Grocery,305.09,1,5,West,Debit Card,4.4,305.09,289.84
100029,2024-05-14,Sports & Fitness,2125.14,1,5,Central,UPI,4.0,2125.14,2018.88
100030,2024-10-03,Home & Kitchen,6579.79,1,0,Central,UPI,4.7,6579.79,6579.79
100031,2024-01-04,Electronics,29578.04,1,20,Central,Credit Card,4.3,29578.04,23662.43
100032,2024-02-06,Grocery,670.87,3,25,North,Credit Card,4.5,2012.61,1509.46
100033,2024-09-09,Clothing,3449.21,1,0,North,Debit Card,3.3,3449.21,3449.21
100034,2024-05-06,Home & Kitchen,7043.51,1,10,East,UPI,5.0,7043.51,6339.16
100035,2024-02-08,Clothing,3294.64,2,15,Central,Credit Card,3.7,6589.28,5600.89
100036,2024-05-22,Clothing,647.73,1,0,North,Credit Card,4.0,647.73,647.73
100037,2024-07-08,Clothing,2486.08,1,0,East,Credit Card,5.0,2486.08,2486.08
100038,2024-04-17,Beauty & Personal Care,350.57,1,5,East,UPI,4.2,350.57,333.04
100039,2024-11-03,Electronics,61144.8,1,0,East,Debit Card,3.6,61144.8,61144.8
100040,2024-02-27,Books,586.59,1,0,North,UPI,5.0,586.59,586.59
100041,2024-09-28,Home & Kitchen,5325.47,1,10,East,Credit Card,5.0,5325.47,4792.92
100042,2024-07-03,Clothing,639.66,1,0,West,Credit Card,3.6,639.66,639.66
100043,2024-08-05,Sports & Fitness,4918.71,1,5,Central,Debit Card,5.0,4918.71,4672.77
100044,2024-10-16,Clothing,499.28,2,5,Central,UPI,5.0,998.56,948.63
100045,2024-01-16,Electronics,29445.24,1,10,East,Net Banking,4.6,29445.24,26500.72
100046,2024-02-02,Home & Kitchen,4455.81,2,5,North,UPI,5.0,8911.62,8466.04
100047,2024-02-12,Electronics,4517.22,1,0,East,UPI,5.0,4517.22,4517.22
100048,2024-04-02,Books,125.6,2,0,West,UPI,3.2,251.2,251.2
100049,2024-04-23,Beauty & Personal Care,2212.06,1,15,North,UPI,5.0,2212.06,1880.25
100050,2024-08-14,Grocery,648.3,1,15,Central,Credit Card,2.8,648.3,551.05
100051,2024-07-01,Sports & Fitness,4625.44,1,20,West,Net Banking,4.6,4625.44,3700.35
100052,2024-06-25,Electronics,43196.56,2,5,West,Cash on Delivery,3.9,86393.12,82073.46
100053,2024-02-21,Home & Kitchen,5128.33,1,0,North,UPI,3.9,5128.33,5128.33
100054,2024-06-29,Home & Kitchen,648.96,1,5,Central,Debit Card,4.3,648.96,616.51
100055,2024-05-25,Grocery,1047.64,2,15,Central,Credit Card,,2095.28,1780.99
100056,2024-07-12,Electronics,5190.44,3,5,North,Net Banking,3.9,15571.32,14792.75
100057,2024-05-24,Grocery,1479.7,1,5,East,UPI,2.7,1479.7,1405.72
100058,2024-12-11,Clothing,2670.46,1,5,South,UPI,5.0,2670.46,2536.94
100059,2024-11-12,Sports & Fitness,6394.62,1,0,North,Debit Card,4.6,6394.62,6394.62
100060,2024-04-26,Grocery,67.62,3,0,Central,Credit Card,3.8,202.86,202.86
100061,2024-07-31,Grocery,157.01,1,25,South,Credit Card,3.6,157.01,117.76
100062,2024-01-01,Beauty & Personal Care,1523.14,2,0,West,Cash on Delivery,3.4,3046.28,3046.28
100063,2024-09-28,Books,601.22,1,0,West,UPI,3.2,601.22,601.22
100064,2024-01-28,Electronics,43886.17,3,10,North,Credit Card,3.7,131658.51,118492.66
100065,2024-07-30,Beauty & Personal Care,786.75,1,0,South,Debit Card,4.6,786.75,786.75
100066,2024-01-10,Grocery,1305.79,1,0,North,UPI,4.2,1305.79,1305.79
100067,2024-05-25,Grocery,268.1,1,5,East,Net Banking,4.0,268.1,254.7
100068,2024-04-08,Electronics,2094.73,1,10,Central,Cash on Delivery,5.0,2094.73,1885.26
100069,2024-12-23,Books,1041.13,1,15,East,Credit Card,3.4,1041.13,884.96
100070,2024-02-20,Clothing,1066.74,2,15,South,Debit Card,4.0,2133.48,1813.46
100071,2024-03-12,Electronics,23170.19,1,15,South,Net Banking,5.0,23170.19,19694.66
100072,2024-08-09,Sports & Fitness,3703.75,1,5,Central,UPI,5.0,3703.75,3518.56
100073,2024-03-06,Sports & Fitness,5457.65,1,25,South,UPI,3.3,5457.65,4093.24
100074,2024-11-03,Home & Kitchen,5203.94,2,0,South,Net Banking,2.7,10407.88,10407.88
100075,2024-05-12,Sports & Fitness,2972.34,2,15,West,Debit Card,4.1,5944.68,5052.98
100076,2024-07-23,Electronics,26714.77,1,5,East,Credit Card,4.4,26714.77,25379.03
100077,2024-01-08,Electronics,31797.81,1,20,East,UPI,3.8,31797.81,25438.25
100078,2024-10-03,Electronics,19066.15,1,0,North,UPI,3.8,19066.15,19066.15
100079,2024-01-12,Electronics,17345.74,1,10,North,Credit Card,5.0,17345.74,15611.17
100080,2024-02-25,Books,1112.96,1,0,North,Credit Card,4.0,1112.96,1112.96
100081,2024-12-20,Electronics,14849.37,1,5,South,UPI,5.0,14849.37,14106.9
100082,2024-06-02,Electronics,12481.01,1,20,East,UPI,4.3,12481.01,9984.81
100083,2024-09-30,Home & Kitchen,4354.41,1,0,Central,Credit Card,4.9,4354.41,4354.41
100084,2024-03-26,Clothing,743.12,2,10,West,Debit Card,4.3,1486.24,1337.62
100085,2024-08-20,Home & Kitchen,877.98,1,10,North,UPI,3.0,877.98,790.18
100086,2024-06-28,Beauty & Personal Care,1491.33,1,25,Central,Cash on Delivery,3.3,1491.33,1118.5
100087,2024-05-29,Clothing,1651.82,1,15,North,Credit Card,2.3,1651.82,1404.05
100088,2024-02-05,Grocery,1350.08,1,20,North,UPI,4.6,1350.08,1080.06
100089,2024-03-02,Grocery,857.31,1,0,West,Credit Card,4.5,857.31,857.31
100090,2024-05-19,Electronics,28061.97,1,10,East,Cash on Delivery,3.5,28061.97,25255.77
100091,2024-11-28,Home & Kitchen,845.91,1,0,South,Cash on Delivery,4.8,845.91,845.91
100092,2024-11-16,Electronics,2265.09,1,5,East,Debit Card,3.7,2265.09,2151.84
100093,2024-10-31,Books,1288.8,1,20,East,Cash on Delivery,4.4,1288.8,1031.04
100094,2024-11-15,Sports & Fitness,7051.06,1,15,East,Credit Card,5.0,7051.06,5993.4
100095,2024-01-05,Clothing,2644.91,2,0,South,Debit Card,3.9,5289.82,5289.82
100096,2024-01-14,Books,786.51,1,5,North,Credit Card,5.0,786.51,747.18
100097,2024-08-12,Clothing,2267.87,1,0,East,Debit Card,5.0,2267.87,2267.87
100098,2024-02-11,Electronics,36040.1,1,5,East,Net Banking,3.5,36040.1,34238.09
100099,2024-02-07,Sports & Fitness,4359.09,1,0,West,UPI,4.4,4359.09,4359.09
100100,2024-12-18,Electronics,34771.71,1,5,West,Debit Card,4.3,34771.71,33033.12
100101,2024-06-05,Home & Kitchen,3993.59,1,15,East,UPI,4.4,3993.59,3394.55
100102,2024-10-25,Beauty & Personal Care,2930.17,2,0,South,Cash on Delivery,5.0,5860.34,5860.34
100103,2024-08-05,Beauty & Personal Care,1338.84,1,0,West,UPI,4.9,1338.84,1338.84
100104,2024-10-13,Beauty & Personal Care,1605.39,1,20,East,Debit Card,4.6,1605.39,1284.31
100105,2024-10-28,Clothing,1277.4,1,15,North,Net Banking,5.0,1277.4,1085.79
100106,2024-05-28,Clothing,3053.72,1,15,South,Debit Card,4.5,3053.72,2595.66
100107,2024-03-03,Clothing,3495.02,2,5,East,UPI,3.0,6990.04,6640.54
100108,2024-12-29,Books,522.27,1,0,Central,Cash on Delivery,3.9,522.27,522.27
100109,2024-06-25,Sports & Fitness,1954.49,1,0,North,Credit Card,3.5,1954.49,1954.49
100110,2024-07-07,Electronics,14532.42,1,5,East,Credit Card,4.0,14532.42,13805.8
100111,2024-07-29,Clothing,2032.46,1,5,East,Credit Card,3.9,2032.46,1930.84
100112,2024-07-12,Home & Kitchen,3952.49,1,15,West,Credit Card,5.0,3952.49,3359.62
100113,2024-02-24,Grocery,591.3,1,10,West,Net Banking,3.9,591.3,532.17
100114,2024-11-08,Clothing,1616.97,1,0,North,Net Banking,4.8,1616.97,1616.97
100115,2024-03-07,Books,712.39,1,15,East,Cash on Delivery,2.9,712.39,605.53
100116,2024-01-07,Beauty & Personal Care,1879.38,2,0,East,UPI,3.5,3758.76,3758.76
100117,2024-07-06,Beauty & Personal Care,2289.97,1,0,South,Debit Card,4.9,2289.97,2289.97
100118,2024-08-13,Books,341.46,3,15,North,Net Banking,3.6,1024.38,870.72
100119,2024-04-29,Grocery,733.04,1,5,North,Credit Card,5.0,733.04,696.39
100120,2024-12-24,Electronics,41383.8,1,0,Central,Credit Card,4.6,41383.8,41383.8
100121,2024-08-02,Beauty & Personal Care,2083.07,1,15,North,Credit Card,5.0,2083.07,1770.61
100122,2024-03-16,Electronics,1978.32,1,20,East,UPI,4.6,1978.32,1582.66
100123,2024-09-24,Beauty & Personal Care,1311.54,1,15,Central,Debit Card,3.7,1311.54,1114.81
100124,2024-11-05,Sports & Fitness,1209.14,1,0,Central,Net Banking,4.1,1209.14,1209.14
100125,2024-01-11,Clothing,2960.47,1,10,South,Debit Card,2.9,2960.47,2664.42
100126,2024-08-26,Clothing,2501.79,1,5,Central,Credit Card,4.0,2501.79,2376.7
100127,2024-07-19,Sports & Fitness,996.95,1,10,North,UPI,3.4,996.95,897.26
100128,2024-10-17,Sports & Fitness,6827.42,1,0,South,Credit Card,5.0,6827.42,6827.42
100129,2024-04-10,Electronics,41403.14,1,25,North,Credit Card,4.8,41403.14,31052.36
100130,2024-09-20,Beauty & Personal Care,1933.73,1,10,North,Cash on Delivery,4.2,1933.73,1740.36
100131,2024-09-24,Clothing,3954.37,2,0,South,UPI,2.7,7908.74,7908.74
100132,2024-11-30,Beauty & Personal Care,1188.28,2,25,Central,UPI,3.9,2376.56,1782.42
100133,2024-04-12,Electronics,27437.74,1,0,South,Net Banking,2.3,27437.74,27437.74
100134,2024-12-29,Home & Kitchen,9059.43,1,10,Central,UPI,5.0,9059.43,8153.49
100135,2024-01-16,Home & Kitchen,7037.99,1,5,South,Credit Card,4.2,7037.99,6686.09
100136,2024-04-05,Sports & Fitness,5988.43,1,15,Central,Credit Card,4.8,5988.43,5090.17
100137,2024-08-23,Beauty & Personal Care,2203.14,3,15,North,Debit Card,5.0,6609.42,5618.01
100138,2024-06-25,Electronics,16926.06,1,0,Central,Credit Card,4.2,16926.06,16926.06
100139,2024-07-11,Books,149.61,1,5,West,Credit Card,4.0,149.61,142.13
100140,2024-11-14,Grocery,1018.83,1,0,West,Credit Card,3.5,1018.83,1018.83
100141,2024-03-12,Grocery,991.99,1,5,South,Credit Card,3.8,991.99,942.39
100142,2024-09-15,Sports & Fitness,4884.31,1,0,North,Cash on Delivery,4.0,4884.31,4884.31
100143,2024-08-28,Electronics,18736.53,1,10,East,Net Banking,3.6,18736.53,16862.88
100144,2024-03-29,Beauty & Personal Care,1513.2,1,20,East,Credit Card,3.6,1513.2,1210.56
100145,2024-01-29,Books,1151.22,2,15,North,UPI,4.0,2302.44,1957.07
100146,2024-02-07,Clothing,2976.65,1,0,West,Credit Card,3.5,2976.65,2976.65
100147,2024-10-10,Electronics,53938.5,1,5,Central,Cash on Delivery,5.0,53938.5,51241.58
100148,2024-02-09,Home & Kitchen,2282.82,2,15,West,Net Banking,4.7,4565.64,3880.79
100149,2024-02-28,Electronics,16029.39,1,20,West,UPI,,16029.39,12823.51
100150,2024-08-22,Grocery,724.93,2,0,East,Credit Card,4.4,1449.86,1449.86
100151,2024-02-08,Electronics,37081.57,2,5,South,Debit Card,4.2,74163.14,70454.98
100152,2024-01-17,Electronics,17886.25,1,15,East,UPI,4.1,17886.25,15203.31
100153,2024-03-14,Home & Kitchen,6752.95,1,0,Central,Credit Card,4.2,6752.95,6752.95
100154,2024-08-29,Grocery,291.25,1,10,North,Credit Card,4.4,291.25,262.12
100155,2024-04-29,Electronics,39411.85,3,25,West,UPI,2.9,118235.55,88676.66
100156,2024-01-29,Electronics,15577.04,1,15,South,Credit Card,5.0,15577.04,13240.48
100157,2024-08-13,Grocery,667.96,1,0,Central,UPI,4.9,667.96,667.96
100158,2024-01-27,Books,1159.56,1,10,Central,UPI,5.0,1159.56,1043.6
100159,2024-09-18,Sports & Fitness,2876.87,1,0,South,Credit Card,4.2,2876.87,2876.87
100160,2024-01-12,Home & Kitchen,3877.95,1,0,North,Net Banking,3.9,3877.95,3877.95
100161,2024-11-04,Electronics,29729.94,1,0,Central,Credit Card,5.0,29729.94,29729.94
100162,2024-06-01,Electronics,27527.24,1,0,North,Credit Card,4.4,27527.24,27527.24
100163,2024-11-14,Beauty & Personal Care,1282.29,1,5,Central,Credit Card,5.0,1282.29,1218.18
100164,2024-12-03,Home & Kitchen,6832.22,1,10,North,Cash on Delivery,3.8,6832.22,6149.0
100165,2024-09-23,Home & Kitchen,1018.46,1,25,West,UPI,3.9,1018.46,763.84
100166,2024-12-18,Home & Kitchen,1239.5,1,0,West,Debit Card,4.1,1239.5,1239.5
100167,2024-04-12,Electronics,26188.03,1,15,South,Credit Card,4.3,26188.03,22259.83
100168,2024-11-12,Beauty & Personal Care,313.92,2,0,North,UPI,4.2,627.84,627.84
100169,2024-09-20,Grocery,956.69,1,10,East,Net Banking,5.0,956.69,861.02
100170,2024-01-03,Electronics,8633.98,1,10,West,Credit Card,4.2,8633.98,7770.58
100171,2024-01-25,Books,341.14,3,0,Central,Net Banking,4.1,1023.42,1023.42
100172,2024-03-22,Electronics,29916.94,1,5,East,UPI,5.0,29916.94,28421.09
100173,2024-07-20,Clothing,1116.08,1,0,West,Credit Card,4.0,1116.08,1116.08
100174,2024-01-24,Home & Kitchen,2898.29,1,25,South,Net Banking,4.5,2898.29,2173.72
100175,2024-04-05,Beauty & Personal Care,219.08,1,10,South,Net Banking,3.5,219.08,197.17
100176,2024-05-10,Beauty & Personal Care,1634.17,1,0,West,Cash on Delivery,3.1,1634.17,1634.17
100177,2024-03-27,Beauty & Personal Care,1026.19,1,5,Central,Debit Card,4.0,1026.19,974.88
100178,2024-01-14,Home & Kitchen,3002.02,1,0,East,Debit Card,3.5,3002.02,3002.02
100179,2024-01-28,Clothing,2729.93,1,15,West,Cash on Delivery,3.0,2729.93,2320.44
100180,2024-07-13,Home & Kitchen,2780.94,1,10,North,Debit Card,3.9,2780.94,2502.85
100181,2024-10-02,Beauty & Personal Care,3330.84,1,5,West,Credit Card,4.7,3330.84,3164.3
100182,2024-06-13,Sports & Fitness,4350.16,1,15,West,UPI,5.0,4350.16,3697.64
100183,2024-11-29,Electronics,34448.22,2,0,East,Debit Card,4.0,68896.44,68896.44
100184,2024-06-27,Electronics,7952.93,3,25,East,Credit Card,4.4,23858.79,17894.09
100185,2024-08-04,Beauty & Personal Care,2189.61,1,5,South,Debit Card,3.4,2189.61,2080.13
100186,2024-05-05,Clothing,2907.32,1,10,South,Credit Card,4.2,2907.32,2616.59
100187,2024-09-20,Electronics,11703.42,3,0,North,Net Banking,4.2,35110.26,35110.26
100188,2024-04-23,Clothing,3374.25,2,15,East,Cash on Delivery,4.4,6748.5,5736.22
100189,2024-10-28,Books,1064.94,2,15,Central,UPI,3.4,2129.88,1810.4
100190,2024-07-10,Electronics,44007.08,1,20,North,Credit Card,3.8,44007.08,35205.66
100191,2024-06-07,Sports & Fitness,5319.69,1,0,East,Net Banking,4.6,5319.69,5319.69
100192,2024-12-04,Books,718.54,1,10,Central,Debit Card,4.5,718.54,646.69
100193,2024-03-16,Beauty & Personal Care,1474.08,1,5,North,Credit Card,3.2,1474.08,1400.38
100194,2024-09-23,Beauty & Personal Care,1720.3,1,5,East,UPI,3.7,1720.3,1634.28
100195,2024-11-23,Home & Kitchen,5512.67,1,0,West,Credit Card,3.0,5512.67,5512.67
100196,2024-08-15,Beauty & Personal Care,1947.48,2,10,East,UPI,4.2,3894.96,3505.46
100197,2024-01-21,Electronics,1828.99,1,20,North,UPI,3.2,1828.99,1463.19
100198,2024-05-20,Clothing,675.26,1,0,West,UPI,3.8,675.26,675.26
100199,2024-06-05,Sports & Fitness,3419.3,1,10,South,Debit Card,3.4,3419.3,3077.37
100200,2024-04-17,Electronics,24344.61,1,0,South,Credit Card,4.1,24344.61,24344.61
100201,2024-02-05,Home & Kitchen,878.9,2,5,Central,UPI,4.2,1757.8,1669.91
100202,2024-04-27,Home & Kitchen,4829.6,1,10,South,Debit Card,4.5,4829.6,4346.64
100203,2024-06-18,Books,488.76,1,15,South,UPI,4.4,488.76,415.45
100204,2024-12-10,Electronics,40093.03,1,10,North,UPI,4.7,40093.03,36083.73
100205,2024-08-13,Home & Kitchen,4375.79,1,0,East,UPI,3.0,4375.79,4375.79
100206,2024-03-18,Beauty & Personal Care,287.37,1,0,Central,UPI,4.3,287.37,287.37
100207,2024-02-11,Home & Kitchen,5797.26,1,25,West,Net Banking,2.9,5797.26,4347.94
100208,2024-10-14,Clothing,831.39,1,20,East,Debit Card,4.8,831.39,665.11
100209,2024-12-18,Clothing,2258.88,1,5,South,UPI,4.2,2258.88,2145.94
100210,2024-09-20,Books,815.97,1,0,East,Credit Card,3.7,815.97,815.97
100211,2024-05-09,Grocery,1009.67,1,10,West,Credit Card,4.5,1009.67,908.7
100212,2024-11-28,Beauty & Personal Care,2693.42,1,5,North,Net Banking,4.2,2693.42,2558.75
100213,2024-01-12,Clothing,2760.17,1,20,Central,Credit Card,4.7,2760.17,2208.14
100214,2024-11-16,Books,942.28,1,0,North,UPI,4.6,942.28,942.28
100215,2024-02-07,Electronics,4245.24,1,0,Central,Debit Card,2.8,4245.24,4245.24
100216,2024-06-28,Clothing,3786.83,2,0,East,UPI,4.5,7573.66,7573.66
100217,2024-11-11,Books,461.11,2,0,South,UPI,4.4,922.22,922.22
100218,2024-05-13,Electronics,10721.24,2,0,East,Credit Card,5.0,21442.48,21442.48
100219,2024-05-09,Clothing,3842.09,1,20,South,Credit Card,5.0,3842.09,3073.67
100220,2024-11-05,Sports & Fitness,3049.45,2,15,Central,Debit Card,3.9,6098.9,5184.06
100221,2024-01-25,Clothing,595.87,1,0,West,Debit Card,2.1,595.87,595.87
100222,2024-11-11,Books,140.51,1,10,East,Debit Card,4.3,140.51,126.46
100223,2024-01-05,Sports & Fitness,2974.88,1,25,Central,UPI,3.7,2974.88,2231.16
100224,2024-04-08,Electronics,35547.28,1,0,West,UPI,2.9,35547.28,35547.28
100225,2024-09-16,Grocery,1230.26,1,0,West,UPI,4.4,1230.26,1230.26
100226,2024-04-25,Clothing,2720.08,1,5,Central,Debit Card,4.6,2720.08,2584.08
100227,2024-05-12,Electronics,19602.7,1,0,Central,UPI,4.2,19602.7,19602.7
100228,2024-03-05,Clothing,3386.92,1,0,Central,Cash on Delivery,3.3,3386.92,3386.92
100229,2024-06-12,Clothing,1283.65,1,5,Central,UPI,3.8,1283.65,1219.47
100230,2024-09-08,Beauty & Personal Care,2055.11,1,15,South,Net Banking,3.5,2055.11,1746.84
100231,2024-04-22,Grocery,1191.01,1,10,West,Credit Card,4.3,1191.01,1071.91
100232,2024-08-19,Home & Kitchen,5170.17,1,20,North,UPI,4.0,5170.17,4136.14
100233,2024-12-08,Home & Kitchen,1919.85,1,5,Central,Credit Card,4.9,1919.85,1823.86
100234,2024-05-31,Electronics,23623.2,1,5,West,Debit Card,4.5,23623.2,22442.04
100235,2024-07-29,Beauty & Personal Care,585.21,1,0,South,Credit Card,4.8,585.21,585.21
100236,2024-11-24,Clothing,1485.46,1,10,North,UPI,3.6,1485.46,1336.91
100237,2024-04-28,Electronics,43629.26,1,0,South,UPI,5.0,43629.26,43629.26
100238,2024-10-14,Beauty & Personal Care,725.34,1,0,South,Credit Card,4.5,725.34,725.34
100239,2024-06-01,Clothing,2335.34,1,0,West,Credit Card,3.9,2335.34,2335.34
100240,2024-06-22,Electronics,44670.07,1,0,North,Credit Card,3.9,44670.07,44670.07
100241,2024-01-18,Beauty & Personal Care,669.5,3,10,West,Credit Card,4.9,2008.5,1807.65
100242,2024-12-10,Grocery,157.64,1,0,West,Net Banking,3.5,157.64,157.64
100243,2024-04-04,Home & Kitchen,1375.27,1,5,Central,UPI,2.8,1375.27,1306.51
100244,2024-01-19,Electronics,5578.43,1,20,Central,Credit Card,4.2,5578.43,4462.74
100245,2024-12-27,Home & Kitchen,9144.33,1,20,West,Credit Card,5.0,9144.33,7315.46
100246,2024-01-10,Sports & Fitness,4964.66,1,10,Central,UPI,3.8,4964.66,4468.19
100247,2024-03-26,Books,1023.96,2,0,North,Cash on Delivery,3.1,2047.92,2047.92
100248,2024-08-30,Books,617.35,1,0,Central,UPI,3.3,617.35,617.35
100249,2024-01-24,Electronics,7495.3,1,0,Central,Credit Card,3.8,7495.3,7495.3
100250,2024-01-20,Clothing,3534.77,1,10,Central,UPI,3.8,3534.77,3181.29
100251,2024-02-24,Beauty & Personal Care,274.09,1,10,East,Credit Card,4.1,274.09,246.68
100252,2024-12-31,Electronics,44450.81,1,25,Central,Net Banking,5.0,44450.81,33338.11
100253,2024-07-10,Home & Kitchen,3113.01,1,10,North,Credit Card,4.4,3113.01,2801.71
100254,2024-09-07,Sports & Fitness,4508.25,1,0,West,UPI,3.1,4508.25,4508.25
100255,2024-02-16,Electronics,19330.86,2,5,North,Cash on Delivery,4.3,38661.72,36728.63
100256,2024-05-17,Clothing,396.93,1,15,Central,UPI,3.1,396.93,337.39
100257,2024-12-30,Sports & Fitness,1000.11,2,0,Central,Net Banking,4.5,2000.22,2000.22
100258,2024-03-14,Grocery,1073.73,1,0,South,Cash on Delivery,3.7,1073.73,1073.73
100259,2024-10-06,Sports & Fitness,6561.62,1,10,West,Debit Card,4.1,6561.62,5905.46
100260,2024-07-31,Electronics,3981.88,1,0,East,Credit Card,4.7,3981.88,3981.88
100261,2024-09-26,Clothing,1306.21,1,5,Central,Credit Card,4.2,1306.21,1240.9
100262,2024-04-16,Electronics,40930.03,1,5,North,UPI,4.0,40930.03,38883.53
100263,2024-03-10,Books,124.01,1,25,Central,Credit Card,3.0,124.01,93.01
100264,2024-11-08,Home & Kitchen,10976.7,1,10,Central,UPI,3.7,10976.7,9879.03
100265,2024-12-10,Grocery,2033.73,1,0,Central,Credit Card,4.5,2033.73,2033.73
100266,2024-10-15,Home & Kitchen,1533.28,2,10,North,Net Banking,3.8,3066.56,2759.9
100267,2024-06-25,Home & Kitchen,837.46,1,5,Central,Credit Card,3.3,837.46,795.59
100268,2024-11-25,Home & Kitchen,4776.48,1,5,West,Debit Card,4.6,4776.48,4537.66
100269,2024-04-08,Electronics,35703.1,1,0,West,UPI,4.7,35703.1,35703.1
100270,2024-05-22,Electronics,39685.61,2,20,East,Cash on Delivery,4.7,79371.22,63496.98
100271,2024-06-16,Grocery,1169.42,1,0,East,Cash on Delivery,4.0,1169.42,1169.42
100272,2024-09-18,Clothing,1971.28,1,0,Central,Cash on Delivery,5.0,1971.28,1971.28
100273,2024-09-24,Home & Kitchen,2439.68,1,10,Central,Debit Card,3.3,2439.68,2195.71
100274,2024-08-25,Home & Kitchen,1432.05,1,15,East,Debit Card,4.5,1432.05,1217.24
100275,2024-10-09,Clothing,5514.64,1,0,Central,UPI,3.7,5514.64,5514.64
100276,2024-12-31,Electronics,55839.16,2,5,North,Debit Card,4.8,111678.32,106094.4
100277,2024-01-21,Sports & Fitness,2208.86,3,25,East,Credit Card,4.1,6626.58,4969.93
100278,2024-12-18,Electronics,52218.17,1,5,East,Credit Card,3.9,52218.17,49607.26
100279,2024-09-21,Sports & Fitness,3428.45,1,0,East,Cash on Delivery,3.2,3428.45,3428.45
100280,2024-08-03,Home & Kitchen,6660.34,1,0,Central,Credit Card,4.9,6660.34,6660.34
100281,2024-08-05,Electronics,11934.52,1,0,South,UPI,5.0,11934.52,11934.52
100282,2024-05-29,Sports & Fitness,4914.7,2,0,North,Credit Card,5.0,9829.4,9829.4
100283,2024-09-28,Electronics,15199.0,1,10,North,UPI,3.9,15199.0,13679.1
100284,2024-10-29,Clothing,1521.5,1,0,West,Cash on Delivery,3.7,1521.5,1521.5
100285,2024-02-08,Sports & Fitness,730.93,2,10,East,Credit Card,3.8,1461.86,1315.67
100286,2024-02-15,Home & Kitchen,6943.6,1,5,East,Debit Card,3.3,6943.6,6596.42
100287,2024-10-07,Home & Kitchen,576.75,3,0,North,Debit Card,4.2,1730.25,1730.25
100288,2024-07-19,Sports & Fitness,5898.07,1,10,West,Net Banking,4.3,5898.07,5308.26
100289,2024-10-01,Books,313.37,1,5,North,Credit Card,4.1,313.37,297.7
100290,2024-03-29,Sports & Fitness,815.75,1,10,North,Credit Card,3.9,815.75,734.18
100291,2024-03-08,Books,1064.99,1,0,Central,Net Banking,3.7,1064.99,1064.99
100292,2024-09-23,Grocery,1290.76,1,0,West,Credit Card,2.9,1290.76,1290.76
100293,2024-06-20,Electronics,5582.79,2,10,North,Credit Card,3.7,11165.58,10049.02
100294,2024-03-16,Home & Kitchen,1272.69,1,0,Central,UPI,4.3,1272.69,1272.69
100295,2024-10-02,Sports & Fitness,5574.51,1,0,West,Debit Card,5.0,5574.51,5574.51
100296,2024-07-12,Clothing,2049.72,3,0,North,Credit Card,4.0,6149.16,6149.16
100297,2024-03-01,Home & Kitchen,556.06,1,0,North,Debit Card,5.0,556.06,556.06
100298,2024-05-21,Beauty & Personal Care,809.61,1,5,North,Credit Card,3.7,809.61,769.13
100299,2024-07-08,Sports & Fitness,5125.98,1,5,Central,UPI,2.8,5125.98,4869.68
100300,2024-08-20,Clothing,622.24,1,0,East,Net Banking,4.2,622.24,622.24
100301,2024-07-01,Books,642.9,1,25,Central,Cash on Delivery,3.8,642.9,482.17
100302,2024-01-19,Clothing,3658.16,1,10,North,Net Banking,3.3,3658.16,3292.34
100303,2024-04-12,Grocery,1096.02,2,0,Central,Net Banking,4.7,2192.04,2192.04
100304,2024-06-09,Home & Kitchen,3078.61,1,5,West,Cash on Delivery,3.3,3078.61,2924.68
100305,2024-11-27,Electronics,23705.57,2,10,North,UPI,4.3,47411.14,42670.03
100306,2024-07-28,Electronics,6534.59,1,0,East,UPI,4.7,6534.59,6534.59
100307,2024-04-02,Electronics,24727.59,1,0,West,Debit Card,5.0,24727.59,24727.59
100308,2024-12-22,Electronics,36121.32,1,10,North,Credit Card,3.8,36121.32,32509.19
100309,2024-10-03,Beauty & Personal Care,1624.47,1,0,Central,Net Banking,3.1,1624.47,1624.47
100310,2024-10-14,Sports & Fitness,7283.29,2,5,East,UPI,4.4,14566.58,13838.25
100311,2024-11-08,Electronics,26032.13,1,5,West,Debit Card,3.4,26032.13,24730.52
100312,2024-06-05,Home & Kitchen,3155.5,1,5,East,Debit Card,3.8,3155.5,2997.72
100313,2024-10-31,Electronics,53690.79,1,15,West,UPI,4.1,53690.79,45637.17
100314,2024-02-14,Clothing,444.29,1,5,South,Debit Card,4.4,444.29,422.08
100315,2024-09-18,Sports & Fitness,2967.73,1,20,Central,Debit Card,3.8,2967.73,2374.18
100316,2024-05-13,Beauty & Personal Care,2092.76,3,0,West,Credit Card,2.5,6278.28,6278.28
100317,2024-08-11,Clothing,2303.21,1,10,South,Credit Card,4.6,2303.21,2072.89
100318,2024-02-11,Sports & Fitness,4370.48,1,5,West,Credit Card,3.8,4370.48,4151.96
100319,2024-05-18,Home & Kitchen,2908.76,1,0,East,Credit Card,3.7,2908.76,2908.76
100320,2024-09-29,Sports & Fitness,2082.74,1,15,East,Credit Card,4.5,2082.74,1770.33
100321,2024-12-06,Electronics,54020.77,1,20,East,Cash on Delivery,4.3,54020.77,43216.62
100322,2024-05-19,Electronics,33944.91,1,0,West,UPI,5.0,33944.91,33944.91
100323,2024-01-12,Grocery,1426.21,1,0,West,Net Banking,2.9,1426.21,1426.21
100324,2024-04-11,Home & Kitchen,4589.15,1,10,North,Debit Card,5.0,4589.15,4130.23
100325,2024-06-27,Books,601.58,1,10,West,Net Banking,4.2,601.58,541.42
100326,2024-11-23,Books,816.29,2,20,East,Debit Card,4.1,1632.58,1306.06
100327,2024-11-18,Home & Kitchen,5853.92,1,20,South,UPI,4.9,5853.92,4683.14
100328,2024-02-23,Home & Kitchen,5133.84,1,15,North,Credit Card,4.8,5133.84,4363.76
100329,2024-07-02,Home & Kitchen,6388.47,3,0,South,Net Banking,4.6,19165.41,19165.41
100330,2024-01-01,Electronics,1746.46,2,15,North,UPI,4.5,3492.92,2968.98
100331,2024-06-12,Beauty & Personal Care,395.35,1,10,West,Debit Card,4.0,395.35,355.82
100332,2024-09-15,Beauty & Personal Care,1506.05,1,0,East,UPI,3.7,1506.05,1506.05
100333,2024-01-16,Beauty & Personal Care,415.39,2,0,West,Credit Card,4.8,830.78,830.78
100334,2024-10-16,Clothing,4582.04,2,5,East,Credit Card,5.0,9164.08,8705.88
100335,2024-08-18,Home & Kitchen,1963.03,1,25,Central,Credit Card,5.0,1963.03,1472.27
100336,2024-01-31,Books,653.39,1,10,West,UPI,3.8,653.39,588.05
100337,2024-01-14,Home & Kitchen,2030.3,1,0,West,Credit Card,3.6,2030.3,2030.3
100338,2024-04-28,Electronics,39866.66,2,10,North,UPI,4.7,79733.32,71759.99
100339,2024-03-19,Electronics,9723.22,1,10,North,Credit Card,4.7,9723.22,8750.9
100340,2024-06-05,Grocery,1248.74,1,10,South,Debit Card,3.5,1248.74,1123.87
100341,2024-04-09,Books,1137.28,1,5,West,UPI,4.6,1137.28,1080.42
100342,2024-08-04,Beauty & Personal Care,160.25,1,10,Central,Credit Card,4.2,160.25,144.22
100343,2024-01-24,Sports & Fitness,5724.33,1,0,Central,UPI,4.1,5724.33,5724.33
100344,2024-12-24,Home & Kitchen,5005.4,1,0,East,Debit Card,3.4,5005.4,5005.4
100345,2024-01-13,Clothing,3342.07,2,0,North,Net Banking,4.7,6684.14,6684.14
100346,2024-04-09,Beauty & Personal Care,1578.22,1,0,West,UPI,5.0,1578.22,1578.22
100347,2024-01-28,Grocery,125.69,1,5,North,Net Banking,3.5,125.69,119.41
100348,2024-11-08,Sports & Fitness,6691.0,1,0,South,Credit Card,3.1,6691.0,6691.0
100349,2024-06-13,Books,1022.09,1,20,East,UPI,4.6,1022.09,817.67
100350,2024-06-30,Clothing,2981.97,2,0,South,UPI,2.4,5963.94,5963.94
100351,2024-12-05,Home & Kitchen,3198.4,1,0,West,Credit Card,3.9,3198.4,3198.4
100352,2024-05-13,Home & Kitchen,2790.38,1,10,West,UPI,4.2,2790.38,2511.34
100353,2024-01-12,Electronics,14541.32,1,25,East,Credit Card,4.2,14541.32,10905.99
100354,2024-08-04,Clothing,1066.25,1,20,Central,Credit Card,4.3,1066.25,853.0
100355,2024-04-07,Beauty & Personal Care,1262.49,1,10,West,Cash on Delivery,4.1,1262.49,1136.24
100356,2024-05-22,Home & Kitchen,6260.04,1,10,South,Net Banking,4.3,6260.04,5634.04
100357,2024-01-25,Sports & Fitness,3638.47,1,15,West,Debit Card,3.3,3638.47,3092.7
100358,2024-02-18,Grocery,539.14,1,5,North,UPI,4.7,539.14,512.18
100359,2024-10-08,Electronics,2577.55,1,5,North,Cash on Delivery,3.0,2577.55,2448.67
100360,2024-03-01,Grocery,1445.35,1,20,South,UPI,4.2,1445.35,1156.28
100361,2024-10-28,Home & Kitchen,759.39,1,5,West,Net Banking,3.5,759.39,721.42
100362,2024-11-26,Sports & Fitness,7253.67,1,25,West,Cash on Delivery,4.4,7253.67,5440.25
100363,2024-02-17,Clothing,3826.17,1,0,Central,Debit Card,3.6,3826.17,3826.17
100364,2024-06-02,Electronics,37578.54,1,5,North,Cash on Delivery,4.2,37578.54,35699.61
100365,2024-09-01,Grocery,1452.23,1,15,West,Credit Card,5.0,1452.23,1234.4
100366,2024-07-05,Grocery,1157.19,2,10,Central,Credit Card,4.9,2314.38,2082.94
100367,2024-04-10,Clothing,2342.36,2,0,South,Debit Card,4.4,4684.72,4684.72
100368,2024-03-31,Clothing,1209.49,1,20,Central,Credit Card,4.6,1209.49,967.59
100369,2024-09-21,Electronics,44568.76,2,5,North,UPI,3.2,89137.52,84680.64
100370,2024-04-26,Electronics,4010.08,1,0,North,Net Banking,3.0,4010.08,4010.08
100371,2024-04-25,Clothing,2423.21,1,15,North,Credit Card,3.0,2423.21,2059.73
100372,2024-04-14,Clothing,3838.38,1,10,North,Cash on Delivery,4.1,3838.38,3454.54
100373,2024-07-15,Beauty & Personal Care,1473.81,1,0,East,Debit Card,4.6,1473.81,1473.81
100374,2024-11-22,Books,757.45,1,15,West,UPI,3.9,757.45,643.83
100375,2024-04-25,Electronics,12605.94,1,10,West,UPI,3.1,12605.94,11345.35
100376,2024-07-13,Electronics,37463.48,1,10,Central,UPI,3.4,37463.48,33717.13
100377,2024-01-04,Electronics,39600.91,1,0,Central,Credit Card,4.3,39600.91,39600.91
100378,2024-11-08,Beauty & Personal Care,411.78,1,10,Central,Debit Card,3.8,411.78,370.6
100379,2024-01-03,Books,157.09,1,0,East,UPI,4.6,157.09,157.09
100380,2024-12-08,Beauty & Personal Care,3157.97,2,0,East,Credit Card,4.4,6315.94,6315.94
100381,2024-02-16,Sports & Fitness,5915.21,1,5,Central,Credit Card,3.2,5915.21,5619.45
100382,2024-07-20,Electronics,13202.35,1,0,South,UPI,2.8,13202.35,13202.35
100383,2024-09-29,Beauty & Personal Care,846.92,1,15,North,UPI,2.5,846.92,719.88
100384,2024-03-28,Electronics,9338.52,1,15,South,UPI,4.2,9338.52,7937.74
100385,2024-05-05,Clothing,414.17,1,0,West,Cash on Delivery,4.4,414.17,414.17
100386,2024-03-16,Beauty & Personal Care,1173.01,1,0,South,Credit Card,4.6,1173.01,1173.01
100387,2024-02-01,Clothing,3654.32,1,15,East,Credit Card,3.0,3654.32,3106.17
100388,2024-11-10,Home & Kitchen,7991.63,1,5,Central,UPI,3.9,7991.63,7592.05
100389,2024-10-09,Home & Kitchen,1573.94,3,10,East,Debit Card,3.8,4721.82,4249.64
100390,2024-05-30,Clothing,3320.72,1,0,East,Net Banking,3.5,3320.72,3320.72
100391,2024-03-23,Beauty & Personal Care,731.65,1,0,West,Debit Card,3.4,731.65,731.65
100392,2024-04-06,Home & Kitchen,7048.28,1,0,North,Debit Card,3.2,7048.28,7048.28
100393,2024-01-19,Beauty & Personal Care,319.46,1,5,North,UPI,4.9,319.46,303.49
100394,2024-01-14,Sports & Fitness,4797.51,1,25,South,Cash on Delivery,5.0,4797.51,3598.13
100395,2024-12-26,Grocery,207.03,1,0,South,Credit Card,5.0,207.03,207.03
100396,2024-08-06,Home & Kitchen,777.53,1,5,East,Credit Card,3.7,777.53,738.65
100397,2024-05-03,Home & Kitchen,5580.28,1,10,East,Credit Card,4.0,5580.28,5022.25
100398,2024-05-27,Beauty & Personal Care,1615.57,1,0,South,UPI,4.2,1615.57,1615.57
100399,2024-05-13,Clothing,2801.3,1,10,North,UPI,5.0,2801.3,2521.17
100400,2024-11-10,Sports & Fitness,7482.67,1,10,South,Debit Card,3.4,7482.67,6734.4
100401,2024-10-10,Beauty & Personal Care,1478.67,2,5,East,Cash on Delivery,4.9,2957.34,2809.47
100402,2024-04-15,Sports & Fitness,1602.14,1,5,East,Debit Card,3.9,1602.14,1522.03
100403,2024-08-31,Sports & Fitness,5521.47,1,0,Central,UPI,4.3,5521.47,5521.47
100404,2024-02-10,Clothing,2942.0,1,0,West,Credit Card,3.0,2942.0,2942.0
100405,2024-03-03,Clothing,358.51,1,20,East,Debit Card,4.6,358.51,286.81
100406,2024-11-26,Beauty & Personal Care,1434.54,1,20,East,UPI,5.0,1434.54,1147.63
100407,2024-11-14,Home & Kitchen,2467.08,1,10,East,UPI,4.0,2467.08,2220.37
100408,2024-03-13,Electronics,36287.77,1,15,North,Net Banking,3.7,36287.77,30844.6
100409,2024-05-16,Electronics,35750.74,1,20,East,UPI,3.0,35750.74,28600.59
100410,2024-09-08,Electronics,35603.45,1,5,East,UPI,2.7,35603.45,33823.28
100411,2024-07-23,Clothing,2159.74,1,5,West,Credit Card,4.8,2159.74,2051.75
100412,2024-08-29,Clothing,3718.9,1,5,North,Credit Card,3.4,3718.9,3532.96
100413,2024-01-21,Sports & Fitness,4435.17,2,5,West,Debit Card,3.3,8870.34,8426.82
100414,2024-11-07,Home & Kitchen,3063.31,1,0,North,Net Banking,3.5,3063.31,3063.31
100415,2024-10-28,Books,1607.34,1,5,South,Credit Card,3.6,1607.34,1526.97
100416,2024-11-12,Clothing,3286.46,1,0,Central,UPI,3.3,3286.46,3286.46
100417,2024-03-16,Books,923.19,1,10,Central,Debit Card,5.0,923.19,830.87
100418,2024-04-21,Electronics,8689.88,1,10,West,UPI,3.7,8689.88,7820.89
100419,2024-05-29,Home & Kitchen,2892.79,1,10,East,Credit Card,3.6,2892.79,2603.51
100420,2024-06-10,Home & Kitchen,4940.47,1,0,East,Debit Card,3.9,4940.47,4940.47
100421,2024-05-31,Beauty & Personal Care,1458.66,1,5,East,UPI,5.0,1458.66,1385.73
100422,2024-12-19,Clothing,4929.33,1,5,Central,UPI,3.7,4929.33,4682.86
100423,2024-09-01,Electronics,16168.49,1,10,Central,Debit Card,4.0,16168.49,14551.64
100424,2024-10-31,Grocery,1646.27,1,15,East,UPI,4.2,1646.27,1399.33
100425,2024-07-25,Books,344.09,1,20,West,UPI,3.9,344.09,275.27
100426,2024-03-26,Books,633.6,1,15,Central,Credit Card,5.0,633.6,538.56
100427,2024-09-27,Home & Kitchen,790.46,1,15,East,Debit Card,3.2,790.46,671.89
100428,2024-12-25,Grocery,205.13,1,0,South,UPI,4.0,205.13,205.13
100429,2024-11-30,Clothing,5302.39,1,5,East,Debit Card,3.7,5302.39,5037.27
100430,2024-03-02,Clothing,1667.08,1,0,East,Debit Card,4.0,1667.08,1667.08
100431,2024-03-02,Books,510.57,1,0,North,UPI,5.0,510.57,510.57
100432,2024-11-13,Sports & Fitness,4621.18,1,10,West,UPI,2.6,4621.18,4159.06
100433,2024-03-11,Beauty & Personal Care,965.36,1,0,East,Debit Card,4.5,965.36,965.36
100434,2024-09-01,Beauty & Personal Care,517.72,1,10,East,Credit Card,4.4,517.72,465.95
100435,2024-08-24,Electronics,19981.01,2,5,North,UPI,,39962.02,37963.92
100436,2024-10-05,Beauty & Personal Care,2829.63,1,10,East,Cash on Delivery,3.3,2829.63,2546.67
100437,2024-08-09,Clothing,2256.28,2,5,Central,UPI,4.5,4512.56,4286.93
100438,2024-10-05,Grocery,1667.02,1,10,North,Debit Card,4.5,1667.02,1500.32
100439,2024-09-13,Home & Kitchen,2259.23,1,20,Central,UPI,4.4,2259.23,1807.38
100440,2024-08-04,Books,1076.93,1,20,Central,Net Banking,4.4,1076.93,861.54
100441,2024-09-14,Sports & Fitness,4951.2,1,25,East,Cash on Delivery,4.9,4951.2,3713.4
100442,2024-03-01,Books,1197.39,1,0,Central,Debit Card,3.5,1197.39,1197.39
100443,2024-10-17,Electronics,24049.99,1,10,West,UPI,4.5,24049.99,21644.99
100444,2024-12-21,Electronics,53080.59,1,10,Central,Net Banking,5.0,53080.59,47772.53
100445,2024-05-17,Clothing,556.51,1,10,South,UPI,3.2,556.51,500.86
100446,2024-07-29,Books,517.04,1,10,East,UPI,3.7,517.04,465.34
100447,2024-05-28,Grocery,991.79,2,10,North,UPI,4.8,1983.58,1785.22
100448,2024-03-15,Electronics,23265.64,1,10,North,Credit Card,3.9,23265.64,20939.08
100449,2024-12-04,Sports & Fitness,6912.43,1,0,South,UPI,3.9,6912.43,6912.43
100450,2024-04-21,Electronics,8957.39,1,5,West,Cash on Delivery,4.3,8957.39,8509.52
100451,2024-05-10,Beauty & Personal Care,2390.81,2,10,North,Credit Card,4.2,4781.62,4303.46
100452,2024-12-29,Clothing,689.3,1,5,North,UPI,4.6,689.3,654.83
100453,2024-04-25,Clothing,2855.52,1,5,East,Net Banking,4.5,2855.52,2712.74
100454,2024-03-28,Books,237.74,1,0,North,UPI,3.5,237.74,237.74
100455,2024-04-28,Beauty & Personal Care,2360.82,1,0,West,Credit Card,4.0,2360.82,2360.82
100456,2024-03-11,Electronics,11477.41,1,0,South,Credit Card,3.6,11477.41,11477.41
100457,2024-09-27,Electronics,43828.84,1,25,West,Credit Card,3.7,43828.84,32871.63
100458,2024-04-02,Clothing,779.81,1,5,Central,Debit Card,4.8,779.81,740.82
100459,2024-02-05,Electronics,36692.53,1,0,South,Net Banking,4.7,36692.53,36692.53
100460,2024-07-08,Electronics,26760.41,1,0,East,Credit Card,5.0,26760.41,26760.41
100461,2024-11-11,Home & Kitchen,1178.41,1,0,North,UPI,3.5,1178.41,1178.41
100462,2024-10-04,Sports & Fitness,5062.41,1,15,South,Debit Card,3.1,5062.41,4303.05
100463,2024-11-14,Electronics,36359.61,1,20,South,Credit Card,5.0,36359.61,29087.69
100464,2024-11-27,Home & Kitchen,9433.48,1,15,South,Credit Card,4.0,9433.48,8018.46
100465,2024-10-21,Home & Kitchen,8605.92,1,0,North,Net Banking,5.0,8605.92,8605.92
100466,2024-07-06,Home & Kitchen,5229.01,1,10,North,UPI,4.2,5229.01,4706.11
100467,2024-07-05,Electronics,26333.17,1,0,West,UPI,4.7,26333.17,26333.17
100468,2024-04-05,Grocery,1456.39,1,0,East,Cash on Delivery,4.0,1456.39,1456.39
100469,2024-09-12,Electronics,25720.14,2,15,West,UPI,3.6,51440.28,43724.24
100470,2024-09-06,Home & Kitchen,4793.68,1,10,South,Net Banking,3.6,4793.68,4314.31
100471,2024-10-02,Clothing,1622.05,1,10,Central,Credit Card,4.7,1622.05,1459.84
100472,2024-04-18,Grocery,934.42,2,15,Central,UPI,4.1,1868.84,1588.51
100473,2024-06-04,Sports & Fitness,1265.16,1,5,North,UPI,4.0,1265.16,1201.9
100474,2024-08-25,Sports & Fitness,1355.97,1,0,North,UPI,4.5,1355.97,1355.97
100475,2024-04-25,Beauty & Personal Care,1250.58,1,0,West,Credit Card,3.6,1250.58,1250.58
100476,2024-10-14,Electronics,46228.04,1,10,East,Credit Card,4.6,46228.04,41605.24
100477,2024-11-16,Beauty & Personal Care,867.48,1,10,North,Credit Card,4.9,867.48,780.73
100478,2024-02-25,Clothing,544.81,1,15,North,Debit Card,4.2,544.81,463.09
100479,2024-05-18,Clothing,1529.16,1,0,West,UPI,3.3,1529.16,1529.16
100480,2024-01-28,Books,1141.88,2,10,South,Cash on Delivery,4.5,2283.76,2055.38
100481,2024-06-12,Grocery,64.91,1,10,West,Cash on Delivery,3.3,64.91,58.42
100482,2024-12-25,Clothing,4820.59,1,25,North,Cash on Delivery,3.2,4820.59,3615.44
100483,2024-07-26,Home & Kitchen,1748.23,1,0,West,Credit Card,3.6,1748.23,1748.23
100484,2024-10-16,Electronics,2406.12,1,20,West,UPI,2.7,2406.12,1924.9
100485,2024-01-10,Electronics,14300.6,1,20,North,Credit Card,4.5,14300.6,11440.48
100486,2024-10-08,Beauty & Personal Care,3026.68,1,15,West,Debit Card,3.3,3026.68,2572.68
100487,2024-07-01,Electronics,20642.53,1,20,Central,Debit Card,4.3,20642.53,16514.02
100488,2024-10-20,Beauty & Personal Care,3335.17,1,10,North,Credit Card,5.0,3335.17,3001.65
100489,2024-03-10,Books,478.35,1,10,South,Credit Card,4.1,478.35,430.52
100490,2024-07-10,Books,539.47,1,0,East,Net Banking,4.9,539.47,539.47
100491,2024-01-05,Electronics,4791.26,1,0,Central,Credit Card,4.2,4791.26,4791.26
100492,2024-12-25,Electronics,42215.9,1,0,South,Net Banking,4.3,42215.9,42215.9
100493,2024-08-07,Grocery,426.52,3,5,South,Credit Card,4.2,1279.56,1215.58
100494,2024-10-04,Clothing,3600.37,1,10,South,Net Banking,3.9,3600.37,3240.33
100495,2024-07-27,Electronics,40470.96,1,0,North,Debit Card,3.0,40470.96,40470.96
100496,2024-09-18,Home & Kitchen,1624.84,1,10,Central,Debit Card,2.1,1624.84,1462.36
100497,2024-08-28,Clothing,1055.71,1,10,South,UPI,3.7,1055.71,950.14
100498,2024-01-05,Clothing,1224.16,1,10,West,UPI,,1224.16,1101.74
100499,2024-01-14,Books,346.38,1,5,East,Credit Card,4.8,346.38,329.06
100500,2024-04-09,Beauty & Personal Care,2359.43,1,0,Central,Debit Card,5.0,2359.43,2359.43
100501,2024-12-28,Grocery,971.55,1,5,Central,Credit Card,3.3,971.55,922.97
100502,2024-07-05,Electronics,40965.33,1,0,Central,UPI,3.8,40965.33,40965.33
100503,2024-09-15,Clothing,2158.98,1,25,Central,Net Banking,4.1,2158.98,1619.24
100504,2024-04-12,Beauty & Personal Care,1630.08,1,15,South,Credit Card,3.7,1630.08,1385.57
100505,2024-08-08,Clothing,1942.44,2,10,South,Credit Card,4.3,3884.88,3496.39
100506,2024-01-06,Clothing,3423.59,1,5,Central,Cash on Delivery,3.8,3423.59,3252.41
100507,2024-01-06,Clothing,445.3,1,0,North,UPI,3.3,445.3,445.3
100508,2024-08-01,Sports & Fitness,2867.21,1,5,East,Debit Card,3.6,2867.21,2723.85
100509,2024-01-03,Grocery,327.14,1,5,East,Cash on Delivery,4.4,327.14,310.78
100510,2024-06-23,Clothing,2138.51,2,15,South,Credit Card,3.3,4277.02,3635.47
100511,2024-01-25,Sports & Fitness,4455.7,1,0,North,Credit Card,3.8,4455.7,4455.7
100512,2024-09-22,Clothing,387.72,2,25,North,Credit Card,3.4,775.44,581.58
100513,2024-03-04,Clothing,432.94,2,0,North,Credit Card,4.4,865.88,865.88
100514,2024-05-23,Electronics,35750.68,1,0,West,Debit Card,4.6,35750.68,35750.68
100515,2024-09-02,Home & Kitchen,2346.87,1,0,West,Debit Card,4.4,2346.87,2346.87
100516,2024-09-09,Clothing,1259.74,1,0,West,Debit Card,4.4,1259.74,1259.74
100517,2024-12-14,Beauty & Personal Care,1155.3,1,0,Central,Net Banking,4.7,1155.3,1155.3
100518,2024-08-15,Beauty & Personal Care,1448.99,1,0,Central,UPI,4.7,1448.99,1448.99
100519,2024-10-11,Electronics,18431.82,1,5,South,Credit Card,4.0,18431.82,17510.23
100520,2024-02-03,Electronics,29405.44,1,20,West,Debit Card,3.8,29405.44,23524.35
100521,2024-11-24,Clothing,2550.55,1,10,North,Credit Card,3.4,2550.55,2295.5
100522,2024-01-05,Electronics,33600.87,1,10,Central,Cash on Delivery,4.2,33600.87,30240.78
100523,2024-03-17,Grocery,276.49,3,25,East,UPI,3.8,829.47,622.1
100524,2024-06-29,Sports & Fitness,2832.42,1,10,North,UPI,4.6,2832.42,2549.18
100525,2024-01-16,Electronics,42147.84,1,15,Central,UPI,4.6,42147.84,35825.66
100526,2024-04-15,Books,213.13,1,25,East,Cash on Delivery,3.6,213.13,159.85
100527,2024-07-13,Clothing,2802.99,1,10,South,UPI,2.9,2802.99,2522.69
100528,2024-10-07,Electronics,30361.66,2,0,North,UPI,3.7,60723.32,60723.32
100529,2024-10-29,Electronics,10076.3,1,15,East,Credit Card,3.0,10076.3,8564.86
100530,2024-03-13,Home & Kitchen,306.72,1,0,West,UPI,5.0,306.72,306.72
100531,2024-03-06,Home & Kitchen,4475.53,1,0,North,Cash on Delivery,5.0,4475.53,4475.53
100532,2024-10-06,Clothing,3251.89,2,0,South,Cash on Delivery,5.0,6503.78,6503.78
100533,2024-11-27,Electronics,53962.09,3,10,Central,Cash on Delivery,4.5,161886.27,145697.64
100534,2024-06-12,Beauty & Personal Care,1515.81,1,15,East,Cash on Delivery,4.8,1515.81,1288.44
100535,2024-05-28,Beauty & Personal Care,1544.63,1,10,North,UPI,2.7,1544.63,1390.17
100536,2024-10-14,Sports & Fitness,7806.15,1,5,Central,Credit Card,4.6,7806.15,7415.84
100537,2024-12-08,Sports & Fitness,6673.8,1,0,East,Debit Card,4.9,6673.8,6673.8
100538,2024-09-07,Sports & Fitness,5433.21,1,15,South,UPI,4.2,5433.21,4618.23
100539,2024-08-06,Clothing,651.37,1,0,East,Net Banking,4.1,651.37,651.37
100540,2024-02-23,Books,1195.13,1,15,South,UPI,4.3,1195.13,1015.86
100541,2024-05-08,Clothing,2788.28,1,0,East,Debit Card,4.7,2788.28,2788.28
100542,2024-12-29,Beauty & Personal Care,2515.01,1,20,East,UPI,4.9,2515.01,2012.01
100543,2024-06-21,Sports & Fitness,4172.73,1,0,Central,Net Banking,3.6,4172.73,4172.73
100544,2024-07-18,Grocery,206.66,1,10,West,UPI,3.6,206.66,185.99
100545,2024-07-29,Sports & Fitness,5862.65,1,0,East,UPI,5.0,5862.65,5862.65
100546,2024-08-17,Beauty & Personal Care,511.71,3,5,West,UPI,4.1,1535.13,1458.37
100547,2024-09-19,Beauty & Personal Care,1245.53,1,10,West,Debit Card,3.8,1245.53,1120.98
100548,2024-03-29,Sports & Fitness,2096.9,3,10,North,UPI,4.0,6290.7,5661.63
100549,2024-05-01,Clothing,3758.5,1,0,West,UPI,4.8,3758.5,3758.5
100550,2024-01-29,Clothing,2171.95,1,10,North,Credit Card,3.7,2171.95,1954.76
100551,2024-08-25,Clothing,1782.61,1,20,East,Credit Card,5.0,1782.61,1426.09
100552,2024-09-02,Beauty & Personal Care,294.4,2,20,North,Cash on Delivery,5.0,588.8,471.04
100553,2024-06-17,Electronics,12917.47,1,0,East,Debit Card,3.9,12917.47,12917.47
100554,2024-01-04,Sports & Fitness,1569.45,1,10,South,Net Banking,3.4,1569.45,1412.5
100555,2024-10-17,Electronics,17584.51,1,5,East,UPI,4.0,17584.51,16705.28
100556,2024-01-16,Home & Kitchen,6985.52,1,10,South,UPI,4.7,6985.52,6286.97
100557,2024-05-11,Electronics,15202.95,1,20,West,Net Banking,4.2,15202.95,12162.36
100558,2024-09-13,Clothing,3954.67,1,5,West,Credit Card,4.0,3954.67,3756.94
100559,2024-03-26,Home & Kitchen,3496.72,3,0,South,UPI,3.6,10490.16,10490.16
100560,2024-09-27,Beauty & Personal Care,206.66,1,0,East,Debit Card,3.8,206.66,206.66
100561,2024-07-04,Home & Kitchen,577.23,2,15,South,Credit Card,3.6,1154.46,981.29
100562,2024-06-20,Grocery,725.87,1,0,East,Cash on Delivery,4.1,725.87,725.87
100563,2024-06-15,Beauty & Personal Care,668.15,1,10,Central,Net Banking,4.4,668.15,601.34
100564,2024-02-22,Home & Kitchen,1968.83,1,0,Central,Credit Card,4.5,1968.83,1968.83
100565,2024-12-04,Sports & Fitness,2474.23,1,5,Central,Cash on Delivery,3.9,2474.23,2350.52
100566,2024-05-01,Electronics,23497.81,1,0,Central,Cash on Delivery,4.5,23497.81,23497.81
100567,2024-01-09,Home & Kitchen,7686.37,1,0,South,Credit Card,5.0,7686.37,7686.37
100568,2024-01-01,Clothing,2480.09,1,5,South,Credit Card,4.5,2480.09,2356.09
100569,2024-07-06,Electronics,24057.43,1,5,East,UPI,4.8,24057.43,22854.56
100570,2024-11-14,Beauty & Personal Care,2321.59,1,5,West,UPI,3.3,2321.59,2205.51
100571,2024-03-08,Electronics,5781.45,2,10,Central,Credit Card,4.5,11562.9,10406.61
100572,2024-10-27,Home & Kitchen,10352.98,1,0,North,UPI,4.8,10352.98,10352.98
100573,2024-05-26,Grocery,398.97,2,15,West,UPI,5.0,797.94,678.25
100574,2024-08-01,Electronics,36263.37,1,10,West,UPI,4.6,36263.37,32637.03
100575,2024-10-15,Sports & Fitness,6864.66,2,0,South,Net Banking,3.7,13729.32,13729.32
100576,2024-10-20,Clothing,3111.59,3,0,East,Debit Card,5.0,9334.77,9334.77
100577,2024-02-15,Electronics,33262.55,1,5,Central,Cash on Delivery,3.7,33262.55,31599.42
100578,2024-03-04,Sports & Fitness,4324.06,1,20,South,UPI,3.3,4324.06,3459.25
100579,2024-08-12,Beauty & Personal Care,617.21,1,0,East,Net Banking,4.0,617.21,617.21
100580,2024-12-05,Beauty & Personal Care,1297.55,1,5,Central,UPI,2.9,1297.55,1232.67
100581,2024-04-21,Electronics,20663.45,1,20,West,UPI,2.8,20663.45,16530.76
100582,2024-10-23,Home & Kitchen,3399.04,1,0,South,Cash on Delivery,4.2,3399.04,3399.04
100583,2024-12-20,Electronics,3983.69,1,5,Central,Credit Card,3.2,3983.69,3784.51
100584,2024-05-05,Home & Kitchen,7147.14,1,15,East,UPI,4.7,7147.14,6075.07
100585,2024-06-30,Books,729.34,1,0,West,Net Banking,3.3,729.34,729.34
100586,2024-02-14,Beauty & Personal Care,1152.27,1,0,South,UPI,2.7,1152.27,1152.27
100587,2024-08-31,Home & Kitchen,313.95,1,10,West,UPI,4.8,313.95,282.56
100588,2024-07-27,Electronics,8189.59,2,5,West,Net Banking,4.5,16379.18,15560.22
100589,2024-04-20,Beauty & Personal Care,2339.59,3,10,North,Net Banking,3.9,7018.77,6316.89
100590,2024-04-08,Books,127.08,1,5,Central,Credit Card,4.4,127.08,120.73
100591,2024-03-13,Sports & Fitness,2150.55,1,0,Central,Cash on Delivery,4.8,2150.55,2150.55
100592,2024-08-10,Beauty & Personal Care,2419.25,1,0,South,Cash on Delivery,3.6,2419.25,2419.25
100593,2024-05-01,Home & Kitchen,1813.18,1,0,South,Credit Card,4.8,1813.18,1813.18
100594,2024-08-01,Clothing,1295.9,1,15,North,Debit Card,3.1,1295.9,1101.52
100595,2024-08-04,Clothing,3131.22,1,10,West,Debit Card,3.8,3131.22,2818.1
100596,2024-04-20,Clothing,3305.85,1,10,East,Net Banking,4.0,3305.85,2975.26
100597,2024-07-09,Grocery,1313.41,1,0,South,Cash on Delivery,3.3,1313.41,1313.41
100598,2024-12-02,Beauty & Personal Care,970.91,1,0,West,Net Banking,5.0,970.91,970.91
100599,2024-06-14,Electronics,20875.31,1,10,East,Net Banking,4.0,20875.31,18787.78
100600,2024-02-28,Sports & Fitness,5924.75,1,0,West,UPI,4.3,5924.75,5924.75
100601,2024-09-02,Clothing,3480.81,2,0,West,Credit Card,4.5,6961.62,6961.62
100602,2024-06-26,Clothing,2437.96,1,5,Central,Cash on Delivery,4.8,2437.96,2316.06
100603,2024-01-03,Beauty & Personal Care,397.69,2,10,Central,Cash on Delivery,3.8,795.38,715.84
100604,2024-04-25,Electronics,19238.34,2,0,East,UPI,3.5,38476.68,38476.68
100605,2024-10-18,Clothing,4021.07,1,15,South,UPI,3.4,4021.07,3417.91
100606,2024-08-09,Books,343.67,1,0,North,Credit Card,3.9,343.67,343.67
100607,2024-03-22,Home & Kitchen,7063.33,1,5,East,Credit Card,4.3,7063.33,6710.16
100608,2024-02-25,Home & Kitchen,3850.25,1,15,Central,Net Banking,3.7,3850.25,3272.71
100609,2024-05-01,Beauty & Personal Care,472.8,1,0,West,UPI,4.7,472.8,472.8
100610,2024-11-20,Clothing,428.51,1,10,North,Debit Card,2.9,428.51,385.66
100611,2024-07-03,Electronics,25591.32,1,0,South,Credit Card,4.3,25591.32,25591.32
100612,2024-04-06,Beauty & Personal Care,873.1,1,0,East,UPI,4.2,873.1,873.1
100613,2024-10-10,Clothing,4301.78,2,0,South,Credit Card,5.0,8603.56,8603.56
100614,2024-04-22,Home & Kitchen,5469.58,1,15,East,Credit Card,3.8,5469.58,4649.14
100615,2024-12-19,Home & Kitchen,11078.14,1,25,South,UPI,4.3,11078.14,8308.6
100616,2024-11-29,Books,641.86,2,0,West,Net Banking,3.7,1283.72,1283.72
100617,2024-11-23,Clothing,1669.24,1,0,East,Debit Card,3.5,1669.24,1669.24
100618,2024-07-30,Sports & Fitness,4529.5,1,15,South,Debit Card,2.7,4529.5,3850.08
100619,2024-09-29,Clothing,2793.86,2,20,East,UPI,4.2,5587.72,4470.18
100620,2024-11-16,Grocery,571.33,2,0,Central,UPI,5.0,1142.66,1142.66
100621,2024-01-26,Home & Kitchen,6201.65,2,20,North,Net Banking,4.1,12403.3,9922.64
100622,2024-04-17,Clothing,1695.1,1,5,East,UPI,4.3,1695.1,1610.34
100623,2024-05-04,Home & Kitchen,6672.61,1,5,North,Credit Card,3.5,6672.61,6338.98
100624,2024-02-14,Electronics,42860.61,1,0,East,Debit Card,4.2,42860.61,42860.61
100625,2024-02-05,Electronics,18561.47,2,0,South,Credit Card,4.1,37122.94,37122.94
100626,2024-11-29,Home & Kitchen,8666.23,1,10,North,Cash on Delivery,4.2,8666.23,7799.61
100627,2024-05-30,Sports & Fitness,5025.27,1,20,North,Debit Card,4.8,5025.27,4020.22
100628,2024-04-12,Beauty & Personal Care,2088.3,1,10,West,Credit Card,3.1,2088.3,1879.47
100629,2024-03-14,Grocery,1003.76,1,20,North,UPI,4.7,1003.76,803.01
100630,2024-11-15,Home & Kitchen,9026.25,1,0,Central,Debit Card,4.8,9026.25,9026.25
100631,2024-08-02,Clothing,567.42,1,15,North,UPI,3.7,567.42,482.31
100632,2024-12-09,Electronics,20246.81,1,20,South,Debit Card,3.1,20246.81,16197.45
100633,2024-11-13,Sports & Fitness,3247.86,1,10,South,UPI,4.8,3247.86,2923.07
100634,2024-05-31,Electronics,39632.7,1,0,Central,Debit Card,4.2,39632.7,39632.7
100635,2024-03-13,Books,226.4,1,5,East,Credit Card,4.1,226.4,215.08
100636,2024-09-03,Sports & Fitness,5547.56,1,0,West,UPI,2.7,5547.56,5547.56
100637,2024-06-29,Electronics,41399.1,1,0,West,Net Banking,3.5,41399.1,41399.1
100638,2024-02-24,Sports & Fitness,5920.3,1,10,West,Net Banking,2.8,5920.3,5328.27
100639,2024-07-07,Sports & Fitness,2897.35,1,0,South,UPI,5.0,2897.35,2897.35
100640,2024-05-27,Electronics,34097.57,1,0,North,UPI,3.6,34097.57,34097.57
100641,2024-10-27,Clothing,969.73,1,5,South,Debit Card,4.8,969.73,921.24
100642,2024-02-13,Home & Kitchen,5022.67,1,10,Central,Credit Card,4.1,5022.67,4520.4
100643,2024-03-06,Electronics,17071.31,1,5,West,UPI,5.0,17071.31,16217.74
100644,2024-04-09,Clothing,1444.83,2,5,Central,Net Banking,4.0,2889.66,2745.18
100645,2024-10-04,Electronics,53384.31,1,0,East,Debit Card,4.5,53384.31,53384.31
100646,2024-01-11,Clothing,3362.4,1,15,North,UPI,4.4,3362.4,2858.04
100647,2024-04-02,Clothing,2216.89,1,15,South,UPI,4.5,2216.89,1884.36
100648,2024-01-14,Beauty & Personal Care,603.25,1,5,South,UPI,4.0,603.25,573.09
100649,2024-05-24,Sports & Fitness,4944.8,1,0,South,Credit Card,5.0,4944.8,4944.8
100650,2024-05-11,Beauty & Personal Care,441.65,1,10,Central,UPI,3.1,441.65,397.48
100651,2024-05-19,Home & Kitchen,4323.52,1,5,South,Net Banking,4.7,4323.52,4107.34
100652,2024-12-27,Home & Kitchen,7468.72,1,0,Central,Credit Card,3.6,7468.72,7468.72
100653,2024-06-15,Books,526.62,1,10,Central,UPI,4.5,526.62,473.96
100654,2024-05-24,Beauty & Personal Care,298.3,1,10,Central,UPI,3.9,298.3,268.47
100655,2024-12-06,Clothing,2790.24,1,15,West,Credit Card,3.8,2790.24,2371.7
100656,2024-10-09,Clothing,4708.92,1,25,North,Credit Card,4.5,4708.92,3531.69
100657,2024-08-13,Clothing,1872.33,1,10,North,Net Banking,3.7,1872.33,1685.1
100658,2024-08-13,Beauty & Personal Care,2172.88,1,10,Central,Net Banking,3.0,2172.88,1955.59
100659,2024-11-04,Electronics,48785.69,3,25,West,UPI,4.2,146357.07,109767.8
100660,2024-02-11,Beauty & Personal Care,1220.78,1,15,North,Credit Card,2.8,1220.78,1037.66
100661,2024-02-03,Electronics,22625.09,2,10,Central,Debit Card,4.2,45250.18,40725.16
100662,2024-07-04,Home & Kitchen,976.72,1,25,Central,Net Banking,3.0,976.72,732.54
100663,2024-09-14,Electronics,18642.92,2,0,West,Net Banking,4.2,37285.84,37285.84
100664,2024-11-25,Beauty & Personal Care,1103.4,1,15,West,UPI,3.2,1103.4,937.89
100665,2024-09-11,Beauty & Personal Care,513.92,1,0,West,UPI,4.0,513.92,513.92
100666,2024-08-24,Electronics,44332.47,1,0,Central,Cash on Delivery,3.9,44332.47,44332.47
100667,2024-04-13,Home & Kitchen,363.87,1,5,Central,Debit Card,4.1,363.87,345.68
100668,2024-11-20,Books,737.48,2,0,South,UPI,3.7,1474.96,1474.96
100669,2024-04-15,Home & Kitchen,6541.89,1,5,Central,Debit Card,4.8,6541.89,6214.8
100670,2024-09-12,Grocery,97.05,1,0,Central,Debit Card,4.6,97.05,97.05
100671,2024-11-02,Electronics,60232.33,2,0,West,Cash on Delivery,4.9,120464.66,120464.66
100672,2024-01-09,Books,298.72,2,0,South,UPI,3.8,597.44,597.44
100673,2024-09-16,Home & Kitchen,1240.09,1,0,West,Credit Card,3.5,1240.09,1240.09
100674,2024-12-17,Clothing,2491.91,1,10,South,UPI,3.1,2491.91,2242.72
100675,2024-03-30,Beauty & Personal Care,1712.14,1,10,North,UPI,4.2,1712.14,1540.93
100676,2024-08-19,Beauty & Personal Care,240.24,1,25,East,UPI,4.1,240.24,180.18
100677,2024-08-03,Home & Kitchen,3005.81,1,10,East,Debit Card,2.4,3005.81,2705.23
100678,2024-07-13,Beauty & Personal Care,345.57,2,5,North,Credit Card,3.7,691.14,656.58
100679,2024-11-07,Sports & Fitness,7412.27,1,0,West,Credit Card,4.1,7412.27,7412.27
100680,2024-05-24,Home & Kitchen,6891.29,1,0,West,Debit Card,4.4,6891.29,6891.29
100681,2024-11-03,Grocery,478.85,1,0,East,Cash on Delivery,3.2,478.85,478.85
100682,2024-01-10,Beauty & Personal Care,2461.72,1,0,West,Cash on Delivery,4.1,2461.72,2461.72
100683,2024-03-18,Electronics,3212.24,1,15,North,Credit Card,4.6,3212.24,2730.4
100684,2024-06-19,Electronics,35582.32,1,15,North,UPI,4.0,35582.32,30244.97
100685,2024-02-12,Home & Kitchen,3920.47,1,20,North,Net Banking,4.6,3920.47,3136.38
100686,2024-03-20,Grocery,787.99,1,0,West,Credit Card,,787.99,787.99
100687,2024-10-03,Home & Kitchen,3365.45,1,5,North,UPI,3.8,3365.45,3197.18
100688,2024-02-09,Electronics,20620.99,1,0,West,Credit Card,4.9,20620.99,20620.99
100689,2024-12-19,Clothing,5426.77,2,0,Central,Debit Card,4.5,10853.54,10853.54
100690,2024-10-01,Grocery,255.39,1,25,West,Net Banking,5.0,255.39,191.54
100691,2024-10-09,Clothing,2750.71,1,10,South,Debit Card,5.0,2750.71,2475.64
100692,2024-02-05,Electronics,3923.25,1,0,West,UPI,5.0,3923.25,3923.25
100693,2024-07-14,Home & Kitchen,5620.77,1,25,West,Credit Card,4.3,5620.77,4215.58
100694,2024-10-05,Clothing,2217.25,1,15,West,Net Banking,4.3,2217.25,1884.66
100695,2024-08-01,Sports & Fitness,2292.7,1,0,Central,UPI,4.2,2292.7,2292.7
100696,2024-05-25,Books,187.57,1,10,North,UPI,5.0,187.57,168.81
100697,2024-03-12,Beauty & Personal Care,1837.33,1,0,East,Debit Card,3.8,1837.33,1837.33
100698,2024-09-11,Beauty & Personal Care,1443.33,1,10,West,Debit Card,4.5,1443.33,1299.0
100699,2024-07-22,Electronics,9026.54,1,0,Central,Credit Card,4.0,9026.54,9026.54
100700,2024-01-01,Sports & Fitness,668.32,2,10,South,Debit Card,3.7,1336.64,1202.98
100701,2024-12-24,Clothing,2723.61,1,25,West,Debit Card,4.0,2723.61,2042.71
100702,2024-06-10,Electronics,27432.21,1,0,West,UPI,2.4,27432.21,27432.21
100703,2024-11-21,Books,848.91,1,0,South,Credit Card,4.1,848.91,848.91
100704,2024-05-24,Beauty & Personal Care,1430.28,1,0,North,Credit Card,3.6,1430.28,1430.28
100705,2024-07-29,Clothing,2904.92,1,5,West,Net Banking,3.1,2904.92,2759.67
100706,2024-12-22,Electronics,21399.46,1,5,Central,Net Banking,2.6,21399.46,20329.49
100707,2024-11-29,Electronics,41349.14,1,0,North,UPI,4.1,41349.14,41349.14
100708,2024-11-03,Electronics,54853.58,1,0,East,Debit Card,4.0,54853.58,54853.58
100709,2024-08-03,Books,1036.97,1,0,Central,UPI,4.4,1036.97,1036.97
100710,2024-06-21,Electronics,12840.83,1,10,Central,UPI,5.0,12840.83,11556.75
100711,2024-12-27,Beauty & Personal Care,1672.82,1,5,Central,Debit Card,4.1,1672.82,1589.18
100712,2024-08-13,Clothing,2016.75,1,20,East,Credit Card,3.2,2016.75,1613.4
100713,2024-03-31,Beauty & Personal Care,859.23,2,10,West,Credit Card,5.0,1718.46,1546.61
100714,2024-10-15,Home & Kitchen,6053.48,1,10,Central,Net Banking,4.1,6053.48,5448.13
100715,2024-08-30,Clothing,2318.08,1,10,South,Credit Card,4.2,2318.08,2086.27
100716,2024-04-07,Books,681.01,1,0,West,Net Banking,3.5,681.01,681.01
100717,2024-10-27,Sports & Fitness,5601.94,1,10,South,Credit Card,3.8,5601.94,5041.75
100718,2024-02-07,Clothing,3338.23,3,5,East,UPI,3.7,10014.69,9513.96
100719,2024-12-14,Books,402.73,1,5,Central,Cash on Delivery,4.6,402.73,382.59
100720,2024-08-10,Clothing,380.09,1,10,East,UPI,4.5,380.09,342.08
100721,2024-04-08,Home & Kitchen,2189.73,1,15,West,Credit Card,4.9,2189.73,1861.27
100722,2024-03-09,Books,609.98,1,20,South,Debit Card,3.8,609.98,487.98
100723,2024-03-25,Electronics,43806.72,1,5,South,UPI,5.0,43806.72,41616.38
100724,2024-08-23,Electronics,16422.75,1,0,Central,Credit Card,4.8,16422.75,16422.75
100725,2024-02-16,Books,593.94,1,0,East,Net Banking,3.8,593.94,593.94
100726,2024-06-22,Grocery,560.3,1,10,Central,Credit Card,3.0,560.3,504.27
100727,2024-12-06,Sports & Fitness,942.33,2,5,North,UPI,5.0,1884.66,1790.43
100728,2024-10-11,Sports & Fitness,7377.79,1,5,North,Net Banking,4.6,7377.79,7008.9
100729,2024-12-01,Home & Kitchen,1475.64,1,25,North,Debit Card,3.0,1475.64,1106.73
100730,2024-03-30,Home & Kitchen,2231.14,2,10,Central,UPI,4.6,4462.28,4016.05
100731,2024-05-14,Beauty & Personal Care,816.93,1,0,North,Net Banking,4.2,816.93,816.93
100732,2024-06-01,Electronics,36859.02,1,10,South,Credit Card,4.4,36859.02,33173.12
100733,2024-03-22,Sports & Fitness,714.8,1,15,West,UPI,4.2,714.8,607.58
100734,2024-04-25,Grocery,354.38,1,15,West,Credit Card,4.0,354.38,301.22
100735,2024-11-28,Electronics,10884.22,1,5,East,UPI,3.7,10884.22,10340.01
100736,2024-09-05,Clothing,3380.97,1,20,Central,Debit Card,3.8,3380.97,2704.78
100737,2024-03-15,Clothing,1390.82,1,10,East,Debit Card,4.5,1390.82,1251.74
100738,2024-06-09,Electronics,30060.48,2,0,West,UPI,3.9,60120.96,60120.96
100739,2024-04-26,Grocery,1031.39,1,0,West,Credit Card,4.0,1031.39,1031.39
100740,2024-03-05,Electronics,19921.47,1,10,Central,Credit Card,3.5,19921.47,17929.32
100741,2024-06-12,Electronics,11802.95,1,0,South,UPI,4.9,11802.95,11802.95
100742,2024-04-12,Electronics,5970.42,1,5,West,UPI,4.9,5970.42,5671.9
100743,2024-03-13,Home & Kitchen,2865.64,1,0,East,UPI,3.8,2865.64,2865.64
100744,2024-01-02,Electronics,35460.42,2,5,West,UPI,3.9,70920.84,67374.8
100745,2024-09-26,Home & Kitchen,2620.89,1,20,South,Cash on Delivery,3.8,2620.89,2096.71
100746,2024-05-25,Clothing,3675.17,1,10,South,Credit Card,5.0,3675.17,3307.65
100747,2024-12-14,Clothing,2791.11,1,20,East,UPI,5.0,2791.11,2232.89
100748,2024-11-15,Electronics,37397.44,2,0,North,Net Banking,3.0,74794.88,74794.88
100749,2024-07-14,Clothing,2811.88,1,0,South,Net Banking,3.7,2811.88,2811.88
100750,2024-07-22,Sports & Fitness,1541.03,1,0,South,Cash on Delivery,3.9,1541.03,1541.03
100751,2024-03-08,Clothing,916.19,3,15,North,Credit Card,4.4,2748.57,2336.28
100752,2024-01-31,Beauty & Personal Care,2332.59,1,15,South,Credit Card,3.5,2332.59,1982.7
100753,2024-11-25,Sports & Fitness,1923.88,1,10,East,Cash on Delivery,5.0,1923.88,1731.49
100754,2024-02-22,Clothing,1744.09,2,15,West,UPI,4.0,3488.18,2964.95
100755,2024-12-24,Books,377.8,1,0,West,Net Banking,3.6,377.8,377.8
100756,2024-09-11,Electronics,28556.16,2,25,East,Net Banking,3.6,57112.32,42834.24
100757,2024-10-07,Beauty & Personal Care,1339.71,1,10,East,Credit Card,3.3,1339.71,1205.74
100758,2024-06-18,Sports & Fitness,4579.95,1,20,North,Credit Card,5.0,4579.95,3663.96
100759,2024-10-05,Clothing,1341.44,1,5,Central,Net Banking,3.0,1341.44,1274.37
100760,2024-09-25,Electronics,25043.86,1,10,Central,UPI,3.7,25043.86,22539.47
100761,2024-05-23,Beauty & Personal Care,1342.37,1,0,South,Cash on Delivery,3.9,1342.37,1342.37
100762,2024-08-03,Beauty & Personal Care,1840.36,1,0,Central,Credit Card,5.0,1840.36,1840.36
100763,2024-05-29,Home & Kitchen,3997.26,2,10,East,Credit Card,3.5,7994.52,7195.07
100764,2024-05-20,Home & Kitchen,1616.73,1,0,West,Debit Card,3.9,1616.73,1616.73
100765,2024-09-25,Grocery,1402.27,1,5,South,Cash on Delivery,3.2,1402.27,1332.16
100766,2024-11-18,Home & Kitchen,3626.35,3,25,North,UPI,4.8,10879.05,8159.29
100767,2024-05-08,Beauty & Personal Care,1594.07,2,0,South,Credit Card,3.1,3188.14,3188.14
100768,2024-12-21,Grocery,1695.09,2,10,West,Credit Card,3.8,3390.18,3051.16
100769,2024-10-25,Clothing,956.84,1,0,South,UPI,3.9,956.84,956.84
100770,2024-07-13,Beauty & Personal Care,1893.75,1,0,South,Net Banking,4.3,1893.75,1893.75
100771,2024-10-20,Sports & Fitness,6917.73,1,20,West,UPI,4.4,6917.73,5534.18
100772,2024-09-04,Home & Kitchen,7752.03,1,20,Central,Credit Card,4.5,7752.03,6201.62
100773,2024-08-03,Grocery,446.64,1,25,West,Credit Card,4.6,446.64,334.98
100774,2024-12-24,Beauty & Personal Care,1334.11,2,20,West,UPI,4.2,2668.22,2134.58
100775,2024-02-07,Beauty & Personal Care,445.12,1,0,North,Credit Card,3.4,445.12,445.12
100776,2024-01-13,Electronics,27938.36,1,10,Central,UPI,4.4,27938.36,25144.52
100777,2024-12-24,Clothing,4583.13,2,25,Central,Debit Card,3.7,9166.26,6874.7
100778,2024-07-30,Home & Kitchen,897.89,1,15,North,Credit Card,4.4,897.89,763.21
100779,2024-09-10,Clothing,3536.63,1,10,South,UPI,4.9,3536.63,3182.97
100780,2024-10-18,Electronics,18796.59,1,15,South,Credit Card,3.7,18796.59,15977.1
100781,2024-09-19,Clothing,464.68,1,5,South,UPI,3.8,464.68,441.45
100782,2024-10-15,Sports & Fitness,7899.52,1,25,Central,Debit Card,4.3,7899.52,5924.64
100783,2024-10-01,Sports & Fitness,3233.18,2,0,North,Net Banking,2.9,6466.36,6466.36
100784,2024-07-07,Sports & Fitness,5539.53,2,10,South,Debit Card,3.4,11079.06,9971.15
100785,2024-07-14,Grocery,1171.09,1,15,Central,UPI,4.4,1171.09,995.43
100786,2024-01-12,Clothing,2787.74,1,0,North,UPI,2.7,2787.74,2787.74
100787,2024-10-09,Sports & Fitness,2174.95,1,0,East,UPI,4.8,2174.95,2174.95
100788,2024-04-10,Electronics,33776.8,1,15,South,Net Banking,3.4,33776.8,28710.28
100789,2024-10-28,Sports & Fitness,3922.45,1,0,North,UPI,3.8,3922.45,3922.45
100790,2024-01-24,Grocery,1465.91,1,20,South,Credit Card,3.9,1465.91,1172.73
100791,2024-02-06,Beauty & Personal Care,1698.42,3,0,South,UPI,3.9,5095.26,5095.26
100792,2024-08-22,Grocery,1213.3,1,5,East,Credit Card,4.0,1213.3,1152.64
100793,2024-04-10,Electronics,39786.73,1,0,West,Credit Card,4.6,39786.73,39786.73
100794,2024-10-05,Books,960.58,1,25,Central,Credit Card,4.0,960.58,720.44
100795,2024-09-30,Electronics,23783.33,1,10,East,Credit Card,3.4,23783.33,21405.0
100796,2024-03-18,Home & Kitchen,5503.78,1,10,East,UPI,4.5,5503.78,4953.4
100797,2024-05-28,Electronics,14601.14,1,5,West,Credit Card,3.1,14601.14,13871.08
100798,2024-04-10,Beauty & Personal Care,861.16,1,0,North,Net Banking,3.9,861.16,861.16
100799,2024-08-13,Books,111.01,2,10,South,Debit Card,3.2,222.02,199.82
100800,2024-05-14,Electronics,18443.95,1,0,East,Credit Card,4.4,18443.95,18443.95
100801,2024-10-09,Electronics,44573.59,1,15,East,UPI,4.1,44573.59,37887.55
100802,2024-08-21,Electronics,42731.76,1,0,South,Net Banking,4.8,42731.76,42731.76
100803,2024-05-15,Home & Kitchen,1161.88,1,5,Central,Credit Card,4.2,1161.88,1103.79
100804,2024-03-03,Clothing,860.22,1,10,West,Net Banking,2.9,860.22,774.2
100805,2024-12-24,Electronics,40357.78,1,25,South,Debit Card,1.5,40357.78,30268.34
100806,2024-07-15,Home & Kitchen,1561.09,1,15,West,UPI,5.0,1561.09,1326.93
100807,2024-11-18,Clothing,3869.0,1,0,East,UPI,4.5,3869.0,3869.0
100808,2024-10-30,Electronics,2742.59,1,10,East,Credit Card,5.0,2742.59,2468.33
100809,2024-07-09,Clothing,437.72,2,10,North,Net Banking,5.0,875.44,787.9
100810,2024-12-22,Grocery,1780.35,1,25,East,Debit Card,2.2,1780.35,1335.26
100811,2024-08-08,Grocery,1022.75,1,5,South,UPI,3.2,1022.75,971.61
100812,2024-12-18,Books,440.21,2,10,East,Credit Card,4.7,880.42,792.38
100813,2024-10-15,Home & Kitchen,1826.46,1,5,South,Debit Card,3.9,1826.46,1735.14
100814,2024-07-17,Beauty & Personal Care,2482.67,1,0,South,Debit Card,3.4,2482.67,2482.67
100815,2024-05-18,Beauty & Personal Care,201.0,1,0,Central,Debit Card,4.4,201.0,201.0
100816,2024-08-23,Books,1077.51,1,10,Central,Credit Card,2.5,1077.51,969.76
100817,2024-04-22,Sports & Fitness,3632.25,1,0,East,UPI,2.6,3632.25,3632.25
100818,2024-10-28,Home & Kitchen,7581.89,1,10,South,Credit Card,4.6,7581.89,6823.7
100819,2024-06-25,Grocery,610.23,1,5,North,Credit Card,2.8,610.23,579.72
100820,2024-10-17,Beauty & Personal Care,2351.7,2,5,Central,Cash on Delivery,3.9,4703.4,4468.23
100821,2024-08-12,Clothing,3997.54,1,0,East,UPI,2.6,3997.54,3997.54
100822,2024-11-28,Beauty & Personal Care,423.52,1,0,Central,UPI,5.0,423.52,423.52
100823,2024-04-23,Beauty & Personal Care,988.41,1,5,West,Cash on Delivery,3.2,988.41,938.99
100824,2024-08-11,Books,330.28,1,10,Central,Cash on Delivery,4.4,330.28,297.25
100825,2024-12-28,Electronics,12676.6,1,10,East,Cash on Delivery,4.6,12676.6,11408.94
100826,2024-03-26,Electronics,19494.45,1,10,South,Debit Card,3.7,19494.45,17545.0
100827,2024-08-25,Home & Kitchen,2770.34,1,15,North,UPI,4.4,2770.34,2354.79
100828,2024-01-16,Electronics,40154.07,1,0,Central,Debit Card,5.0,40154.07,40154.07
100829,2024-04-09,Electronics,16822.05,2,5,North,Debit Card,4.3,33644.1,31961.89
100830,2024-04-12,Sports & Fitness,3228.65,3,5,East,Debit Card,4.4,9685.95,9201.65
100831,2024-06-30,Electronics,33260.66,1,15,South,Credit Card,3.5,33260.66,28271.56
100832,2024-04-30,Home & Kitchen,6242.29,1,10,North,Cash on Delivery,4.7,6242.29,5618.06
100833,2024-08-08,Home & Kitchen,2297.12,1,10,East,Credit Card,3.3,2297.12,2067.41
100834,2024-05-02,Home & Kitchen,6760.55,3,5,North,UPI,5.0,20281.65,19267.57
100835,2024-07-30,Clothing,1281.35,1,20,South,UPI,4.7,1281.35,1025.08
100836,2024-08-06,Electronics,42130.44,1,10,South,Debit Card,4.4,42130.44,37917.4
100837,2024-11-21,Grocery,1519.33,2,5,West,Credit Card,3.8,3038.66,2886.73
100838,2024-11-15,Electronics,13965.79,1,25,East,Debit Card,5.0,13965.79,10474.34
100839,2024-06-25,Clothing,543.45,1,0,North,Cash on Delivery,3.9,543.45,543.45
100840,2024-01-25,Electronics,24307.7,3,10,South,Net Banking,3.4,72923.1,65630.79
100841,2024-11-24,Electronics,51284.42,1,20,East,UPI,4.4,51284.42,41027.54
100842,2024-06-07,Books,793.61,1,0,North,Credit Card,4.4,793.61,793.61
100843,2024-12-24,Beauty & Personal Care,1761.89,2,10,Central,Cash on Delivery,4.8,3523.78,3171.4
100844,2024-10-23,Books,1566.34,1,0,East,UPI,3.8,1566.34,1566.34
100845,2024-06-05,Electronics,32583.46,1,25,North,Cash on Delivery,4.1,32583.46,24437.6
100846,2024-06-01,Beauty & Personal Care,1729.14,1,10,East,Debit Card,2.9,1729.14,1556.23
100847,2024-11-28,Home & Kitchen,3497.07,1,0,East,UPI,4.3,3497.07,3497.07
100848,2024-06-01,Clothing,2802.95,1,15,Central,UPI,4.8,2802.95,2382.51
100849,2024-03-29,Sports & Fitness,3478.68,1,0,North,Credit Card,,3478.68,3478.68
100850,2024-12-05,Clothing,5214.52,1,10,South,UPI,4.3,5214.52,4693.07
100851,2024-05-03,Home & Kitchen,3613.64,1,10,Central,Credit Card,3.9,3613.64,3252.28
100852,2024-05-31,Beauty & Personal Care,1598.17,1,5,West,Credit Card,5.0,1598.17,1518.26
100853,2024-10-22,Home & Kitchen,6792.62,1,15,North,UPI,4.6,6792.62,5773.73
100854,2024-12-21,Grocery,695.95,2,15,Central,Credit Card,3.7,1391.9,1183.12
100855,2024-11-16,Electronics,46465.28,1,5,South,Credit Card,4.3,46465.28,44142.02
100856,2024-09-02,Sports & Fitness,4696.16,3,0,East,Debit Card,2.8,14088.48,14088.48
100857,2024-02-08,Home & Kitchen,6578.75,1,20,North,UPI,4.6,6578.75,5263.0
100858,2024-11-06,Clothing,2528.66,1,0,East,UPI,3.9,2528.66,2528.66
100859,2024-11-18,Electronics,32399.54,1,10,North,Net Banking,3.4,32399.54,29159.59
100860,2024-12-25,Beauty & Personal Care,1924.66,1,0,Central,Debit Card,3.7,1924.66,1924.66
100861,2024-10-16,Clothing,4607.29,1,15,Central,UPI,4.9,4607.29,3916.2
100862,2024-03-22,Sports & Fitness,1963.21,1,20,East,Credit Card,3.5,1963.21,1570.57
100863,2024-12-16,Home & Kitchen,6913.59,1,20,South,UPI,3.3,6913.59,5530.87
100864,2024-06-11,Clothing,2868.29,1,5,West,UPI,4.6,2868.29,2724.88
100865,2024-05-17,Sports & Fitness,1619.57,1,15,South,UPI,3.2,1619.57,1376.63
100866,2024-05-01,Clothing,1426.74,1,0,East,Debit Card,5.0,1426.74,1426.74
100867,2024-10-16,Books,1369.67,1,0,West,Cash on Delivery,4.0,1369.67,1369.67
100868,2024-05-29,Electronics,7174.64,1,0,Central,UPI,3.9,7174.64,7174.64
100869,2024-02-06,Books,920.31,1,10,Central,UPI,4.0,920.31,828.28
100870,2024-07-06,Clothing,3753.78,1,0,West,UPI,4.9,3753.78,3753.78
100871,2024-09-09,Clothing,3772.26,1,0,West,UPI,4.4,3772.26,3772.26
100872,2024-02-11,Beauty & Personal Care,324.08,3,5,North,Credit Card,4.6,972.24,923.63
100873,2024-11-15,Clothing,867.85,1,5,North,Credit Card,4.1,867.85,824.46
100874,2024-10-31,Beauty & Personal Care,2190.01,1,25,Central,UPI,4.7,2190.01,1642.51
100875,2024-06-12,Clothing,3560.8,1,0,West,Net Banking,4.2,3560.8,3560.8
100876,2024-11-02,Clothing,4236.6,1,25,South,Credit Card,3.7,4236.6,3177.45
100877,2024-09-13,Home & Kitchen,4124.44,1,10,South,UPI,2.7,4124.44,3712.0
100878,2024-09-22,Clothing,1774.37,1,5,North,Credit Card,5.0,1774.37,1685.65
100879,2024-01-23,Clothing,662.76,1,0,East,UPI,4.5,662.76,662.76
100880,2024-11-15,Sports & Fitness,6357.48,1,0,East,Credit Card,2.6,6357.48,6357.48
100881,2024-07-16,Electronics,2057.74,1,5,Central,Credit Card,4.6,2057.74,1954.85
100882,2024-09-21,Sports & Fitness,4880.85,2,15,South,Net Banking,4.1,9761.7,8297.44
100883,2024-07-12,Home & Kitchen,1170.59,3,0,South,Credit Card,4.7,3511.77,3511.77
100884,2024-02-15,Clothing,1744.07,1,10,East,Cash on Delivery,4.1,1744.07,1569.66
100885,2024-10-03,Beauty & Personal Care,2576.17,1,5,East,Net Banking,4.2,2576.17,2447.36
100886,2024-11-21,Electronics,15909.6,2,20,Central,UPI,2.7,31819.2,25455.36
100887,2024-11-21,Clothing,3672.83,1,20,South,Credit Card,4.2,3672.83,2938.26
100888,2024-06-17,Electronics,32608.45,1,0,North,Cash on Delivery,4.3,32608.45,32608.45
100889,2024-06-17,Electronics,28470.06,1,15,North,UPI,4.1,28470.06,24199.55
100890,2024-06-04,Electronics,1925.4,1,5,South,Credit Card,3.2,1925.4,1829.13
100891,2024-09-26,Electronics,17082.53,1,5,Central,UPI,5.0,17082.53,16228.4
100892,2024-09-26,Home & Kitchen,7190.64,2,0,South,Debit Card,4.0,14381.28,14381.28
100893,2024-09-09,Electronics,3143.63,1,0,North,Credit Card,3.8,3143.63,3143.63
100894,2024-12-15,Clothing,5485.28,1,0,East,UPI,5.0,5485.28,5485.28
100895,2024-01-04,Books,776.88,1,20,East,Credit Card,5.0,776.88,621.5
100896,2024-07-23,Beauty & Personal Care,1048.26,1,10,South,Debit Card,4.9,1048.26,943.43
100897,2024-11-28,Home & Kitchen,2015.46,1,5,Central,Debit Card,4.1,2015.46,1914.69
100898,2024-07-23,Sports & Fitness,5256.05,1,0,North,UPI,5.0,5256.05,5256.05
100899,2024-06-06,Electronics,32423.9,3,15,North,UPI,4.0,97271.7,82680.94
100900,2024-09-24,Books,805.39,1,0,East,UPI,4.1,805.39,805.39
100901,2024-09-02,Clothing,3828.7,1,0,North,Net Banking,3.4,3828.7,3828.7
100902,2024-08-21,Beauty & Personal Care,292.61,1,5,East,Credit Card,4.0,292.61,277.98
100903,2024-07-08,Sports & Fitness,4718.96,1,0,West,UPI,3.2,4718.96,4718.96
100904,2024-11-08,Clothing,2644.54,1,0,Central,Cash on Delivery,3.3,2644.54,2644.54
100905,2024-09-27,Clothing,2867.34,1,20,North,Debit Card,4.7,2867.34,2293.87
100906,2024-11-16,Electronics,13474.45,2,15,North,Debit Card,4.5,26948.9,22906.56
100907,2024-09-27,Home & Kitchen,201.88,1,0,East,Credit Card,4.4,201.88,201.88
100908,2024-01-23,Home & Kitchen,6952.03,1,0,East,Net Banking,3.3,6952.03,6952.03
100909,2024-07-27,Home & Kitchen,6570.99,2,15,Central,Credit Card,4.6,13141.98,11170.68
100910,2024-05-31,Electronics,30501.84,1,10,North,Debit Card,5.0,30501.84,27451.66
100911,2024-05-19,Books,1196.49,1,15,North,Net Banking,5.0,1196.49,1017.02
100912,2024-05-05,Grocery,163.57,1,15,North,Credit Card,3.3,163.57,139.03
100913,2024-11-23,Sports & Fitness,2933.01,1,0,South,Net Banking,5.0,2933.01,2933.01
100914,2024-12-11,Books,1592.7,1,10,Central,Credit Card,2.9,1592.7,1433.43
100915,2024-07-01,Clothing,1735.97,1,20,North,Credit Card,4.6,1735.97,1388.78
100916,2024-11-19,Home & Kitchen,7240.46,1,10,West,Debit Card,3.7,7240.46,6516.41
100917,2024-07-12,Beauty & Personal Care,193.14,1,10,South,Credit Card,3.6,193.14,173.83
100918,2024-05-17,Beauty & Personal Care,2113.59,1,0,North,Cash on Delivery,4.4,2113.59,2113.59
100919,2024-07-22,Electronics,43217.55,1,0,South,UPI,4.4,43217.55,43217.55
100920,2024-06-04,Sports & Fitness,5542.4,1,0,West,Net Banking,4.1,5542.4,5542.4
100921,2024-11-27,Sports & Fitness,1076.11,1,10,Central,Credit Card,4.8,1076.11,968.5
100922,2024-08-05,Home & Kitchen,749.59,1,0,East,UPI,4.2,749.59,749.59
100923,2024-08-29,Home & Kitchen,5436.17,1,5,South,Cash on Delivery,4.7,5436.17,5164.36
100924,2024-10-17,Electronics,49277.58,1,20,East,UPI,4.6,49277.58,39422.06
100925,2024-04-05,Electronics,20772.24,1,15,North,Credit Card,4.7,20772.24,17656.4
100926,2024-03-19,Sports & Fitness,3302.61,1,0,Central,UPI,3.7,3302.61,3302.61
100927,2024-01-26,Books,649.52,1,10,Central,Net Banking,2.9,649.52,584.57
100928,2024-12-09,Books,1399.49,1,15,South,Credit Card,3.9,1399.49,1189.57
100929,2024-01-26,Grocery,996.27,1,5,Central,Credit Card,5.0,996.27,946.46
100930,2024-12-14,Home & Kitchen,5499.76,1,0,North,UPI,3.8,5499.76,5499.76
100931,2024-10-08,Books,314.1,1,15,East,UPI,4.4,314.1,266.98
100932,2024-01-08,Clothing,3016.95,1,20,North,Cash on Delivery,3.8,3016.95,2413.56
100933,2024-10-12,Home & Kitchen,5069.64,1,5,South,Credit Card,4.1,5069.64,4816.16
100934,2024-02-07,Sports & Fitness,979.67,1,0,East,UPI,2.9,979.67,979.67
100935,2024-03-19,Clothing,786.79,1,20,Central,Net Banking,4.0,786.79,629.43
100936,2024-12-14,Sports & Fitness,2791.95,2,5,North,UPI,4.1,5583.9,5304.7
100937,2024-09-26,Beauty & Personal Care,1170.01,2,20,West,UPI,4.7,2340.02,1872.02
100938,2024-10-08,Electronics,21737.19,1,15,East,Debit Card,4.4,21737.19,18476.61
100939,2024-03-02,Clothing,3933.9,3,20,North,Credit Card,4.5,11801.7,9441.36
100940,2024-07-23,Clothing,3056.0,1,0,West,UPI,3.4,3056.0,3056.0
100941,2024-11-20,Electronics,9607.99,1,0,South,Net Banking,3.7,9607.99,9607.99
100942,2024-09-13,Grocery,1005.6,1,0,West,UPI,3.9,1005.6,1005.6
100943,2024-10-23,Home & Kitchen,6230.11,1,20,North,Debit Card,4.1,6230.11,4984.09
100944,2024-10-07,Beauty & Personal Care,2143.48,2,10,East,Debit Card,4.5,4286.96,3858.26
100945,2024-01-02,Sports & Fitness,3930.34,1,5,North,Credit Card,4.8,3930.34,3733.82
100946,2024-06-26,Electronics,20720.43,1,0,West,Credit Card,3.6,20720.43,20720.43
100947,2024-05-04,Grocery,929.9,1,0,North,Credit Card,3.0,929.9,929.9
100948,2024-03-01,Electronics,36883.2,1,10,East,Credit Card,5.0,36883.2,33194.88
100949,2024-02-01,Home & Kitchen,1669.4,1,0,Central,Credit Card,4.4,1669.4,1669.4
100950,2024-04-21,Home & Kitchen,6671.63,1,5,East,Credit Card,5.0,6671.63,6338.05
100951,2024-12-26,Beauty & Personal Care,2432.5,1,10,North,Credit Card,4.3,2432.5,2189.25
100952,2024-03-21,Grocery,335.8,2,10,North,UPI,3.7,671.6,604.44
100953,2024-11-17,Home & Kitchen,4355.42,1,10,Central,Credit Card,4.2,4355.42,3919.88
100954,2024-03-12,Electronics,27781.57,1,0,East,Debit Card,5.0,27781.57,27781.57
100955,2024-05-20,Beauty & Personal Care,359.67,1,0,South,Net Banking,5.0,359.67,359.67
100956,2024-01-31,Electronics,43950.38,1,5,Central,Credit Card,5.0,43950.38,41752.86
100957,2024-02-16,Home & Kitchen,5963.64,2,0,South,UPI,4.6,11927.28,11927.28
100958,2024-09-10,Clothing,1102.21,1,25,North,UPI,5.0,1102.21,826.66
100959,2024-03-30,Home & Kitchen,2975.19,1,0,West,UPI,3.5,2975.19,2975.19
100960,2024-10-26,Electronics,39629.87,1,0,West,Debit Card,3.7,39629.87,39629.87
100961,2024-02-20,Home & Kitchen,4311.76,1,0,South,UPI,3.9,4311.76,4311.76
100962,2024-07-04,Electronics,2502.55,2,0,Central,Credit Card,2.8,5005.1,5005.1
100963,2024-04-09,Electronics,29307.94,1,0,East,Cash on Delivery,4.5,29307.94,29307.94
100964,2024-08-20,Clothing,2708.06,1,5,North,Debit Card,4.4,2708.06,2572.66
100965,2024-10-20,Beauty & Personal Care,3076.69,3,10,North,Cash on Delivery,4.3,9230.07,8307.06
100966,2024-05-21,Books,713.17,2,15,East,UPI,4.9,1426.34,1212.39
100967,2024-06-09,Sports & Fitness,614.84,2,5,North,UPI,4.0,1229.68,1168.2
100968,2024-02-21,Electronics,20616.74,1,5,North,Net Banking,4.8,20616.74,19585.9
100969,2024-09-04,Grocery,918.95,2,0,Central,Debit Card,4.9,1837.9,1837.9
100970,2024-11-07,Beauty & Personal Care,1866.91,2,25,West,UPI,4.2,3733.82,2800.36
100971,2024-04-30,Electronics,25721.6,2,5,South,UPI,3.7,51443.2,48871.04
100972,2024-06-21,Electronics,6409.33,1,15,West,UPI,3.7,6409.33,5447.93
100973,2024-11-16,Sports & Fitness,1002.03,1,5,East,Cash on Delivery,3.4,1002.03,951.93
100974,2024-05-20,Home & Kitchen,2323.48,1,15,East,Debit Card,4.8,2323.48,1974.96
100975,2024-03-25,Sports & Fitness,2365.46,1,5,North,Net Banking,3.8,2365.46,2247.19
100976,2024-08-20,Electronics,3530.79,1,0,West,UPI,5.0,3530.79,3530.79
100977,2024-11-02,Home & Kitchen,5746.34,2,5,Central,Debit Card,4.1,11492.68,10918.05
100978,2024-12-07,Home & Kitchen,9251.17,1,10,North,Debit Card,3.1,9251.17,8326.05
100979,2024-09-24,Clothing,3379.28,1,10,South,Debit Card,3.3,3379.28,3041.35
100980,2024-01-10,Clothing,1824.76,1,20,East,Cash on Delivery,4.2,1824.76,1459.81
100981,2024-04-06,Beauty & Personal Care,1076.7,1,0,North,UPI,3.2,1076.7,1076.7
100982,2024-05-04,Home & Kitchen,778.57,1,15,East,Net Banking,3.7,778.57,661.78
100983,2024-06-25,Electronics,44574.68,1,0,North,UPI,3.5,44574.68,44574.68
100984,2024-06-26,Beauty & Personal Care,2274.48,1,10,North,Credit Card,3.7,2274.48,2047.03
100985,2024-08-22,Clothing,3586.37,2,5,West,UPI,3.7,7172.74,6814.1
100986,2024-09-15,Beauty & Personal Care,1356.57,1,20,North,Debit Card,4.3,1356.57,1085.26
100987,2024-01-29,Sports & Fitness,3136.19,1,0,East,Net Banking,4.8,3136.19,3136.19
100988,2024-11-28,Clothing,2690.39,1,0,North,UPI,4.2,2690.39,2690.39
100989,2024-04-09,Home & Kitchen,5546.44,1,0,East,Credit Card,4.5,5546.44,5546.44
100990,2024-09-24,Beauty & Personal Care,1723.06,1,10,Central,Debit Card,4.6,1723.06,1550.75
100991,2024-01-30,Clothing,1326.48,1,10,Central,Debit Card,4.3,1326.48,1193.83
100992,2024-04-19,Grocery,1480.18,1,20,North,Cash on Delivery,5.0,1480.18,1184.14
100993,2024-03-17,Clothing,3739.17,1,10,East,Credit Card,4.6,3739.17,3365.25
100994,2024-11-11,Clothing,4760.02,1,20,East,Net Banking,4.7,4760.02,3808.02
100995,2024-10-25,Grocery,1446.59,1,10,West,Credit Card,3.7,1446.59,1301.93
100996,2024-03-18,Beauty & Personal Care,984.93,1,0,West,UPI,4.3,984.93,984.93
100997,2024-04-04,Books,136.77,1,0,South,Credit Card,,136.77,136.77
100998,2024-11-28,Electronics,26909.58,1,0,Central,Cash on Delivery,4.6,26909.58,26909.58
100999,2024-02-07,Electronics,19968.91,2,5,West,Cash on Delivery,3.0,39937.82,37940.93
101000,2024-04-04,Beauty & Personal Care,2299.35,1,10,West,Credit Card,3.3,2299.35,2069.42
101001,2024-08-10,Clothing,2014.55,1,0,West,Credit Card,5.0,2014.55,2014.55
101002,2024-09-11,Home & Kitchen,2128.21,1,0,Central,UPI,3.9,2128.21,2128.21
101003,2024-12-03,Electronics,39483.22,1,5,West,Net Banking,4.1,39483.22,37509.06
101004,2024-02-24,Books,812.83,1,5,North,Debit Card,4.4,812.83,772.19
101005,2024-01-05,Clothing,395.25,1,15,East,Debit Card,4.2,395.25,335.96
101006,2024-08-15,Books,114.31,2,5,East,Net Banking,4.5,228.62,217.19
101007,2024-09-09,Beauty & Personal Care,1071.12,1,25,South,UPI,3.6,1071.12,803.34
101008,2024-05-23,Sports & Fitness,2941.66,1,0,Central,Credit Card,3.5,2941.66,2941.66
101009,2024-12-13,Clothing,3043.44,2,0,North,UPI,2.1,6086.88,6086.88
101010,2024-01-31,Home & Kitchen,2177.25,2,20,East,UPI,3.2,4354.5,3483.6
101011,2024-01-18,Clothing,1823.85,1,5,West,Cash on Delivery,4.6,1823.85,1732.66
101012,2024-01-25,Clothing,764.44,2,0,Central,Credit Card,2.8,1528.88,1528.88
101013,2024-01-01,Electronics,40904.48,2,5,North,UPI,3.6,81808.96,77718.51
101014,2024-04-20,Books,351.32,2,0,Central,Credit Card,4.0,702.64,702.64
101015,2024-10-24,Beauty & Personal Care,2809.96,1,5,South,UPI,5.0,2809.96,2669.46
101016,2024-04-16,Clothing,1372.56,1,10,North,Debit Card,3.4,1372.56,1235.3
101017,2024-10-14,Electronics,28290.37,3,0,South,Net Banking,4.2,84871.11,84871.11
101018,2024-04-19,Electronics,20454.44,1,5,South,Debit Card,4.8,20454.44,19431.72
101019,2024-01-17,Home & Kitchen,4600.72,1,10,East,Cash on Delivery,5.0,4600.72,4140.65
101020,2024-08-28,Home & Kitchen,6452.81,1,5,West,Net Banking,3.6,6452.81,6130.17
101021,2024-12-23,Home & Kitchen,3094.04,2,10,East,Net Banking,4.0,6188.08,5569.27
101022,2024-07-11,Grocery,239.01,1,5,East,UPI,5.0,239.01,227.06
101023,2024-05-18,Home & Kitchen,584.54,1,0,Central,Debit Card,5.0,584.54,584.54
101024,2024-12-23,Beauty & Personal Care,2552.72,1,0,East,Debit Card,3.8,2552.72,2552.72
101025,2024-03-07,Books,1049.84,1,0,West,UPI,2.9,1049.84,1049.84
101026,2024-06-09,Electronics,23674.43,1,5,South,UPI,4.8,23674.43,22490.71
101027,2024-08-23,Grocery,1488.24,1,10,South,Cash on Delivery,4.2,1488.24,1339.42
101028,2024-02-07,Books,682.79,1,15,East,Credit Card,3.7,682.79,580.37
101029,2024-07-17,Beauty & Personal Care,763.93,3,20,West,Credit Card,4.7,2291.79,1833.43
101030,2024-08-09,Beauty & Personal Care,529.85,2,5,Central,Debit Card,4.0,1059.7,1006.72
101031,2024-11-24,Sports & Fitness,6296.57,1,0,Central,UPI,2.8,6296.57,6296.57
101032,2024-11-15,Sports & Fitness,6706.19,1,15,Central,Credit Card,3.7,6706.19,5700.26
101033,2024-05-28,Clothing,1464.91,1,0,East,Debit Card,4.8,1464.91,1464.91
101034,2024-08-08,Grocery,197.83,1,0,West,Credit Card,4.9,197.83,197.83
101035,2024-03-28,Beauty & Personal Care,282.74,1,15,West,Credit Card,4.9,282.74,240.33
101036,2024-01-31,Clothing,2974.89,1,0,West,UPI,4.6,2974.89,2974.89
101037,2024-12-26,Clothing,2523.51,2,0,East,Debit Card,3.2,5047.02,5047.02
101038,2024-08-08,Books,1036.1,1,0,South,UPI,4.6,1036.1,1036.1
101039,2024-09-19,Grocery,439.0,1,10,West,UPI,3.7,439.0,395.1
101040,2024-07-11,Books,252.52,1,0,West,UPI,4.7,252.52,252.52
101041,2024-04-01,Clothing,1544.36,1,5,West,Net Banking,4.0,1544.36,1467.14
101042,2024-06-23,Electronics,43505.91,1,5,North,Net Banking,3.4,43505.91,41330.61
101043,2024-12-05,Home & Kitchen,5036.63,1,10,Central,Debit Card,4.4,5036.63,4532.97
101044,2024-11-30,Home & Kitchen,10446.8,2,5,West,Credit Card,2.9,20893.6,19848.92
101045,2024-10-18,Books,829.83,1,5,South,Credit Card,3.6,829.83,788.34
101046,2024-09-10,Home & Kitchen,1249.02,1,20,South,Credit Card,3.2,1249.02,999.22
101047,2024-09-10,Electronics,12269.06,2,15,North,Credit Card,4.4,24538.12,20857.4
101048,2024-04-24,Home & Kitchen,1740.29,1,10,South,Debit Card,5.0,1740.29,1566.26
101049,2024-02-11,Beauty & Personal Care,1109.36,1,10,West,Net Banking,5.0,1109.36,998.42
101050,2024-03-25,Electronics,29989.94,1,0,Central,Credit Card,4.4,29989.94,29989.94
101051,2024-03-01,Electronics,24127.96,1,10,Central,Net Banking,3.8,24127.96,21715.16
101052,2024-09-09,Grocery,831.52,1,0,South,Debit Card,3.6,831.52,831.52
101053,2024-09-22,Clothing,3818.48,1,0,East,Debit Card,4.3,3818.48,3818.48
101054,2024-05-11,Electronics,42521.4,1,0,South,Net Banking,2.9,42521.4,42521.4
101055,2024-03-10,Clothing,3198.17,3,0,North,UPI,3.1,9594.51,9594.51
101056,2024-07-01,Sports & Fitness,1005.75,3,10,West,Net Banking,3.2,3017.25,2715.52
101057,2024-12-25,Clothing,3835.43,2,25,North,UPI,3.6,7670.86,5753.14
101058,2024-03-11,Electronics,16064.6,1,0,North,UPI,3.8,16064.6,16064.6
101059,2024-07-28,Electronics,17934.16,1,10,Central,UPI,5.0,17934.16,16140.74
101060,2024-02-04,Grocery,210.83,1,15,North,Credit Card,4.6,210.83,179.21
101061,2024-11-14,Home & Kitchen,9834.34,2,25,Central,Net Banking,3.5,19668.68,14751.51
101062,2024-10-08,Home & Kitchen,3701.98,1,10,South,Net Banking,5.0,3701.98,3331.78
101063,2024-02-03,Electronics,40554.12,1,10,South,Cash on Delivery,3.8,40554.12,36498.71
101064,2024-06-28,Electronics,21156.3,1,10,Central,UPI,5.0,21156.3,19040.67
101065,2024-03-09,Electronics,3638.14,1,0,South,Debit Card,5.0,3638.14,3638.14
101066,2024-10-19,Beauty & Personal Care,343.56,1,15,West,Cash on Delivery,3.3,343.56,292.03
101067,2024-09-30,Electronics,12253.42,3,0,North,Cash on Delivery,5.0,36760.26,36760.26
101068,2024-02-25,Home & Kitchen,3912.96,2,0,East,Credit Card,4.4,7825.92,7825.92
101069,2024-06-15,Beauty & Personal Care,1278.3,2,0,South,Credit Card,4.2,2556.6,2556.6
101070,2024-11-24,Beauty & Personal Care,748.07,1,0,Central,Credit Card,3.6,748.07,748.07
101071,2024-09-21,Electronics,32947.48,2,15,Central,Debit Card,4.5,65894.96,56010.72
101072,2024-02-19,Sports & Fitness,922.47,1,15,South,UPI,4.1,922.47,784.1
101073,2024-06-16,Beauty & Personal Care,638.26,1,5,Central,Credit Card,3.7,638.26,606.35
101074,2024-10-01,Sports & Fitness,6782.08,1,25,South,Credit Card,3.8,6782.08,5086.56
101075,2024-05-25,Grocery,1398.29,1,0,South,Net Banking,3.3,1398.29,1398.29
101076,2024-10-06,Electronics,28970.89,1,15,West,UPI,4.1,28970.89,24625.26
101077,2024-02-09,Home & Kitchen,6006.07,1,15,Central,UPI,3.0,6006.07,5105.16
101078,2024-01-17,Home & Kitchen,6323.56,2,10,East,Credit Card,3.6,12647.12,11382.41
101079,2024-08-05,Grocery,1141.83,2,0,South,UPI,4.2,2283.66,2283.66
101080,2024-09-24,Sports & Fitness,2348.95,2,5,East,Credit Card,4.9,4697.9,4463.0
101081,2024-07-10,Books,497.95,1,10,West,UPI,5.0,497.95,448.16
101082,2024-03-11,Electronics,8300.42,1,5,South,UPI,3.9,8300.42,7885.4
101083,2024-06-06,Clothing,1326.18,1,0,East,UPI,4.4,1326.18,1326.18
101084,2024-05-19,Sports & Fitness,3549.32,1,10,Central,UPI,3.4,3549.32,3194.39
101085,2024-06-27,Grocery,1161.72,3,10,East,Net Banking,4.6,3485.16,3136.64
101086,2024-08-08,Books,1152.52,1,20,Central,Net Banking,5.0,1152.52,922.02
101087,2024-01-14,Home & Kitchen,1832.44,1,0,West,Debit Card,4.4,1832.44,1832.44
101088,2024-10-29,Sports & Fitness,6528.4,2,20,East,UPI,4.1,13056.8,10445.44
101089,2024-05-10,Clothing,2050.74,1,20,East,Net Banking,4.7,2050.74,1640.59
101090,2024-03-17,Clothing,782.2,1,10,North,Net Banking,3.4,782.2,703.98
101091,2024-01-28,Clothing,1965.35,1,10,East,Credit Card,3.4,1965.35,1768.82
101092,2024-07-07,Beauty & Personal Care,764.12,3,0,North,Net Banking,5.0,2292.36,2292.36
101093,2024-05-14,Books,799.84,1,20,North,Credit Card,3.8,799.84,639.87
101094,2024-08-02,Beauty & Personal Care,1933.39,1,10,Central,Credit Card,4.4,1933.39,1740.05
101095,2024-08-18,Clothing,2562.02,3,0,West,Debit Card,3.2,7686.06,7686.06
101096,2024-08-19,Sports & Fitness,4191.8,1,15,Central,Credit Card,3.9,4191.8,3563.03
101097,2024-03-17,Electronics,19748.85,1,0,Central,Credit Card,3.0,19748.85,19748.85
101098,2024-03-16,Electronics,36266.86,2,20,East,Debit Card,4.2,72533.72,58026.98
101099,2024-06-10,Grocery,855.64,1,0,West,UPI,4.6,855.64,855.64
101100,2024-09-02,Electronics,33399.76,1,10,Central,Cash on Delivery,4.2,33399.76,30059.78
101101,2024-02-20,Beauty & Personal Care,1824.61,1,0,Central,Cash on Delivery,4.0,1824.61,1824.61
101102,2024-11-20,Electronics,31888.26,1,10,South,UPI,4.7,31888.26,28699.43
101103,2024-01-08,Home & Kitchen,6294.58,1,10,Central,Debit Card,5.0,6294.58,5665.12
101104,2024-02-11,Clothing,804.13,2,5,West,UPI,2.8,1608.26,1527.85
101105,2024-07-15,Electronics,38880.98,1,0,West,Net Banking,3.7,38880.98,38880.98
101106,2024-09-27,Clothing,2814.34,1,10,East,Credit Card,4.0,2814.34,2532.91
101107,2024-04-14,Electronics,40537.73,1,20,East,Debit Card,4.1,40537.73,32430.18
101108,2024-05-12,Home & Kitchen,2340.42,1,5,West,Credit Card,3.5,2340.42,2223.4
101109,2024-07-13,Grocery,438.62,1,10,North,Credit Card,4.7,438.62,394.76
101110,2024-11-24,Electronics,3235.58,2,0,South,UPI,3.6,6471.16,6471.16
101111,2024-11-20,Home & Kitchen,3661.73,1,10,Central,UPI,5.0,3661.73,3295.56
101112,2024-01-09,Clothing,1790.03,1,5,South,Net Banking,5.0,1790.03,1700.53
101113,2024-09-22,Books,636.49,1,0,North,Credit Card,3.1,636.49,636.49
101114,2024-05-08,Home & Kitchen,7242.44,1,25,South,Credit Card,3.3,7242.44,5431.83
101115,2024-09-27,Beauty & Personal Care,390.23,2,10,East,Net Banking,4.1,780.46,702.41
101116,2024-03-29,Books,411.81,1,10,Central,Credit Card,3.9,411.81,370.63
101117,2024-05-07,Grocery,1224.53,1,20,East,UPI,4.9,1224.53,979.62
101118,2024-11-28,Clothing,3251.52,1,5,Central,Cash on Delivery,4.4,3251.52,3088.94
101119,2024-01-01,Beauty & Personal Care,652.28,1,5,West,UPI,4.0,652.28,619.67
101120,2024-05-11,Home & Kitchen,1787.58,1,20,East,Cash on Delivery,3.4,1787.58,1430.06
101121,2024-10-01,Electronics,32426.76,1,10,Central,Credit Card,4.6,32426.76,29184.08
101122,2024-01-28,Clothing,2196.03,1,0,South,UPI,3.7,2196.03,2196.03
101123,2024-12-02,Home & Kitchen,1850.67,1,15,East,Net Banking,5.0,1850.67,1573.07
101124,2024-09-16,Beauty & Personal Care,877.17,1,5,South,UPI,3.5,877.17,833.31
101125,2024-05-09,Electronics,24073.78,1,25,West,Cash on Delivery,3.3,24073.78,18055.34
101126,2024-08-20,Sports & Fitness,2208.68,1,0,Central,Cash on Delivery,2.5,2208.68,2208.68
101127,2024-07-10,Home & Kitchen,728.81,1,15,West,UPI,4.5,728.81,619.49
101128,2024-02-02,Electronics,12744.77,2,15,Central,UPI,4.6,25489.54,21666.11
101129,2024-12-29,Clothing,4904.47,1,5,West,Credit Card,3.5,4904.47,4659.25
101130,2024-03-31,Sports & Fitness,1811.59,1,5,West,Debit Card,5.0,1811.59,1721.01
101131,2024-02-12,Electronics,27197.79,1,5,South,UPI,4.2,27197.79,25837.9
101132,2024-11-20,Electronics,8252.62,1,0,North,Credit Card,3.9,8252.62,8252.62
101133,2024-02-23,Books,353.54,1,0,Central,Net Banking,3.5,353.54,353.54
101134,2024-08-22,Sports & Fitness,4834.98,1,5,North,Cash on Delivery,3.5,4834.98,4593.23
101135,2024-02-28,Home & Kitchen,3409.01,2,0,South,Credit Card,4.7,6818.02,6818.02
101136,2024-12-27,Sports & Fitness,3065.05,1,5,Central,Credit Card,3.6,3065.05,2911.8
101137,2024-11-04,Electronics,22898.94,3,5,South,UPI,2.7,68696.82,65261.98
101138,2024-07-12,Home & Kitchen,3972.15,1,15,West,Credit Card,3.2,3972.15,3376.33
101139,2024-12-29,Electronics,35726.59,1,0,Central,UPI,4.4,35726.59,35726.59
101140,2024-07-17,Clothing,3429.26,1,10,West,Credit Card,3.4,3429.26,3086.33
101141,2024-01-07,Home & Kitchen,2869.67,1,25,South,Debit Card,4.6,2869.67,2152.25
101142,2024-08-03,Clothing,1569.26,1,10,South,Cash on Delivery,2.5,1569.26,1412.33
101143,2024-04-12,Clothing,1382.03,1,15,North,UPI,3.8,1382.03,1174.73
101144,2024-01-25,Electronics,6988.38,1,5,North,UPI,,6988.38,6638.96
101145,2024-09-22,Grocery,731.93,1,10,West,Debit Card,3.5,731.93,658.74
101146,2024-04-03,Home & Kitchen,6573.4,2,10,East,UPI,4.3,13146.8,11832.12
101147,2024-11-14,Electronics,29629.47,1,10,Central,Credit Card,3.3,29629.47,26666.52
101148,2024-08-26,Clothing,1682.2,1,10,South,Cash on Delivery,4.2,1682.2,1513.98
101149,2024-04-06,Clothing,3298.6,1,10,West,Debit Card,3.2,3298.6,2968.74
101150,2024-04-04,Books,428.01,1,5,North,Credit Card,3.8,428.01,406.61
101151,2024-11-06,Clothing,1239.1,1,0,South,UPI,5.0,1239.1,1239.1
101152,2024-05-15,Electronics,7926.97,1,0,South,Credit Card,5.0,7926.97,7926.97
101153,2024-09-10,Home & Kitchen,4209.83,2,5,East,Credit Card,4.2,8419.66,7998.68
101154,2024-01-25,Sports & Fitness,1282.0,1,10,North,Credit Card,4.2,1282.0,1153.8
101155,2024-11-11,Electronics,27731.42,1,0,South,UPI,3.0,27731.42,27731.42
101156,2024-08-15,Clothing,3495.23,2,0,East,Net Banking,3.4,6990.46,6990.46
101157,2024-12-16,Grocery,1200.47,1,5,South,UPI,3.2,1200.47,1140.45
101158,2024-06-18,Home & Kitchen,1871.19,1,15,East,Debit Card,3.3,1871.19,1590.51
101159,2024-09-06,Grocery,1173.98,2,5,East,UPI,4.8,2347.96,2230.56
101160,2024-11-05,Electronics,28262.81,1,0,Central,UPI,5.0,28262.81,28262.81
101161,2024-06-21,Sports & Fitness,4032.69,1,10,West,UPI,4.5,4032.69,3629.42
101162,2024-11-01,Home & Kitchen,5288.54,1,10,West,UPI,4.0,5288.54,4759.69
101163,2024-09-28,Electronics,42901.8,1,5,West,Cash on Delivery,4.1,42901.8,40756.71
101164,2024-03-01,Beauty & Personal Care,2152.55,1,5,North,UPI,4.7,2152.55,2044.92
101165,2024-11-10,Electronics,48425.4,2,5,East,Credit Card,3.9,96850.8,92008.26
101166,2024-07-05,Beauty & Personal Care,1556.8,1,10,East,Net Banking,4.0,1556.8,1401.12
101167,2024-03-27,Home & Kitchen,989.87,2,5,Central,Credit Card,3.4,1979.74,1880.75
101168,2024-01-19,Sports & Fitness,2943.92,1,0,North,UPI,3.5,2943.92,2943.92
101169,2024-01-10,Grocery,250.48,1,5,West,UPI,5.0,250.48,237.96
101170,2024-12-21,Grocery,1952.95,1,0,North,Debit Card,2.8,1952.95,1952.95
101171,2024-12-17,Clothing,1560.17,1,20,Central,Net Banking,4.7,1560.17,1248.14
101172,2024-12-25,Home & Kitchen,3047.11,1,0,North,Net Banking,4.7,3047.11,3047.11
101173,2024-07-27,Sports & Fitness,2768.06,1,5,South,Net Banking,4.7,2768.06,2629.66
101174,2024-05-20,Clothing,2038.43,1,15,South,UPI,4.8,2038.43,1732.67
101175,2024-04-27,Grocery,377.53,1,5,South,Credit Card,4.8,377.53,358.65
101176,2024-04-25,Clothing,619.12,2,5,West,Credit Card,4.3,1238.24,1176.33
101177,2024-06-15,Beauty & Personal Care,468.23,1,0,North,Debit Card,2.9,468.23,468.23
101178,2024-04-02,Sports & Fitness,1737.87,1,10,West,Cash on Delivery,4.1,1737.87,1564.08
101179,2024-05-15,Home & Kitchen,2154.54,1,5,Central,Cash on Delivery,4.3,2154.54,2046.81
101180,2024-12-11,Beauty & Personal Care,3337.45,1,10,West,Credit Card,4.5,3337.45,3003.7
101181,2024-04-06,Sports & Fitness,3060.44,1,5,West,UPI,3.8,3060.44,2907.42
101182,2024-01-21,Sports & Fitness,2701.86,1,5,Central,Net Banking,4.2,2701.86,2566.77
101183,2024-08-23,Beauty & Personal Care,2073.04,1,0,Central,Cash on Delivery,5.0,2073.04,2073.04
101184,2024-10-19,Home & Kitchen,1461.83,2,0,North,Cash on Delivery,4.9,2923.66,2923.66
101185,2024-04-02,Clothing,2279.15,1,0,West,Credit Card,4.0,2279.15,2279.15
101186,2024-01-03,Home & Kitchen,4804.44,2,0,East,Debit Card,3.9,9608.88,9608.88
101187,2024-12-26,Electronics,43277.03,1,10,East,Credit Card,4.0,43277.03,38949.33
101188,2024-06-28,Books,629.08,1,15,West,Credit Card,5.0,629.08,534.72
101189,2024-06-22,Home & Kitchen,7575.91,1,10,East,Debit Card,4.5,7575.91,6818.32
101190,2024-03-26,Sports & Fitness,3664.9,2,20,Central,Credit Card,3.5,7329.8,5863.84
101191,2024-10-14,Beauty & Personal Care,1256.72,1,0,Central,UPI,2.5,1256.72,1256.72
101192,2024-07-23,Clothing,3627.98,2,5,West,Credit Card,4.6,7255.96,6893.16
101193,2024-12-27,Electronics,48229.47,1,0,East,Credit Card,3.1,48229.47,48229.47
101194,2024-06-03,Beauty & Personal Care,936.63,1,10,West,UPI,4.9,936.63,842.97
101195,2024-05-25,Home & Kitchen,1673.18,1,5,East,Credit Card,3.2,1673.18,1589.52
101196,2024-05-03,Electronics,36612.85,1,5,East,UPI,4.6,36612.85,34782.21
101197,2024-08-02,Sports & Fitness,2834.08,1,0,North,Credit Card,3.4,2834.08,2834.08
101198,2024-11-15,Clothing,1557.63,1,15,Central,Net Banking,3.4,1557.63,1323.99
101199,2024-05-11,Clothing,2302.4,1,0,Central,UPI,4.4,2302.4,2302.4
101200,2024-02-17,Books,905.53,1,15,South,UPI,4.4,905.53,769.7
101201,2024-04-23,Home & Kitchen,4480.97,1,10,North,UPI,4.1,4480.97,4032.87
101202,2024-02-05,Sports & Fitness,1848.44,1,0,South,UPI,3.8,1848.44,1848.44
101203,2024-10-04,Electronics,23497.58,1,0,East,UPI,4.2,23497.58,23497.58
101204,2024-08-22,Sports & Fitness,2471.38,1,10,South,UPI,4.7,2471.38,2224.24
101205,2024-09-28,Beauty & Personal Care,1157.5,1,20,East,Credit Card,4.8,1157.5,926.0
101206,2024-04-20,Clothing,3653.65,1,0,Central,Credit Card,3.7,3653.65,3653.65
101207,2024-12-17,Electronics,38045.08,1,0,Central,Net Banking,2.5,38045.08,38045.08
101208,2024-06-24,Grocery,1140.98,2,10,East,Credit Card,3.7,2281.96,2053.76
101209,2024-08-05,Clothing,3342.18,1,10,North,Net Banking,4.2,3342.18,3007.96
101210,2024-10-24,Home & Kitchen,9346.33,1,0,West,Credit Card,4.0,9346.33,9346.33
101211,2024-03-06,Sports & Fitness,4831.58,1,15,South,Credit Card,4.7,4831.58,4106.84
101212,2024-04-19,Grocery,132.24,1,0,North,UPI,3.4,132.24,132.24
101213,2024-11-16,Beauty & Personal Care,364.76,2,15,Central,UPI,4.5,729.52,620.09
101214,2024-04-10,Beauty & Personal Care,371.46,1,0,East,UPI,4.1,371.46,371.46
101215,2024-01-04,Home & Kitchen,376.04,1,0,West,Credit Card,3.9,376.04,376.04
101216,2024-12-21,Electronics,33061.92,1,10,North,Credit Card,3.7,33061.92,29755.73
101217,2024-05-14,Home & Kitchen,752.8,1,0,Central,Credit Card,4.5,752.8,752.8
101218,2024-02-01,Clothing,3811.59,1,0,West,UPI,3.2,3811.59,3811.59
101219,2024-10-02,Sports & Fitness,7011.44,1,10,East,Cash on Delivery,4.5,7011.44,6310.3
101220,2024-12-05,Clothing,424.69,1,0,South,UPI,3.0,424.69,424.69
101221,2024-10-05,Grocery,98.98,1,10,South,Debit Card,3.7,98.98,89.08
101222,2024-06-16,Clothing,1920.47,1,0,South,Debit Card,2.8,1920.47,1920.47
101223,2024-01-21,Clothing,3963.65,1,10,West,UPI,5.0,3963.65,3567.29
101224,2024-01-09,Beauty & Personal Care,1845.7,1,15,Central,UPI,4.1,1845.7,1568.84
101225,2024-08-17,Beauty & Personal Care,1666.95,1,0,South,Credit Card,3.9,1666.95,1666.95
101226,2024-09-22,Electronics,34254.7,1,0,West,Credit Card,3.7,34254.7,34254.7
101227,2024-10-22,Beauty & Personal Care,1184.05,1,0,West,UPI,3.8,1184.05,1184.05
101228,2024-04-16,Grocery,361.37,1,10,West,UPI,1.8,361.37,325.23
101229,2024-12-31,Home & Kitchen,1246.66,1,0,Central,Credit Card,4.7,1246.66,1246.66
101230,2024-03-24,Home & Kitchen,5818.52,1,5,South,UPI,3.7,5818.52,5527.59
101231,2024-02-16,Grocery,1024.03,1,5,West,Cash on Delivery,3.8,1024.03,972.83
101232,2024-10-16,Electronics,58944.87,1,15,North,Debit Card,3.4,58944.87,50103.14
101233,2024-11-24,Beauty & Personal Care,2192.31,1,0,West,Debit Card,3.8,2192.31,2192.31
101234,2024-07-28,Electronics,18638.46,1,5,West,Cash on Delivery,2.6,18638.46,17706.54
101235,2024-02-16,Beauty & Personal Care,944.17,1,20,Central,Net Banking,4.1,944.17,755.34
101236,2024-05-12,Sports & Fitness,5337.65,2,10,West,UPI,3.4,10675.3,9607.77
101237,2024-03-31,Clothing,2597.08,2,5,East,Debit Card,4.6,5194.16,4934.45
101238,2024-05-29,Beauty & Personal Care,520.6,1,0,Central,Debit Card,3.4,520.6,520.6
101239,2024-11-18,Electronics,10257.02,2,15,East,Debit Card,4.9,20514.04,17436.93
101240,2024-03-14,Home & Kitchen,1952.35,1,10,South,Credit Card,3.7,1952.35,1757.12
101241,2024-04-16,Clothing,370.94,1,0,South,UPI,4.8,370.94,370.94
101242,2024-02-20,Clothing,864.52,2,5,Central,Cash on Delivery,3.8,1729.04,1642.59
101243,2024-04-16,Grocery,1282.89,1,0,South,UPI,3.9,1282.89,1282.89
101244,2024-04-24,Clothing,3043.93,1,0,North,Credit Card,3.2,3043.93,3043.93
101245,2024-06-21,Grocery,1273.04,1,0,Central,Debit Card,4.1,1273.04,1273.04
101246,2024-06-26,Sports & Fitness,1481.68,1,0,South,UPI,3.9,1481.68,1481.68
101247,2024-02-04,Home & Kitchen,4800.71,1,0,West,Credit Card,4.2,4800.71,4800.71
101248,2024-08-05,Clothing,3637.85,2,20,Central,Debit Card,3.0,7275.7,5820.56
101249,2024-02-05,Clothing,445.24,1,10,Central,Debit Card,2.8,445.24,400.72
101250,2024-12-04,Home & Kitchen,7767.92,1,5,West,UPI,5.0,7767.92,7379.52
101251,2024-06-23,Home & Kitchen,4780.0,1,0,Central,Credit Card,4.8,4780.0,4780.0
101252,2024-01-13,Grocery,720.42,1,0,North,Net Banking,3.7,720.42,720.42
101253,2024-08-28,Electronics,30202.21,1,15,South,UPI,4.6,30202.21,25671.88
101254,2024-08-22,Clothing,1065.01,1,5,East,Cash on Delivery,3.5,1065.01,1011.76
101255,2024-05-21,Electronics,1614.5,1,5,Central,Credit Card,4.5,1614.5,1533.78
101256,2024-05-07,Clothing,2078.64,1,0,West,Credit Card,3.3,2078.64,2078.64
101257,2024-10-07,Beauty & Personal Care,2743.59,1,10,Central,Credit Card,3.8,2743.59,2469.23
101258,2024-11-08,Home & Kitchen,1709.17,1,0,West,Debit Card,3.4,1709.17,1709.17
101259,2024-08-16,Sports & Fitness,3785.83,1,0,East,UPI,4.4,3785.83,3785.83
101260,2024-12-01,Beauty & Personal Care,1358.74,1,10,North,Cash on Delivery,4.7,1358.74,1222.87
101261,2024-06-13,Beauty & Personal Care,952.54,1,10,West,Credit Card,4.5,952.54,857.29
101262,2024-02-28,Electronics,43732.16,2,20,East,Net Banking,4.2,87464.32,69971.46
101263,2024-05-13,Sports & Fitness,1895.6,1,15,South,Credit Card,5.0,1895.6,1611.26
101264,2024-07-28,Home & Kitchen,7962.24,1,10,North,Cash on Delivery,3.8,7962.24,7166.02
101265,2024-11-09,Home & Kitchen,850.52,1,10,Central,Credit Card,3.8,850.52,765.47
101266,2024-05-16,Sports & Fitness,3673.63,1,5,West,UPI,4.1,3673.63,3489.95
101267,2024-01-01,Grocery,524.79,1,0,North,Credit Card,4.4,524.79,524.79
101268,2024-07-14,Home & Kitchen,2577.54,1,10,South,UPI,3.5,2577.54,2319.79
101269,2024-05-21,Electronics,5119.28,1,20,West,Credit Card,2.9,5119.28,4095.42
101270,2024-03-19,Beauty & Personal Care,1915.49,1,0,East,Cash on Delivery,4.1,1915.49,1915.49
101271,2024-01-18,Home & Kitchen,3304.45,1,0,West,Credit Card,4.7,3304.45,3304.45
101272,2024-02-01,Grocery,1191.51,1,15,West,Net Banking,3.5,1191.51,1012.78
101273,2024-03-21,Electronics,28599.32,1,0,North,Cash on Delivery,4.2,28599.32,28599.32
101274,2024-02-16,Grocery,1310.56,1,0,Central,Net Banking,3.7,1310.56,1310.56
101275,2024-09-18,Sports & Fitness,4280.64,1,5,Central,Debit Card,3.6,4280.64,4066.61
101276,2024-11-08,Clothing,1507.1,1,0,North,Debit Card,4.5,1507.1,1507.1
101277,2024-10-15,Sports & Fitness,5064.66,2,10,Central,Credit Card,3.5,10129.32,9116.39
101278,2024-01-31,Sports & Fitness,1430.63,1,10,South,Net Banking,5.0,1430.63,1287.57
101279,2024-03-20,Sports & Fitness,5825.97,1,0,North,Credit Card,4.1,5825.97,5825.97
101280,2024-11-02,Clothing,5237.1,1,25,North,Credit Card,3.9,5237.1,3927.82
101281,2024-05-23,Home & Kitchen,3086.7,1,0,East,UPI,3.8,3086.7,3086.7
101282,2024-04-17,Electronics,2785.08,1,0,Central,Credit Card,3.6,2785.08,2785.08
101283,2024-12-18,Beauty & Personal Care,1959.99,1,5,North,Net Banking,3.9,1959.99,1861.99
101284,2024-05-30,Grocery,609.9,1,10,Central,UPI,3.9,609.9,548.91
101285,2024-12-14,Electronics,53074.65,1,0,Central,Credit Card,4.1,53074.65,53074.65
101286,2024-09-05,Home & Kitchen,5447.17,1,0,West,Debit Card,4.7,5447.17,5447.17
101287,2024-03-15,Sports & Fitness,4637.55,1,0,Central,Net Banking,4.5,4637.55,4637.55
101288,2024-10-06,Home & Kitchen,6454.78,1,0,Central,Debit Card,4.4,6454.78,6454.78
101289,2024-04-23,Electronics,43959.47,2,0,Central,Net Banking,2.5,87918.94,87918.94
101290,2024-10-13,Beauty & Personal Care,618.74,1,10,North,Net Banking,3.7,618.74,556.87
101291,2024-06-24,Electronics,22345.91,1,0,North,UPI,4.1,22345.91,22345.91
101292,2024-09-29,Books,1087.26,2,5,West,Credit Card,4.6,2174.52,2065.79
101293,2024-01-14,Sports & Fitness,5626.9,1,20,East,UPI,4.4,5626.9,4501.52
101294,2024-05-11,Beauty & Personal Care,1301.25,1,10,Central,Credit Card,4.3,1301.25,1171.12
101295,2024-04-03,Beauty & Personal Care,1910.71,2,10,South,Credit Card,3.4,3821.42,3439.28
101296,2024-07-22,Beauty & Personal Care,1729.75,1,25,South,Net Banking,4.8,1729.75,1297.31
101297,2024-10-08,Clothing,5049.1,1,10,Central,Cash on Delivery,3.7,5049.1,4544.19
101298,2024-10-28,Clothing,424.88,1,25,Central,UPI,5.0,424.88,318.66
101299,2024-05-12,Home & Kitchen,4193.85,1,0,South,Cash on Delivery,5.0,4193.85,4193.85
101300,2024-07-01,Beauty & Personal Care,690.41,1,10,West,UPI,4.3,690.41,621.37
101301,2024-03-06,Books,1000.24,3,0,West,Cash on Delivery,3.5,3000.72,3000.72
101302,2024-10-09,Home & Kitchen,3110.9,2,0,West,UPI,3.6,6221.8,6221.8
101303,2024-09-27,Sports & Fitness,2730.26,1,10,West,UPI,3.6,2730.26,2457.23
101304,2024-10-14,Clothing,4807.52,2,5,South,Credit Card,3.6,9615.04,9134.29
101305,2024-02-18,Clothing,2269.31,1,5,North,Credit Card,2.6,2269.31,2155.84
101306,2024-01-23,Home & Kitchen,2693.02,1,0,East,Debit Card,3.9,2693.02,2693.02
101307,2024-01-15,Home & Kitchen,935.1,1,0,East,Credit Card,4.4,935.1,935.1
101308,2024-11-07,Electronics,54549.11,1,15,North,UPI,3.9,54549.11,46366.74
101309,2024-03-11,Electronics,6178.92,1,0,West,Credit Card,4.3,6178.92,6178.92
101310,2024-06-07,Home & Kitchen,448.48,1,20,West,Debit Card,3.5,448.48,358.78
101311,2024-10-02,Sports & Fitness,6705.97,1,15,West,UPI,,6705.97,5700.07
101312,2024-02-21,Home & Kitchen,4402.43,1,5,East,Cash on Delivery,3.2,4402.43,4182.31
101313,2024-09-05,Home & Kitchen,6521.66,2,5,East,Credit Card,3.5,13043.32,12391.15
101314,2024-11-17,Home & Kitchen,5277.34,1,0,North,UPI,5.0,5277.34,5277.34
101315,2024-04-03,Electronics,4320.29,1,5,South,UPI,2.5,4320.29,4104.28
101316,2024-05-14,Books,466.39,1,0,North,Credit Card,3.7,466.39,466.39
101317,2024-05-25,Electronics,24120.85,1,0,Central,Cash on Delivery,4.8,24120.85,24120.85
101318,2024-10-01,Clothing,4131.75,1,0,East,Debit Card,4.7,4131.75,4131.75
101319,2024-08-31,Electronics,35802.01,1,0,Central,UPI,4.4,35802.01,35802.01
101320,2024-09-19,Home & Kitchen,7269.56,1,10,Central,Credit Card,4.7,7269.56,6542.6
101321,2024-01-29,Electronics,31034.13,1,25,Central,Net Banking,3.8,31034.13,23275.6
101322,2024-09-07,Beauty & Personal Care,1126.98,1,5,East,UPI,5.0,1126.98,1070.63
101323,2024-08-14,Sports & Fitness,3651.47,1,0,North,Credit Card,3.1,3651.47,3651.47
101324,2024-10-26,Clothing,4181.62,1,0,South,Net Banking,3.5,4181.62,4181.62
101325,2024-01-13,Sports & Fitness,5615.96,1,20,West,Debit Card,4.1,5615.96,4492.77
101326,2024-07-21,Electronics,13291.24,1,5,Central,Cash on Delivery,5.0,13291.24,12626.68
101327,2024-11-21,Electronics,60221.09,2,0,West,Debit Card,3.3,120442.18,120442.18
101328,2024-05-12,Home & Kitchen,521.5,1,0,Central,Debit Card,2.7,521.5,521.5
101329,2024-12-13,Beauty & Personal Care,3490.2,1,10,North,Credit Card,4.0,3490.2,3141.18
101330,2024-01-23,Grocery,1018.28,1,10,East,Debit Card,3.4,1018.28,916.45
101331,2024-09-24,Clothing,3337.37,1,5,West,Credit Card,4.0,3337.37,3170.5
101332,2024-09-06,Clothing,2979.56,2,0,Central,Debit Card,4.2,5959.12,5959.12
101333,2024-03-22,Clothing,3827.71,1,10,East,Debit Card,3.5,3827.71,3444.94
101334,2024-02-02,Electronics,25548.62,1,25,North,Net Banking,4.2,25548.62,19161.46
101335,2024-12-24,Electronics,51578.58,1,10,South,UPI,3.5,51578.58,46420.72
101336,2024-12-04,Electronics,49989.77,1,5,West,Debit Card,4.2,49989.77,47490.28
101337,2024-10-12,Electronics,36547.77,1,10,North,Debit Card,4.7,36547.77,32892.99
101338,2024-09-26,Home & Kitchen,4344.61,1,0,North,Debit Card,4.1,4344.61,4344.61
101339,2024-05-10,Beauty & Personal Care,1683.99,1,0,East,Cash on Delivery,4.9,1683.99,1683.99
101340,2024-04-09,Beauty & Personal Care,1574.84,1,20,North,Credit Card,3.8,1574.84,1259.87
101341,2024-04-17,Grocery,765.58,1,5,South,Net Banking,3.5,765.58,727.3
101342,2024-06-19,Books,313.57,1,25,West,UPI,5.0,313.57,235.18
101343,2024-09-03,Books,695.86,1,5,West,Net Banking,3.4,695.86,661.07
101344,2024-05-31,Beauty & Personal Care,823.97,3,10,East,Credit Card,2.9,2471.91,2224.72
101345,2024-11-26,Electronics,18498.57,1,10,North,Net Banking,3.6,18498.57,16648.71
101346,2024-08-31,Clothing,1016.11,1,5,West,UPI,4.6,1016.11,965.3
101347,2024-12-24,Home & Kitchen,6843.2,1,15,Central,Debit Card,3.9,6843.2,5816.72
101348,2024-06-21,Grocery,1022.01,3,10,East,UPI,4.3,3066.03,2759.43
101349,2024-10-18,Clothing,4013.58,1,15,South,Credit Card,3.5,4013.58,3411.54
101350,2024-04-29,Grocery,119.99,1,10,East,Net Banking,3.5,119.99,107.99
101351,2024-12-10,Clothing,1920.84,1,0,North,Credit Card,3.2,1920.84,1920.84
101352,2024-12-22,Grocery,1920.25,1,5,North,Credit Card,2.4,1920.25,1824.24
101353,2024-01-19,Home & Kitchen,4662.38,2,15,East,Credit Card,4.7,9324.76,7926.05
101354,2024-06-04,Home & Kitchen,7676.81,1,10,Central,Debit Card,4.0,7676.81,6909.13
101355,2024-03-09,Electronics,38420.74,1,20,South,UPI,4.4,38420.74,30736.59
101356,2024-01-03,Beauty & Personal Care,541.38,1,10,East,Net Banking,5.0,541.38,487.24
101357,2024-11-19,Electronics,47112.69,1,15,Central,Debit Card,5.0,47112.69,40045.79
101358,2024-07-02,Clothing,3289.35,1,10,North,UPI,4.2,3289.35,2960.42
101359,2024-01-09,Home & Kitchen,5970.41,1,5,East,Net Banking,2.7,5970.41,5671.89
101360,2024-04-08,Beauty & Personal Care,316.87,2,0,Central,UPI,3.0,633.74,633.74
101361,2024-12-25,Grocery,179.89,1,5,North,Credit Card,4.2,179.89,170.9
101362,2024-11-11,Electronics,39400.61,1,15,North,Debit Card,4.4,39400.61,33490.52
101363,2024-09-11,Grocery,1304.87,1,0,West,UPI,4.3,1304.87,1304.87
101364,2024-12-21,Home & Kitchen,1424.66,2,0,South,Credit Card,3.5,2849.32,2849.32
101365,2024-08-14,Electronics,42431.16,1,25,West,Net Banking,4.6,42431.16,31823.37
101366,2024-09-28,Clothing,1570.66,1,0,West,Cash on Delivery,4.0,1570.66,1570.66
101367,2024-10-28,Home & Kitchen,7408.72,2,0,North,Debit Card,3.9,14817.44,14817.44
101368,2024-10-26,Electronics,56645.16,2,0,West,UPI,5.0,113290.32,113290.32
101369,2024-07-04,Clothing,3481.0,1,5,West,UPI,4.2,3481.0,3306.95
101370,2024-07-11,Books,544.13,1,10,Central,Net Banking,3.6,544.13,489.72
101371,2024-01-19,Electronics,16649.95,1,5,West,Net Banking,4.0,16649.95,15817.45
101372,2024-07-14,Electronics,6275.56,1,0,South,Debit Card,4.0,6275.56,6275.56
101373,2024-12-07,Home & Kitchen,2554.93,1,10,Central,Debit Card,4.7,2554.93,2299.44
101374,2024-09-05,Home & Kitchen,6089.73,1,0,North,Debit Card,4.4,6089.73,6089.73
101375,2024-01-01,Home & Kitchen,7571.92,1,0,North,UPI,4.3,7571.92,7571.92
101376,2024-06-15,Sports & Fitness,5128.79,1,5,West,Credit Card,4.1,5128.79,4872.35
101377,2024-07-25,Home & Kitchen,3679.69,1,5,South,UPI,5.0,3679.69,3495.71
101378,2024-01-27,Electronics,1647.37,1,10,North,Credit Card,4.2,1647.37,1482.63
101379,2024-12-14,Electronics,15665.37,1,5,West,UPI,4.2,15665.37,14882.1
101380,2024-02-28,Clothing,829.32,2,0,South,Debit Card,4.5,1658.64,1658.64
101381,2024-04-22,Books,439.42,3,0,South,Cash on Delivery,4.3,1318.26,1318.26
101382,2024-09-01,Electronics,2912.02,1,0,West,Credit Card,4.0,2912.02,2912.02
101383,2024-06-26,Electronics,12969.88,1,5,East,UPI,5.0,12969.88,12321.39
101384,2024-12-12,Sports & Fitness,1628.22,2,0,North,Credit Card,4.4,3256.44,3256.44
101385,2024-08-26,Clothing,3813.53,1,0,West,Net Banking,3.5,3813.53,3813.53
101386,2024-02-09,Home & Kitchen,7851.07,1,0,South,UPI,5.0,7851.07,7851.07
101387,2024-10-25,Sports & Fitness,7275.49,1,15,West,Credit Card,3.8,7275.49,6184.17
101388,2024-12-05,Electronics,47904.28,1,10,West,Net Banking,3.8,47904.28,43113.85
101389,2024-06-17,Home & Kitchen,2239.64,1,0,West,UPI,4.4,2239.64,2239.64
101390,2024-08-25,Home & Kitchen,551.46,1,20,North,UPI,3.4,551.46,441.17
101391,2024-06-25,Sports & Fitness,3932.37,1,5,South,Credit Card,4.1,3932.37,3735.75
101392,2024-10-19,Electronics,56224.66,1,10,Central,UPI,4.1,56224.66,50602.19
101393,2024-11-28,Home & Kitchen,5672.69,1,5,North,UPI,3.8,5672.69,5389.06
101394,2024-06-22,Clothing,3620.69,2,5,North,Debit Card,4.3,7241.38,6879.31
101395,2024-11-20,Beauty & Personal Care,2419.78,1,10,West,UPI,3.9,2419.78,2177.8
101396,2024-03-10,Home & Kitchen,7587.92,1,10,West,Credit Card,3.6,7587.92,6829.13
101397,2024-12-01,Sports & Fitness,5232.07,1,15,East,Credit Card,3.4,5232.07,4447.26
101398,2024-04-26,Electronics,20193.92,1,0,West,Credit Card,4.4,20193.92,20193.92
101399,2024-05-16,Beauty & Personal Care,1339.64,1,20,North,Credit Card,5.0,1339.64,1071.71
101400,2024-09-21,Home & Kitchen,7141.46,1,5,South,Debit Card,4.3,7141.46,6784.39
101401,2024-12-17,Books,589.03,1,15,South,UPI,4.9,589.03,500.68
101402,2024-08-19,Home & Kitchen,2439.45,1,15,West,Net Banking,4.1,2439.45,2073.53
101403,2024-10-04,Grocery,759.24,1,5,West,Net Banking,3.7,759.24,721.28
101404,2024-03-18,Books,619.42,1,25,West,UPI,3.7,619.42,464.56
101405,2024-03-09,Clothing,1963.98,1,0,West,Credit Card,5.0,1963.98,1963.98
101406,2024-10-20,Beauty & Personal Care,1899.92,1,0,West,Credit Card,2.7,1899.92,1899.92
101407,2024-05-20,Electronics,38713.64,1,15,West,Credit Card,3.8,38713.64,32906.59
101408,2024-08-03,Beauty & Personal Care,1414.76,1,5,West,Debit Card,3.6,1414.76,1344.02
101409,2024-04-17,Beauty & Personal Care,2334.15,1,0,Central,UPI,4.3,2334.15,2334.15
101410,2024-04-24,Electronics,6127.9,1,10,South,UPI,4.0,6127.9,5515.11
101411,2024-03-22,Electronics,22424.32,1,0,South,Net Banking,3.6,22424.32,22424.32
101412,2024-02-24,Clothing,2463.1,1,25,South,Cash on Delivery,3.5,2463.1,1847.32
101413,2024-08-07,Books,628.82,1,0,North,Debit Card,3.3,628.82,628.82
101414,2024-07-13,Sports & Fitness,2369.23,2,25,West,Credit Card,3.2,4738.46,3553.84
101415,2024-08-11,Clothing,599.13,2,15,East,Credit Card,4.9,1198.26,1018.52
101416,2024-07-12,Clothing,2237.59,1,5,South,Cash on Delivery,3.9,2237.59,2125.71
101417,2024-06-14,Beauty & Personal Care,607.36,1,20,East,Credit Card,4.9,607.36,485.89
101418,2024-11-21,Sports & Fitness,4959.18,1,5,West,Credit Card,3.4,4959.18,4711.22
101419,2024-07-04,Books,846.23,1,10,North,Credit Card,4.9,846.23,761.61
101420,2024-11-23,Grocery,1488.27,1,10,East,Cash on Delivery,4.3,1488.27,1339.44
101421,2024-12-02,Beauty & Personal Care,1245.64,1,20,East,Net Banking,4.0,1245.64,996.51
101422,2024-12-07,Grocery,584.95,2,20,West,Credit Card,3.9,1169.9,935.92
101423,2024-09-22,Electronics,40449.74,1,10,North,UPI,5.0,40449.74,36404.77
101424,2024-07-11,Home & Kitchen,928.94,1,5,North,Credit Card,3.1,928.94,882.49
101425,2024-04-18,Clothing,616.83,1,0,West,Cash on Delivery,4.4,616.83,616.83
101426,2024-02-21,Clothing,752.65,2,5,North,Credit Card,5.0,1505.3,1430.04
101427,2024-11-16,Sports & Fitness,1880.14,1,10,North,Net Banking,4.3,1880.14,1692.13
101428,2024-06-12,Home & Kitchen,2169.98,1,0,North,Credit Card,3.4,2169.98,2169.98
101429,2024-05-04,Sports & Fitness,587.06,1,0,Central,Debit Card,4.3,587.06,587.06
101430,2024-10-03,Books,707.12,1,0,West,Credit Card,3.1,707.12,707.12
101431,2024-12-04,Clothing,1100.25,2,25,Central,Debit Card,2.4,2200.5,1650.38
101432,2024-09-02,Clothing,3648.24,1,5,North,Cash on Delivery,4.2,3648.24,3465.83
101433,2024-12-26,Sports & Fitness,4249.44,1,5,West,UPI,4.0,4249.44,4036.97
101434,2024-01-31,Sports & Fitness,982.83,1,5,South,Net Banking,3.8,982.83,933.69
101435,2024-12-01,Home & Kitchen,9679.14,2,5,West,Net Banking,4.1,19358.28,18390.37
101436,2024-04-18,Home & Kitchen,6019.44,1,5,West,Credit Card,4.6,6019.44,5718.47
101437,2024-12-28,Sports & Fitness,7110.6,1,5,North,UPI,3.4,7110.6,6755.07
101438,2024-07-08,Grocery,604.37,1,0,South,UPI,3.3,604.37,604.37
101439,2024-01-10,Sports & Fitness,1080.68,1,0,Central,UPI,4.0,1080.68,1080.68
101440,2024-01-22,Sports & Fitness,4948.86,1,10,South,Credit Card,4.0,4948.86,4453.97
101441,2024-07-25,Electronics,34424.44,1,25,West,Credit Card,4.8,34424.44,25818.33
101442,2024-12-17,Home & Kitchen,4102.08,1,0,East,UPI,3.8,4102.08,4102.08
101443,2024-09-27,Beauty & Personal Care,644.77,1,10,South,UPI,4.3,644.77,580.29
101444,2024-07-19,Electronics,32985.42,2,15,South,UPI,4.1,65970.84,56075.21
101445,2024-07-29,Electronics,30525.15,1,10,South,Net Banking,3.7,30525.15,27472.64
101446,2024-07-16,Home & Kitchen,5968.18,1,0,South,Credit Card,4.0,5968.18,5968.18
101447,2024-09-17,Beauty & Personal Care,1925.05,2,20,East,Credit Card,3.7,3850.1,3080.08
101448,2024-04-22,Home & Kitchen,5409.88,1,5,North,Debit Card,4.7,5409.88,5139.39
101449,2024-03-30,Home & Kitchen,5633.07,1,0,East,Credit Card,3.2,5633.07,5633.07
101450,2024-03-31,Beauty & Personal Care,409.88,1,0,Central,UPI,5.0,409.88,409.88
101451,2024-09-23,Home & Kitchen,5433.48,1,5,North,Credit Card,3.2,5433.48,5161.81
101452,2024-09-09,Clothing,3862.19,1,0,North,Cash on Delivery,3.9,3862.19,3862.19
101453,2024-08-20,Books,1091.92,1,25,North,Debit Card,3.9,1091.92,818.94
101454,2024-01-30,Clothing,1419.7,1,5,West,Net Banking,4.9,1419.7,1348.72
101455,2024-06-03,Clothing,2655.16,2,5,Central,Credit Card,3.4,5310.32,5044.8
101456,2024-09-03,Books,579.9,1,0,South,Credit Card,4.2,579.9,579.9
101457,2024-11-02,Beauty & Personal Care,3146.66,1,0,South,Cash on Delivery,3.6,3146.66,3146.66
101458,2024-12-07,Clothing,5106.12,1,0,South,Credit Card,2.7,5106.12,5106.12
101459,2024-11-15,Clothing,4741.56,1,5,South,Debit Card,4.3,4741.56,4504.48
101460,2024-08-30,Electronics,3724.23,2,0,Central,Net Banking,3.1,7448.46,7448.46
101461,2024-01-08,Home & Kitchen,3825.99,2,20,South,UPI,3.5,7651.98,6121.58
101462,2024-12-12,Grocery,1293.9,1,0,Central,Credit Card,4.4,1293.9,1293.9
101463,2024-04-07,Clothing,1937.58,1,15,East,Credit Card,4.5,1937.58,1646.94
101464,2024-12-18,Electronics,36558.32,1,0,East,Debit Card,4.3,36558.32,36558.32
101465,2024-09-22,Electronics,18163.36,2,5,North,Credit Card,4.9,36326.72,34510.38
101466,2024-11-05,Sports & Fitness,2012.5,3,5,East,Net Banking,3.9,6037.5,5735.62
101467,2024-08-02,Electronics,41611.03,1,10,South,Debit Card,3.6,41611.03,37449.93
101468,2024-11-30,Grocery,247.52,1,0,North,Cash on Delivery,5.0,247.52,247.52
101469,2024-02-19,Home & Kitchen,708.05,1,0,West,Debit Card,3.9,708.05,708.05
101470,2024-04-25,Books,521.81,1,5,East,UPI,5.0,521.81,495.72
101471,2024-01-01,Home & Kitchen,546.28,2,25,South,Credit Card,4.4,1092.56,819.42
101472,2024-09-09,Home & Kitchen,5146.2,1,10,West,Debit Card,3.4,5146.2,4631.58
101473,2024-02-09,Electronics,21186.56,2,5,West,Net Banking,4.0,42373.12,40254.46
101474,2024-11-24,Home & Kitchen,4633.16,1,5,North,UPI,5.0,4633.16,4401.5
101475,2024-04-18,Clothing,3724.51,1,15,Central,Credit Card,3.5,3724.51,3165.83
101476,2024-02-28,Home & Kitchen,6684.33,1,0,West,UPI,4.7,6684.33,6684.33
101477,2024-08-16,Home & Kitchen,2773.76,2,0,North,Net Banking,2.8,5547.52,5547.52
101478,2024-02-06,Electronics,6594.16,1,25,North,UPI,5.0,6594.16,4945.62
101479,2024-05-31,Beauty & Personal Care,1131.07,1,5,South,Credit Card,3.9,1131.07,1074.52
101480,2024-04-10,Home & Kitchen,5255.3,1,0,West,Cash on Delivery,4.1,5255.3,5255.3
101481,2024-08-10,Electronics,25717.26,1,5,West,UPI,3.4,25717.26,24431.4
101482,2024-07-21,Electronics,10873.47,3,5,Central,Credit Card,4.6,32620.41,30989.39
101483,2024-09-04,Beauty & Personal Care,1856.35,1,15,West,Debit Card,5.0,1856.35,1577.9
101484,2024-12-16,Books,1180.42,1,10,West,UPI,5.0,1180.42,1062.38
101485,2024-11-04,Beauty & Personal Care,3395.24,1,0,North,UPI,4.0,3395.24,3395.24
101486,2024-03-18,Home & Kitchen,5636.55,3,0,West,Net Banking,3.7,16909.65,16909.65
101487,2024-08-01,Books,1071.71,1,0,East,Credit Card,4.0,1071.71,1071.71
101488,2024-08-31,Electronics,17949.6,2,15,Central,Net Banking,4.5,35899.2,30514.32
101489,2024-08-15,Beauty & Personal Care,1342.01,2,10,South,UPI,5.0,2684.02,2415.62
101490,2024-06-20,Electronics,6693.93,1,5,East,Net Banking,4.5,6693.93,6359.23
101491,2024-09-16,Beauty & Personal Care,1434.95,1,0,North,Credit Card,4.0,1434.95,1434.95
101492,2024-05-08,Clothing,2567.36,1,0,South,Cash on Delivery,5.0,2567.36,2567.36
101493,2024-04-29,Beauty & Personal Care,2128.63,1,15,North,UPI,4.3,2128.63,1809.34
101494,2024-03-12,Clothing,1541.45,1,0,West,Credit Card,4.3,1541.45,1541.45
101495,2024-02-11,Electronics,23052.47,1,15,South,UPI,3.5,23052.47,19594.6
101496,2024-09-08,Sports & Fitness,1248.89,1,20,West,Debit Card,5.0,1248.89,999.11
101497,2024-06-04,Home & Kitchen,381.64,1,10,South,UPI,,381.64,343.48
101498,2024-10-18,Home & Kitchen,6049.61,3,0,North,Net Banking,4.0,18148.83,18148.83
101499,2024-07-10,Sports & Fitness,3283.89,1,0,Central,Debit Card,3.8,3283.89,3283.89
101500,2024-06-03,Beauty & Personal Care,2353.72,1,0,East,Cash on Delivery,4.9,2353.72,2353.72
101501,2024-07-08,Grocery,86.26,1,0,South,UPI,4.7,86.26,86.26
101502,2024-01-25,Electronics,3671.63,1,0,South,UPI,3.7,3671.63,3671.63
101503,2024-06-12,Home & Kitchen,4753.28,1,0,East,UPI,4.8,4753.28,4753.28
101504,2024-12-02,Electronics,52187.27,1,20,South,Credit Card,4.6,52187.27,41749.82
101505,2024-12-24,Home & Kitchen,7687.69,1,0,East,UPI,4.3,7687.69,7687.69
101506,2024-08-10,Electronics,21332.71,2,5,Central,Net Banking,4.7,42665.42,40532.15
101507,2024-11-09,Sports & Fitness,6688.89,1,10,West,Cash on Delivery,4.3,6688.89,6020.0
101508,2024-07-03,Books,140.58,1,0,North,UPI,4.5,140.58,140.58
101509,2024-02-09,Electronics,8644.49,1,5,West,Debit Card,4.0,8644.49,8212.27
101510,2024-06-20,Sports & Fitness,2241.53,1,0,Central,UPI,4.2,2241.53,2241.53
101511,2024-10-08,Books,209.2,1,0,East,Cash on Delivery,3.0,209.2,209.2
101512,2024-05-29,Home & Kitchen,5356.72,1,5,West,Cash on Delivery,5.0,5356.72,5088.88
101513,2024-04-06,Beauty & Personal Care,2162.23,1,10,East,Credit Card,3.6,2162.23,1946.01
101514,2024-04-26,Clothing,1452.2,1,15,East,Credit Card,4.0,1452.2,1234.37
101515,2024-06-28,Home & Kitchen,3401.85,1,10,South,Credit Card,4.1,3401.85,3061.66
101516,2024-06-29,Beauty & Personal Care,2274.8,2,0,West,UPI,3.3,4549.6,4549.6
101517,2024-11-28,Clothing,2089.69,1,0,East,Cash on Delivery,4.3,2089.69,2089.69
101518,2024-12-29,Books,1274.6,1,5,North,Net Banking,4.5,1274.6,1210.87
101519,2024-11-05,Sports & Fitness,7692.19,1,10,East,UPI,3.8,7692.19,6922.97
101520,2024-03-20,Beauty & Personal Care,1810.71,2,25,East,Credit Card,3.0,3621.42,2716.06
101521,2024-05-22,Grocery,269.3,1,15,Central,Credit Card,3.8,269.3,228.9
101522,2024-01-23,Clothing,2377.98,1,10,North,Credit Card,3.3,2377.98,2140.18
101523,2024-04-17,Books,736.83,1,10,Central,Net Banking,4.9,736.83,663.15
101524,2024-11-10,Home & Kitchen,9802.56,1,5,South,Cash on Delivery,4.7,9802.56,9312.43
101525,2024-05-24,Electronics,17317.81,1,25,West,UPI,3.2,17317.81,12988.36
101526,2024-03-10,Grocery,1414.25,1,0,South,Credit Card,4.2,1414.25,1414.25
101527,2024-09-05,Clothing,3099.5,1,20,East,Debit Card,4.5,3099.5,2479.6
101528,2024-06-13,Electronics,12037.25,1,20,South,Net Banking,4.5,12037.25,9629.8
101529,2024-04-15,Grocery,1266.68,1,20,Central,UPI,4.1,1266.68,1013.34
101530,2024-04-11,Home & Kitchen,4308.63,1,10,East,Cash on Delivery,4.0,4308.63,3877.77
101531,2024-04-30,Grocery,467.51,2,20,South,Cash on Delivery,3.8,935.02,748.02
101532,2024-09-26,Clothing,3231.2,1,20,North,UPI,5.0,3231.2,2584.96
101533,2024-02-01,Grocery,1194.49,1,0,Central,UPI,2.9,1194.49,1194.49
101534,2024-10-07,Clothing,1220.64,2,0,South,Net Banking,3.4,2441.28,2441.28
101535,2024-07-04,Beauty & Personal Care,164.3,1,0,North,Credit Card,3.5,164.3,164.3
101536,2024-04-15,Clothing,2796.29,1,0,North,Debit Card,3.4,2796.29,2796.29
101537,2024-07-06,Home & Kitchen,3948.84,1,15,East,Credit Card,5.0,3948.84,3356.51
101538,2024-10-01,Sports & Fitness,4306.56,1,0,West,Net Banking,3.6,4306.56,4306.56
101539,2024-03-15,Electronics,41502.75,2,25,East,Credit Card,3.0,83005.5,62254.12
101540,2024-09-10,Sports & Fitness,1693.27,1,25,Central,Net Banking,4.4,1693.27,1269.95
101541,2024-02-18,Clothing,3469.62,1,5,North,UPI,3.3,3469.62,3296.14
101542,2024-12-21,Home & Kitchen,7971.9,2,20,West,Credit Card,3.8,15943.8,12755.04
101543,2024-05-04,Books,1117.07,2,0,Central,Debit Card,3.8,2234.14,2234.14
101544,2024-05-17,Grocery,790.96,2,25,Central,Credit Card,4.7,1581.92,1186.44
101545,2024-02-02,Electronics,25343.22,1,20,North,Debit Card,4.7,25343.22,20274.58
101546,2024-04-04,Clothing,2603.6,1,15,North,Cash on Delivery,3.3,2603.6,2213.06
101547,2024-06-05,Sports & Fitness,4115.92,1,0,East,Credit Card,5.0,4115.92,4115.92
101548,2024-09-15,Electronics,35200.39,2,0,Central,Net Banking,2.9,70400.78,70400.78
101549,2024-01-13,Clothing,415.2,3,25,South,Cash on Delivery,4.9,1245.6,934.2
101550,2024-07-11,Sports & Fitness,3360.64,2,5,South,UPI,3.2,6721.28,6385.22
101551,2024-04-04,Grocery,1441.76,1,20,South,Net Banking,3.5,1441.76,1153.41
101552,2024-04-16,Books,1107.15,1,10,Central,Cash on Delivery,3.6,1107.15,996.44
101553,2024-07-21,Home & Kitchen,5407.86,1,5,East,Credit Card,4.1,5407.86,5137.47
101554,2024-01-12,Books,712.94,1,10,Central,Debit Card,4.0,712.94,641.65
101555,2024-07-24,Sports & Fitness,935.0,1,25,North,Credit Card,4.3,935.0,701.25
101556,2024-11-18,Beauty & Personal Care,2700.51,1,5,East,Debit Card,3.5,2700.51,2565.48
101557,2024-10-08,Electronics,37112.05,1,0,East,UPI,4.0,37112.05,37112.05
101558,2024-09-24,Clothing,2377.64,1,25,Central,Debit Card,4.6,2377.64,1783.23
101559,2024-04-24,Clothing,2063.83,2,10,South,Debit Card,4.0,4127.66,3714.89
101560,2024-07-27,Beauty & Personal Care,271.54,1,0,Central,Credit Card,4.1,271.54,271.54
101561,2024-06-09,Home & Kitchen,4974.77,1,0,East,Credit Card,4.3,4974.77,4974.77
101562,2024-07-15,Electronics,39477.05,1,10,Central,Credit Card,4.8,39477.05,35529.34
101563,2024-09-13,Electronics,20259.19,1,0,North,Debit Card,4.5,20259.19,20259.19
101564,2024-06-26,Electronics,22077.03,2,15,East,Net Banking,4.3,44154.06,37530.95
101565,2024-03-15,Home & Kitchen,4840.75,3,0,East,Credit Card,5.0,14522.25,14522.25
101566,2024-05-31,Home & Kitchen,4984.45,1,0,North,Credit Card,5.0,4984.45,4984.45
101567,2024-05-02,Sports & Fitness,3804.64,1,15,Central,UPI,5.0,3804.64,3233.94
101568,2024-05-10,Beauty & Personal Care,216.42,1,0,North,Debit Card,3.9,216.42,216.42
101569,2024-05-14,Electronics,30792.53,1,0,South,Credit Card,3.3,30792.53,30792.53
101570,2024-10-15,Grocery,570.44,2,10,Central,Debit Card,3.9,1140.88,1026.79
101571,2024-10-20,Clothing,2310.97,2,0,North,UPI,4.0,4621.94,4621.94
101572,2024-02-24,Home & Kitchen,1025.08,1,20,East,UPI,4.1,1025.08,820.06
101573,2024-10-19,Electronics,45590.0,1,10,West,Credit Card,4.7,45590.0,41031.0
101574,2024-08-22,Clothing,3232.26,1,15,North,Credit Card,4.1,3232.26,2747.42
101575,2024-05-16,Beauty & Personal Care,976.79,1,10,South,Cash on Delivery,3.8,976.79,879.11
101576,2024-06-23,Beauty & Personal Care,1442.28,1,0,South,Credit Card,2.1,1442.28,1442.28
101577,2024-07-02,Sports & Fitness,3118.78,1,0,North,Net Banking,3.2,3118.78,3118.78
101578,2024-04-24,Electronics,10727.45,1,25,Central,Debit Card,3.6,10727.45,8045.59
101579,2024-10-18,Electronics,5326.05,2,20,West,Net Banking,3.5,10652.1,8521.68
101580,2024-08-19,Sports & Fitness,4043.28,1,5,North,UPI,4.1,4043.28,3841.12
101581,2024-06-30,Home & Kitchen,4361.37,2,25,Central,Credit Card,5.0,8722.74,6542.06
101582,2024-04-02,Clothing,445.74,1,10,South,Credit Card,3.8,445.74,401.17
101583,2024-04-04,Beauty & Personal Care,924.82,1,10,North,UPI,3.9,924.82,832.34
101584,2024-05-22,Sports & Fitness,4015.98,3,0,South,Net Banking,2.4,12047.94,12047.94
101585,2024-06-06,Electronics,1997.32,1,5,Central,Net Banking,4.1,1997.32,1897.45
101586,2024-05-26,Grocery,348.3,1,0,East,UPI,5.0,348.3,348.3
101587,2024-12-19,Books,645.04,1,10,South,UPI,3.3,645.04,580.54
101588,2024-01-30,Clothing,2009.4,1,5,South,Credit Card,5.0,2009.4,1908.93
101589,2024-03-22,Home & Kitchen,7760.93,1,10,West,Credit Card,5.0,7760.93,6984.84
101590,2024-09-10,Electronics,28164.51,3,20,West,Credit Card,4.6,84493.53,67594.82
101591,2024-04-24,Electronics,9693.09,1,15,Central,UPI,3.3,9693.09,8239.13
101592,2024-06-09,Books,173.77,1,0,Central,Credit Card,3.2,173.77,173.77
101593,2024-08-29,Beauty & Personal Care,2159.08,1,0,West,Debit Card,5.0,2159.08,2159.08
101594,2024-08-05,Sports & Fitness,2289.05,1,0,West,Credit Card,4.0,2289.05,2289.05
101595,2024-12-18,Clothing,1878.45,2,0,Central,Cash on Delivery,3.3,3756.9,3756.9
101596,2024-07-08,Books,862.6,1,0,South,UPI,4.3,862.6,862.6
101597,2024-09-18,Home & Kitchen,3723.51,1,15,West,Cash on Delivery,4.7,3723.51,3164.98
101598,2024-10-31,Beauty & Personal Care,3076.49,2,5,North,Credit Card,3.3,6152.98,5845.33
101599,2024-09-26,Clothing,3051.83,1,5,South,UPI,3.7,3051.83,2899.24
101600,2024-02-11,Electronics,43741.65,3,10,West,Credit Card,3.8,131224.95,118102.46
101601,2024-03-03,Clothing,960.65,1,15,North,Net Banking,4.2,960.65,816.55
101602,2024-04-18,Grocery,1015.23,1,10,South,Debit Card,4.1,1015.23,913.71
101603,2024-08-02,Clothing,2689.89,3,0,West,Debit Card,3.1,8069.67,8069.67
101604,2024-08-19,Electronics,12133.67,2,10,Central,Credit Card,3.1,24267.34,21840.61
101605,2024-01-16,Electronics,26585.29,2,0,South,UPI,4.0,53170.58,53170.58
101606,2024-04-17,Sports & Fitness,2082.95,1,0,South,Net Banking,5.0,2082.95,2082.95
101607,2024-04-02,Electronics,34657.04,3,15,South,Credit Card,4.2,103971.12,88375.45
101608,2024-07-30,Home & Kitchen,1854.86,1,15,North,UPI,3.3,1854.86,1576.63
101609,2024-05-11,Clothing,1894.02,1,5,South,Debit Card,,1894.02,1799.32
101610,2024-10-02,Sports & Fitness,2218.38,1,0,North,UPI,4.1,2218.38,2218.38
101611,2024-05-09,Sports & Fitness,1559.68,1,0,West,Cash on Delivery,4.5,1559.68,1559.68
101612,2024-04-20,Books,987.39,1,0,South,Debit Card,5.0,987.39,987.39
101613,2024-12-15,Beauty & Personal Care,3357.05,1,15,East,Cash on Delivery,4.1,3357.05,2853.49
101614,2024-05-18,Home & Kitchen,3851.06,3,5,West,Net Banking,3.2,11553.18,10975.52
101615,2024-11-12,Books,1138.18,1,0,South,Net Banking,3.6,1138.18,1138.18
101616,2024-02-10,Clothing,2391.28,1,5,Central,UPI,3.3,2391.28,2271.72
101617,2024-06-21,Clothing,630.22,1,5,West,Credit Card,3.8,630.22,598.71
101618,2024-12-14,Clothing,2854.7,1,10,West,Credit Card,3.9,2854.7,2569.23
101619,2024-04-24,Electronics,44639.57,1,10,Central,UPI,4.3,44639.57,40175.61
101620,2024-10-16,Clothing,2549.81,1,15,West,Net Banking,4.8,2549.81,2167.34
101621,2024-06-30,Electronics,26795.61,1,25,North,UPI,4.1,26795.61,20096.71
101622,2024-06-05,Clothing,429.15,1,5,Central,Credit Card,2.7,429.15,407.69
101623,2024-08-27,Books,932.25,2,0,Central,Credit Card,4.5,1864.5,1864.5
101624,2024-06-18,Clothing,631.92,1,5,West,UPI,4.4,631.92,600.32
101625,2024-04-24,Home & Kitchen,3871.93,1,15,East,UPI,3.9,3871.93,3291.14
101626,2024-08-03,Electronics,33610.91,1,25,North,Credit Card,4.5,33610.91,25208.18
101627,2024-09-21,Grocery,342.47,1,0,North,UPI,3.6,342.47,342.47
101628,2024-07-29,Home & Kitchen,425.09,1,5,West,Credit Card,4.2,425.09,403.84
101629,2024-08-10,Books,412.75,1,10,South,UPI,3.4,412.75,371.48
101630,2024-11-15,Books,747.69,1,0,North,Cash on Delivery,2.9,747.69,747.69
101631,2024-05-25,Clothing,3023.14,1,5,West,Debit Card,4.6,3023.14,2871.98
101632,2024-05-04,Beauty & Personal Care,1197.75,1,15,North,Credit Card,4.4,1197.75,1018.09
101633,2024-04-29,Electronics,4623.63,1,10,Central,Net Banking,5.0,4623.63,4161.27
101634,2024-09-04,Sports & Fitness,4574.62,1,10,Central,Credit Card,4.7,4574.62,4117.16
101635,2024-03-08,Books,779.6,1,0,West,UPI,4.2,779.6,779.6
101636,2024-09-05,Beauty & Personal Care,428.24,1,0,South,Debit Card,5.0,428.24,428.24
101637,2024-10-01,Home & Kitchen,3107.07,1,10,South,Net Banking,4.0,3107.07,2796.36
101638,2024-08-06,Home & Kitchen,2760.52,1,0,South,Debit Card,5.0,2760.52,2760.52
101639,2024-08-08,Electronics,6402.36,1,10,South,Net Banking,3.3,6402.36,5762.12
101640,2024-08-27,Electronics,23570.4,1,0,North,UPI,4.4,23570.4,23570.4
101641,2024-11-17,Electronics,25932.4,1,10,North,Credit Card,3.0,25932.4,23339.16
101642,2024-03-25,Grocery,1134.73,1,10,Central,UPI,4.0,1134.73,1021.26
101643,2024-05-24,Home & Kitchen,4227.66,1,0,West,Debit Card,4.8,4227.66,4227.66
101644,2024-11-03,Beauty & Personal Care,2405.62,1,5,West,UPI,4.4,2405.62,2285.34
101645,2024-08-08,Home & Kitchen,3580.17,1,25,West,Cash on Delivery,3.4,3580.17,2685.13
101646,2024-03-11,Beauty & Personal Care,1590.64,2,0,Central,Debit Card,3.1,3181.28,3181.28
101647,2024-09-02,Sports & Fitness,3839.04,1,0,Central,Credit Card,4.3,3839.04,3839.04
101648,2024-01-17,Electronics,44304.79,1,5,Central,Credit Card,3.0,44304.79,42089.55
101649,2024-04-26,Beauty & Personal Care,1304.41,1,10,Central,UPI,3.6,1304.41,1173.97
101650,2024-12-10,Home & Kitchen,5448.94,1,15,East,Credit Card,5.0,5448.94,4631.6
101651,2024-04-11,Electronics,22071.76,1,10,West,Credit Card,4.4,22071.76,19864.58
101652,2024-08-11,Home & Kitchen,1328.31,1,20,West,Debit Card,2.2,1328.31,1062.65
101653,2024-08-01,Electronics,17834.13,1,5,Central,Credit Card,3.3,17834.13,16942.42
101654,2024-03-07,Electronics,31432.8,2,5,South,Credit Card,5.0,62865.6,59722.32
101655,2024-03-13,Grocery,1190.13,1,25,Central,UPI,3.6,1190.13,892.6
101656,2024-09-07,Clothing,3544.34,1,0,East,Credit Card,5.0,3544.34,3544.34
101657,2024-12-02,Electronics,22455.6,2,5,East,Credit Card,3.9,44911.2,42665.64
101658,2024-10-25,Home & Kitchen,9328.38,1,0,North,Debit Card,4.8,9328.38,9328.38
101659,2024-12-11,Grocery,1139.74,1,20,North,UPI,4.6,1139.74,911.79
101660,2024-04-07,Books,974.2,3,0,South,Credit Card,3.6,2922.6,2922.6
101661,2024-03-28,Electronics,5845.05,1,5,West,Cash on Delivery,3.5,5845.05,5552.8
101662,2024-06-26,Books,534.75,1,0,South,Net Banking,3.9,534.75,534.75
101663,2024-10-26,Clothing,5079.03,1,10,West,UPI,2.4,5079.03,4571.13
101664,2024-05-26,Home & Kitchen,7547.29,1,10,Central,Debit Card,4.1,7547.29,6792.56
101665,2024-03-02,Home & Kitchen,2995.27,1,5,East,Debit Card,4.8,2995.27,2845.51
101666,2024-04-28,Home & Kitchen,2840.15,1,10,East,UPI,4.2,2840.15,2556.14
101667,2024-08-07,Beauty & Personal Care,2023.13,1,0,West,Debit Card,3.1,2023.13,2023.13
101668,2024-03-17,Electronics,27745.51,1,0,West,Debit Card,4.2,27745.51,27745.51
101669,2024-09-07,Electronics,6717.4,1,10,North,Debit Card,4.4,6717.4,6045.66
101670,2024-01-02,Clothing,1876.57,1,10,North,UPI,3.3,1876.57,1688.91
101671,2024-01-22,Books,242.0,1,10,North,UPI,4.0,242.0,217.8
101672,2024-10-13,Electronics,33249.54,1,20,North,Credit Card,3.9,33249.54,26599.63
101673,2024-06-28,Books,229.97,1,15,East,Net Banking,5.0,229.97,195.47
101674,2024-07-26,Electronics,42722.85,1,0,South,Net Banking,3.6,42722.85,42722.85
101675,2024-11-26,Beauty & Personal Care,3482.56,1,0,East,UPI,4.8,3482.56,3482.56
101676,2024-10-30,Clothing,1696.95,1,15,South,Cash on Delivery,4.4,1696.95,1442.41
101677,2024-04-19,Beauty & Personal Care,718.93,1,0,South,Credit Card,3.5,718.93,718.93
101678,2024-05-08,Home & Kitchen,2535.42,1,0,East,UPI,3.4,2535.42,2535.42
101679,2024-11-03,Sports & Fitness,4135.59,1,5,North,Cash on Delivery,3.9,4135.59,3928.81
101680,2024-05-08,Electronics,25882.72,3,5,South,Cash on Delivery,4.9,77648.16,73765.75
101681,2024-03-07,Home & Kitchen,529.7,1,0,East,Net Banking,4.7,529.7,529.7
101682,2024-07-09,Electronics,32274.6,3,0,East,Debit Card,3.6,96823.8,96823.8
101683,2024-05-15,Beauty & Personal Care,1098.77,2,0,West,Credit Card,4.7,2197.54,2197.54
101684,2024-11-23,Grocery,624.03,1,5,Central,Credit Card,3.3,624.03,592.83
101685,2024-05-10,Electronics,34476.32,1,0,West,Credit Card,4.0,34476.32,34476.32
101686,2024-12-30,Electronics,20456.78,1,15,Central,UPI,3.8,20456.78,17388.26
101687,2024-04-11,Books,1166.49,1,0,Central,Debit Card,4.1,1166.49,1166.49
101688,2024-05-17,Home & Kitchen,2781.09,1,25,East,Cash on Delivery,3.5,2781.09,2085.82
101689,2024-11-22,Electronics,6144.76,1,0,West,Credit Card,5.0,6144.76,6144.76
101690,2024-05-30,Books,514.3,1,0,Central,UPI,4.5,514.3,514.3
101691,2024-09-02,Beauty & Personal Care,980.42,2,0,Central,Debit Card,3.6,1960.84,1960.84
101692,2024-03-19,Home & Kitchen,4182.02,1,5,North,Cash on Delivery,3.9,4182.02,3972.92
101693,2024-11-19,Clothing,2667.9,1,0,East,Credit Card,4.2,2667.9,2667.9
101694,2024-07-02,Sports & Fitness,1551.39,1,15,South,Cash on Delivery,,1551.39,1318.68
101695,2024-04-01,Beauty & Personal Care,1470.13,1,15,Central,Net Banking,4.6,1470.13,1249.61
101696,2024-05-12,Beauty & Personal Care,1450.63,3,0,North,Credit Card,3.5,4351.89,4351.89
101697,2024-06-02,Grocery,537.25,1,5,West,Cash on Delivery,3.7,537.25,510.39
101698,2024-06-20,Sports & Fitness,853.68,1,25,North,Debit Card,4.0,853.68,640.26
101699,2024-10-19,Clothing,3433.65,1,0,South,Credit Card,3.1,3433.65,3433.65
101700,2024-12-28,Electronics,54189.97,1,0,North,UPI,4.3,54189.97,54189.97
101701,2024-05-17,Electronics,21620.27,1,10,South,UPI,3.4,21620.27,19458.24
101702,2024-01-10,Sports & Fitness,5424.34,1,0,West,UPI,4.6,5424.34,5424.34
101703,2024-02-11,Electronics,13265.41,1,5,South,UPI,3.9,13265.41,12602.14
101704,2024-12-09,Clothing,4013.03,3,25,North,UPI,3.1,12039.09,9029.32
101705,2024-10-28,Electronics,44853.97,1,10,Central,Credit Card,3.7,44853.97,40368.57
101706,2024-11-23,Grocery,945.81,2,20,West,Credit Card,5.0,1891.62,1513.3
101707,2024-09-21,Sports & Fitness,2222.63,1,10,East,UPI,4.2,2222.63,2000.37
101708,2024-10-28,Books,398.55,1,0,South,Net Banking,3.2,398.55,398.55
101709,2024-03-14,Beauty & Personal Care,487.04,2,0,Central,Credit Card,3.2,974.08,974.08
101710,2024-03-18,Sports & Fitness,4430.07,1,10,North,Credit Card,4.5,4430.07,3987.06
101711,2024-08-29,Grocery,1244.53,1,0,North,Credit Card,3.6,1244.53,1244.53
101712,2024-11-08,Beauty & Personal Care,2440.6,2,0,West,UPI,3.9,4881.2,4881.2
101713,2024-08-08,Grocery,793.45,1,5,Central,UPI,3.4,793.45,753.78
101714,2024-05-16,Home & Kitchen,7123.19,1,10,North,UPI,4.1,7123.19,6410.87
101715,2024-08-05,Home & Kitchen,5341.21,1,5,North,UPI,4.0,5341.21,5074.15
101716,2024-10-27,Clothing,3061.24,2,5,South,Cash on Delivery,5.0,6122.48,5816.36
101717,2024-04-21,Clothing,1753.18,1,15,North,Net Banking,2.8,1753.18,1490.2
101718,2024-02-18,Home & Kitchen,4113.28,2,0,East,Net Banking,4.4,8226.56,8226.56
101719,2024-12-02,Electronics,46230.05,1,25,East,Debit Card,3.6,46230.05,34672.54
101720,2024-01-28,Books,135.38,2,10,South,Net Banking,3.1,270.76,243.68
101721,2024-08-08,Home & Kitchen,6329.76,1,15,South,UPI,5.0,6329.76,5380.3
101722,2024-03-04,Home & Kitchen,5334.97,1,5,North,Debit Card,4.6,5334.97,5068.22
101723,2024-11-03,Books,1219.2,1,10,North,Cash on Delivery,4.4,1219.2,1097.28
101724,2024-02-19,Clothing,3002.73,1,0,West,Debit Card,5.0,3002.73,3002.73
101725,2024-11-16,Clothing,2206.45,1,20,West,Debit Card,4.2,2206.45,1765.16
101726,2024-06-12,Electronics,7625.32,2,5,Central,UPI,4.4,15250.64,14488.11
101727,2024-11-20,Books,1302.21,2,0,South,Credit Card,3.5,2604.42,2604.42
101728,2024-09-22,Clothing,3165.27,1,0,North,Cash on Delivery,5.0,3165.27,3165.27
101729,2024-05-15,Home & Kitchen,3252.4,2,0,South,Debit Card,3.7,6504.8,6504.8
101730,2024-07-28,Sports & Fitness,5512.22,1,0,Central,Net Banking,5.0,5512.22,5512.22
101731,2024-05-22,Sports & Fitness,1455.01,1,10,East,Credit Card,4.9,1455.01,1309.51
101732,2024-04-28,Home & Kitchen,4301.08,1,10,East,Credit Card,3.9,4301.08,3870.97
101733,2024-12-20,Sports & Fitness,3083.63,1,0,West,Net Banking,3.9,3083.63,3083.63
101734,2024-06-22,Home & Kitchen,7997.42,1,5,North,Credit Card,3.0,7997.42,7597.55
101735,2024-06-01,Books,729.49,1,15,East,UPI,4.2,729.49,620.07
101736,2024-06-20,Electronics,13655.43,1,5,North,Net Banking,4.0,13655.43,12972.66
101737,2024-08-16,Beauty & Personal Care,1768.17,2,0,North,Cash on Delivery,3.9,3536.34,3536.34
101738,2024-05-07,Beauty & Personal Care,726.11,1,0,South,UPI,3.6,726.11,726.11
101739,2024-03-06,Home & Kitchen,6411.5,1,10,South,Net Banking,3.8,6411.5,5770.35
101740,2024-08-09,Home & Kitchen,1168.66,2,25,West,Credit Card,3.8,2337.32,1752.99
101741,2024-08-10,Grocery,1496.25,2,10,West,Credit Card,3.4,2992.5,2693.25
101742,2024-02-11,Grocery,321.21,2,5,Central,Net Banking,3.9,642.42,610.3
101743,2024-11-01,Electronics,18421.75,1,20,North,Credit Card,4.7,18421.75,14737.4
101744,2024-03-27,Grocery,1354.84,1,0,West,Net Banking,5.0,1354.84,1354.84
101745,2024-03-19,Books,157.92,1,10,East,Credit Card,3.6,157.92,142.13
101746,2024-12-06,Sports & Fitness,3038.62,1,15,North,Credit Card,4.1,3038.62,2582.83
101747,2024-07-02,Clothing,3777.33,1,10,East,Debit Card,5.0,3777.33,3399.6
101748,2024-11-27,Clothing,2916.28,3,10,Central,Credit Card,5.0,8748.84,7873.96
101749,2024-12-03,Grocery,798.64,1,20,East,Credit Card,4.7,798.64,638.91
101750,2024-04-02,Electronics,42356.25,1,0,North,Cash on Delivery,5.0,42356.25,42356.25
101751,2024-03-23,Electronics,7936.03,1,10,South,Debit Card,3.9,7936.03,7142.43
101752,2024-08-30,Clothing,794.17,1,10,West,Cash on Delivery,4.6,794.17,714.75
101753,2024-01-21,Electronics,2959.82,1,0,West,UPI,2.5,2959.82,2959.82
101754,2024-08-05,Beauty & Personal Care,263.6,2,5,North,Credit Card,3.3,527.2,500.84
101755,2024-01-21,Grocery,1358.97,1,10,South,Credit Card,4.6,1358.97,1223.07
101756,2024-11-30,Home & Kitchen,5660.94,1,0,South,Debit Card,3.3,5660.94,5660.94
101757,2024-01-19,Home & Kitchen,5518.02,1,0,South,Debit Card,4.9,5518.02,5518.02
101758,2024-01-29,Sports & Fitness,2537.45,1,15,North,Credit Card,5.0,2537.45,2156.83
101759,2024-11-19,Beauty & Personal Care,1760.37,2,5,North,Net Banking,4.0,3520.74,3344.7
101760,2024-05-16,Electronics,13964.81,3,10,South,UPI,4.2,41894.43,37704.99
101761,2024-01-09,Books,630.0,1,0,South,Debit Card,3.6,630.0,630.0
101762,2024-03-28,Grocery,471.89,1,5,West,Debit Card,3.0,471.89,448.3
101763,2024-02-16,Electronics,28969.1,1,20,North,Debit Card,5.0,28969.1,23175.28
101764,2024-07-15,Books,573.22,1,15,South,UPI,3.7,573.22,487.24
101765,2024-12-08,Grocery,1073.38,2,0,West,Debit Card,3.4,2146.76,2146.76
101766,2024-07-10,Home & Kitchen,6339.04,1,0,South,Credit Card,3.6,6339.04,6339.04
101767,2024-09-01,Clothing,1113.72,2,25,Central,Net Banking,3.7,2227.44,1670.58
101768,2024-03-28,Grocery,859.78,1,0,South,Credit Card,3.7,859.78,859.78
101769,2024-07-14,Electronics,19588.01,1,10,Central,UPI,4.4,19588.01,17629.21
101770,2024-09-19,Clothing,3973.41,1,10,East,Credit Card,4.2,3973.41,3576.07
101771,2024-08-17,Clothing,1013.19,1,0,North,Credit Card,5.0,1013.19,1013.19
101772,2024-06-09,Home & Kitchen,635.54,3,15,Central,UPI,4.1,1906.62,1620.63
101773,2024-11-20,Beauty & Personal Care,1488.82,1,20,East,Net Banking,5.0,1488.82,1191.06
101774,2024-09-29,Beauty & Personal Care,2489.47,1,5,South,UPI,2.7,2489.47,2365.0
101775,2024-04-12,Clothing,2923.76,1,10,East,Credit Card,3.2,2923.76,2631.38
101776,2024-09-08,Beauty & Personal Care,2285.34,2,20,North,Credit Card,4.4,4570.68,3656.54
101777,2024-09-11,Home & Kitchen,6425.83,1,5,Central,Debit Card,2.9,6425.83,6104.54
101778,2024-06-24,Electronics,15093.99,1,10,South,Credit Card,4.3,15093.99,13584.59
101779,2024-05-17,Electronics,42861.61,2,5,West,Cash on Delivery,5.0,85723.22,81437.06
101780,2024-07-05,Electronics,3011.28,1,5,North,UPI,3.0,3011.28,2860.72
101781,2024-06-17,Grocery,623.69,1,25,North,UPI,3.9,623.69,467.77
101782,2024-03-11,Electronics,31905.85,1,5,North,Cash on Delivery,4.1,31905.85,30310.56
101783,2024-06-13,Beauty & Personal Care,2464.77,1,0,North,Credit Card,4.2,2464.77,2464.77
101784,2024-10-01,Clothing,1959.07,1,20,Central,UPI,2.8,1959.07,1567.26
101785,2024-02-27,Books,148.78,1,10,Central,UPI,3.9,148.78,133.9
101786,2024-11-04,Electronics,57351.35,1,0,East,UPI,4.8,57351.35,57351.35
101787,2024-02-13,Home & Kitchen,5387.25,1,10,West,Debit Card,3.0,5387.25,4848.53
101788,2024-12-12,Sports & Fitness,7579.97,1,0,East,Credit Card,3.8,7579.97,7579.97
101789,2024-07-10,Clothing,892.28,1,5,Central,UPI,5.0,892.28,847.67
101790,2024-06-01,Electronics,38741.66,1,15,Central,UPI,2.2,38741.66,32930.41
101791,2024-04-25,Electronics,24324.07,1,0,Central,Cash on Delivery,3.2,24324.07,24324.07
101792,2024-05-18,Clothing,3059.91,1,5,Central,Credit Card,4.0,3059.91,2906.91
101793,2024-10-19,Electronics,47448.05,1,10,North,Credit Card,4.1,47448.05,42703.24
101794,2024-02-09,Beauty & Personal Care,1943.95,1,15,East,Credit Card,4.2,1943.95,1652.36
101795,2024-12-19,Electronics,14942.46,1,20,South,UPI,3.8,14942.46,11953.97
101796,2024-10-23,Beauty & Personal Care,1363.86,1,10,North,Cash on Delivery,4.3,1363.86,1227.47
101797,2024-01-12,Home & Kitchen,1937.64,1,10,Central,UPI,4.3,1937.64,1743.88
101798,2024-05-25,Sports & Fitness,1493.49,1,0,East,UPI,3.1,1493.49,1493.49
101799,2024-04-04,Electronics,38158.28,1,0,South,UPI,4.7,38158.28,38158.28
101800,2024-07-24,Beauty & Personal Care,1501.57,1,0,West,Credit Card,4.4,1501.57,1501.57
101801,2024-07-13,Home & Kitchen,7342.39,1,5,West,Cash on Delivery,2.9,7342.39,6975.27
101802,2024-02-19,Home & Kitchen,6365.24,2,5,Central,UPI,4.1,12730.48,12093.96
101803,2024-05-25,Sports & Fitness,5505.73,1,15,South,Credit Card,5.0,5505.73,4679.87
101804,2024-06-07,Grocery,266.43,2,0,Central,UPI,5.0,532.86,532.86
101805,2024-06-14,Beauty & Personal Care,968.02,1,0,East,UPI,2.2,968.02,968.02
101806,2024-12-04,Books,517.01,1,15,West,Net Banking,2.3,517.01,439.46
101807,2024-10-28,Home & Kitchen,1752.83,1,0,North,Net Banking,5.0,1752.83,1752.83
101808,2024-05-15,Clothing,1522.28,1,0,Central,UPI,4.9,1522.28,1522.28
101809,2024-10-03,Sports & Fitness,3743.14,3,15,South,Net Banking,5.0,11229.42,9545.01
101810,2024-06-21,Books,1160.56,1,15,Central,Credit Card,2.7,1160.56,986.48
101811,2024-05-09,Beauty & Personal Care,150.57,2,0,North,Credit Card,4.6,301.14,301.14
101812,2024-03-05,Sports & Fitness,5844.08,1,0,West,UPI,2.8,5844.08,5844.08
101813,2024-03-17,Clothing,373.56,1,25,North,Debit Card,4.4,373.56,280.17
101814,2024-11-15,Grocery,952.94,1,5,South,Debit Card,5.0,952.94,905.29
101815,2024-11-25,Sports & Fitness,2886.18,1,0,East,Credit Card,4.0,2886.18,2886.18
101816,2024-05-28,Electronics,25078.54,1,0,South,Credit Card,2.8,25078.54,25078.54
101817,2024-03-01,Electronics,7637.75,1,5,West,UPI,4.7,7637.75,7255.86
101818,2024-07-27,Electronics,22985.64,1,5,North,UPI,4.9,22985.64,21836.36
101819,2024-12-11,Electronics,24630.96,1,0,West,Net Banking,4.4,24630.96,24630.96
101820,2024-04-10,Home & Kitchen,4188.33,1,10,Central,Cash on Delivery,5.0,4188.33,3769.5
101821,2024-02-25,Electronics,29313.5,2,5,North,UPI,4.7,58627.0,55695.65
101822,2024-09-27,Beauty & Personal Care,2172.71,1,0,Central,UPI,3.8,2172.71,2172.71
101823,2024-05-24,Books,465.83,2,0,Central,Credit Card,4.9,931.66,931.66
101824,2024-02-24,Sports & Fitness,5869.05,1,0,North,UPI,3.6,5869.05,5869.05
101825,2024-09-19,Clothing,648.62,1,20,South,UPI,3.1,648.62,518.9
101826,2024-12-30,Books,168.04,1,5,West,Net Banking,2.5,168.04,159.64
101827,2024-10-25,Electronics,11456.16,1,10,Central,Credit Card,4.3,11456.16,10310.54
101828,2024-10-04,Sports & Fitness,6935.98,1,5,East,Cash on Delivery,,6935.98,6589.18
101829,2024-11-08,Electronics,60388.86,1,20,East,Debit Card,3.8,60388.86,48311.09
101830,2024-07-02,Beauty & Personal Care,2468.04,1,5,East,Net Banking,3.6,2468.04,2344.64
101831,2024-03-23,Home & Kitchen,268.44,1,0,East,UPI,2.9,268.44,268.44
101832,2024-06-30,Grocery,1465.05,2,0,Central,UPI,4.7,2930.1,2930.1
101833,2024-09-16,Books,1036.42,1,15,West,Credit Card,3.8,1036.42,880.96
101834,2024-10-07,Home & Kitchen,10004.82,1,5,West,Net Banking,5.0,10004.82,9504.58
101835,2024-11-27,Clothing,5339.96,1,0,East,UPI,3.4,5339.96,5339.96
101836,2024-09-07,Grocery,138.13,2,0,North,Debit Card,4.6,276.26,276.26
101837,2024-09-24,Clothing,1013.86,1,0,East,Net Banking,4.8,1013.86,1013.86
101838,2024-04-24,Electronics,7566.75,1,10,East,Credit Card,4.2,7566.75,6810.08
101839,2024-05-20,Sports & Fitness,1773.29,1,0,South,Credit Card,5.0,1773.29,1773.29
101840,2024-02-19,Beauty & Personal Care,515.19,1,0,South,UPI,4.3,515.19,515.19
101841,2024-03-20,Electronics,9557.21,1,0,West,Net Banking,4.8,9557.21,9557.21
101842,2024-09-23,Beauty & Personal Care,2346.12,1,0,Central,Credit Card,5.0,2346.12,2346.12
101843,2024-06-22,Grocery,586.74,2,15,North,Debit Card,3.1,1173.48,997.46
101844,2024-12-12,Beauty & Personal Care,2646.13,1,20,East,Cash on Delivery,3.5,2646.13,2116.9
101845,2024-07-01,Home & Kitchen,493.07,1,20,West,Cash on Delivery,4.5,493.07,394.46
101846,2024-08-15,Electronics,8040.05,1,0,West,UPI,4.7,8040.05,8040.05
101847,2024-01-18,Home & Kitchen,2319.22,1,0,North,Credit Card,3.1,2319.22,2319.22
101848,2024-05-02,Books,1147.26,1,10,West,Cash on Delivery,5.0,1147.26,1032.53
101849,2024-02-16,Home & Kitchen,7916.2,1,25,Central,UPI,4.2,7916.2,5937.15
101850,2024-07-04,Sports & Fitness,5125.76,1,0,North,Credit Card,5.0,5125.76,5125.76
101851,2024-10-01,Beauty & Personal Care,1190.89,1,15,North,Cash on Delivery,3.9,1190.89,1012.26
101852,2024-01-03,Clothing,331.65,2,0,West,UPI,4.4,663.3,663.3
101853,2024-10-17,Electronics,38982.55,3,0,Central,Credit Card,3.6,116947.65,116947.65
101854,2024-05-13,Electronics,12902.7,1,0,West,UPI,4.0,12902.7,12902.7
101855,2024-03-03,Home & Kitchen,6438.67,1,0,Central,UPI,4.6,6438.67,6438.67
101856,2024-05-29,Beauty & Personal Care,1458.87,1,0,South,Credit Card,5.0,1458.87,1458.87
101857,2024-07-31,Electronics,1885.68,1,5,Central,UPI,3.7,1885.68,1791.4
101858,2024-07-24,Books,488.9,1,5,South,Debit Card,2.7,488.9,464.46
101859,2024-07-14,Clothing,1870.41,1,15,Central,Credit Card,4.1,1870.41,1589.85
101860,2024-03-05,Home & Kitchen,7776.11,1,5,South,UPI,3.3,7776.11,7387.3
101861,2024-12-31,Electronics,62993.46,1,0,Central,Cash on Delivery,4.3,62993.46,62993.46
101862,2024-06-05,Books,743.61,1,20,East,Credit Card,4.3,743.61,594.89
101863,2024-02-29,Books,529.57,1,20,Central,Credit Card,3.9,529.57,423.66
101864,2024-06-28,Beauty & Personal Care,2468.38,2,10,North,Credit Card,4.1,4936.76,4443.08
101865,2024-02-09,Electronics,16962.58,1,0,East,UPI,5.0,16962.58,16962.58
101866,2024-06-06,Beauty & Personal Care,1916.39,1,0,Central,Credit Card,3.7,1916.39,1916.39
101867,2024-05-10,Clothing,2851.31,2,25,East,Cash on Delivery,4.7,5702.62,4276.96
101868,2024-02-10,Electronics,17958.46,2,0,East,UPI,3.8,35916.92,35916.92
101869,2024-09-17,Grocery,68.19,1,0,West,Credit Card,2.6,68.19,68.19
101870,2024-03-07,Clothing,3357.53,1,5,North,Credit Card,4.1,3357.53,3189.65
101871,2024-07-09,Sports & Fitness,3973.41,1,0,Central,Debit Card,4.3,3973.41,3973.41
101872,2024-05-14,Electronics,13892.66,1,5,Central,UPI,4.5,13892.66,13198.03
101873,2024-03-10,Electronics,26084.13,2,25,North,Net Banking,3.7,52168.26,39126.2
101874,2024-09-18,Clothing,1996.1,2,15,South,Net Banking,3.0,3992.2,3393.37
101875,2024-08-09,Electronics,16627.78,1,0,North,Debit Card,4.9,16627.78,16627.78
101876,2024-09-12,Clothing,3946.5,1,0,South,Credit Card,4.2,3946.5,3946.5
101877,2024-05-18,Beauty & Personal Care,2477.44,2,0,South,Net Banking,4.6,4954.88,4954.88
101878,2024-04-01,Beauty & Personal Care,1695.88,1,0,North,Debit Card,4.2,1695.88,1695.88
101879,2024-06-06,Electronics,14651.21,2,0,North,UPI,4.4,29302.42,29302.42
101880,2024-07-16,Grocery,889.37,1,0,East,UPI,4.5,889.37,889.37
101881,2024-02-29,Electronics,16777.53,1,25,Central,UPI,4.8,16777.53,12583.15
101882,2024-02-29,Beauty & Personal Care,480.95,1,0,North,Credit Card,4.1,480.95,480.95
101883,2024-10-22,Beauty & Personal Care,1243.31,1,10,Central,Debit Card,2.9,1243.31,1118.98
101884,2024-01-23,Clothing,2887.2,1,5,South,Credit Card,4.2,2887.2,2742.84
101885,2024-06-27,Beauty & Personal Care,1999.43,1,20,South,UPI,2.9,1999.43,1599.54
101886,2024-09-28,Home & Kitchen,3094.67,1,5,Central,Credit Card,3.6,3094.67,2939.94
101887,2024-02-12,Beauty & Personal Care,660.32,3,15,North,Cash on Delivery,4.0,1980.96,1683.82
101888,2024-08-21,Home & Kitchen,1337.94,1,10,South,UPI,2.9,1337.94,1204.15
101889,2024-01-28,Electronics,28754.76,1,20,Central,Credit Card,3.7,28754.76,23003.81
101890,2024-10-21,Clothing,637.3,1,0,South,Net Banking,5.0,637.3,637.3
101891,2024-07-17,Clothing,479.92,1,15,East,Credit Card,4.9,479.92,407.93
101892,2024-05-12,Clothing,787.55,1,0,South,UPI,3.9,787.55,787.55
101893,2024-05-21,Clothing,1604.32,1,5,West,UPI,3.7,1604.32,1524.1
101894,2024-09-23,Home & Kitchen,5073.62,3,5,North,Net Banking,4.0,15220.86,14459.82
101895,2024-04-07,Sports & Fitness,2630.54,3,0,South,Credit Card,4.6,7891.62,7891.62
101896,2024-04-03,Home & Kitchen,1031.91,3,10,North,UPI,5.0,3095.73,2786.16
101897,2024-04-19,Sports & Fitness,3330.1,1,0,South,Net Banking,5.0,3330.1,3330.1
101898,2024-12-27,Clothing,4850.11,2,20,East,Credit Card,4.4,9700.22,7760.18
101899,2024-10-22,Beauty & Personal Care,1558.39,1,20,East,Debit Card,4.2,1558.39,1246.71
101900,2024-03-20,Sports & Fitness,3186.81,1,10,East,Debit Card,5.0,3186.81,2868.13
101901,2024-03-23,Clothing,1997.3,3,0,West,Net Banking,4.0,5991.9,5991.9
101902,2024-07-17,Beauty & Personal Care,2448.38,2,10,North,UPI,4.9,4896.76,4407.08
101903,2024-03-17,Books,1151.85,2,10,East,Debit Card,5.0,2303.7,2073.33
101904,2024-02-28,Home & Kitchen,5772.7,1,0,West,Credit Card,5.0,5772.7,5772.7
101905,2024-07-19,Electronics,19178.39,1,25,East,Cash on Delivery,2.9,19178.39,14383.79
101906,2024-10-19,Electronics,22999.44,1,0,East,UPI,4.4,22999.44,22999.44
101907,2024-06-10,Grocery,611.26,2,0,South,Credit Card,2.6,1222.52,1222.52
101908,2024-05-19,Clothing,1330.92,1,0,South,Net Banking,4.3,1330.92,1330.92
101909,2024-03-13,Sports & Fitness,2931.25,1,15,West,UPI,,2931.25,2491.56
101910,2024-07-13,Electronics,16228.49,1,5,West,Credit Card,3.0,16228.49,15417.07
101911,2024-05-12,Sports & Fitness,4805.03,1,25,East,UPI,4.2,4805.03,3603.77
101912,2024-11-15,Sports & Fitness,2097.73,1,15,North,Credit Card,3.9,2097.73,1783.07
101913,2024-08-18,Beauty & Personal Care,2129.54,1,10,Central,UPI,3.5,2129.54,1916.59
101914,2024-01-19,Sports & Fitness,523.98,1,0,West,UPI,5.0,523.98,523.98
101915,2024-10-22,Beauty & Personal Care,284.64,2,10,North,Net Banking,4.3,569.28,512.35
101916,2024-05-22,Clothing,3591.94,1,0,East,Credit Card,3.2,3591.94,3591.94
101917,2024-02-01,Beauty & Personal Care,1249.55,1,15,East,Credit Card,3.4,1249.55,1062.12
101918,2024-04-02,Books,533.99,1,0,North,Credit Card,3.0,533.99,533.99
101919,2024-06-16,Electronics,14198.95,1,0,Central,Credit Card,4.3,14198.95,14198.95
101920,2024-11-22,Grocery,731.45,1,0,North,Debit Card,2.9,731.45,731.45
101921,2024-11-12,Home & Kitchen,7638.05,1,10,West,Credit Card,4.1,7638.05,6874.24
101922,2024-03-15,Electronics,23360.13,1,0,Central,UPI,4.6,23360.13,23360.13
101923,2024-05-25,Sports & Fitness,5097.73,1,15,East,Credit Card,4.5,5097.73,4333.07
101924,2024-10-15,Electronics,28965.65,1,0,West,Credit Card,4.3,28965.65,28965.65
101925,2024-03-08,Sports & Fitness,2261.71,1,10,Central,Credit Card,4.5,2261.71,2035.54
101926,2024-05-19,Sports & Fitness,5314.26,1,5,Central,UPI,4.8,5314.26,5048.55
101927,2024-03-07,Clothing,1821.89,1,25,North,Credit Card,5.0,1821.89,1366.42
101928,2024-01-13,Beauty & Personal Care,1891.6,1,0,East,UPI,5.0,1891.6,1891.6
101929,2024-03-16,Electronics,15248.23,2,10,North,Cash on Delivery,3.1,30496.46,27446.81
101930,2024-02-15,Home & Kitchen,7977.95,1,0,South,UPI,4.4,7977.95,7977.95
101931,2024-10-06,Electronics,54627.46,1,20,East,UPI,2.9,54627.46,43701.97
101932,2024-08-01,Home & Kitchen,1784.65,1,0,East,Credit Card,4.3,1784.65,1784.65
101933,2024-05-22,Books,1033.63,1,10,North,UPI,,1033.63,930.27
101934,2024-04-07,Sports & Fitness,959.65,2,0,West,UPI,3.7,1919.3,1919.3
101935,2024-08-22,Books,546.65,1,10,South,UPI,3.8,546.65,491.98
101936,2024-06-09,Books,1170.62,1,10,South,UPI,4.9,1170.62,1053.56
101937,2024-03-26,Beauty & Personal Care,304.83,1,10,East,UPI,4.3,304.83,274.35
101938,2024-01-21,Electronics,33812.0,1,0,East,Net Banking,4.4,33812.0,33812.0
101939,2024-01-02,Home & Kitchen,331.53,1,0,Central,Credit Card,4.5,331.53,331.53
101940,2024-02-02,Beauty & Personal Care,480.66,2,20,Central,UPI,4.6,961.32,769.06
101941,2024-12-01,Clothing,1584.25,1,0,South,Credit Card,5.0,1584.25,1584.25
101942,2024-05-05,Books,621.47,2,0,West,Net Banking,3.4,1242.94,1242.94
101943,2024-11-18,Beauty & Personal Care,1337.62,1,10,South,Debit Card,3.9,1337.62,1203.86
101944,2024-02-01,Grocery,1292.08,2,0,Central,Credit Card,5.0,2584.16,2584.16
101945,2024-01-26,Sports & Fitness,1664.09,1,0,West,UPI,3.6,1664.09,1664.09
101946,2024-07-27,Books,109.33,1,15,Central,Net Banking,4.0,109.33,92.93
101947,2024-09-21,Beauty & Personal Care,1487.26,1,5,North,UPI,4.8,1487.26,1412.9
101948,2024-12-18,Grocery,1919.61,1,15,Central,UPI,4.7,1919.61,1631.67
101949,2024-04-20,Clothing,1296.58,2,10,West,Credit Card,3.4,2593.16,2333.84
101950,2024-01-12,Sports & Fitness,5654.84,1,10,South,Cash on Delivery,4.6,5654.84,5089.36
101951,2024-12-11,Sports & Fitness,4401.93,1,5,Central,Cash on Delivery,3.3,4401.93,4181.83
101952,2024-03-17,Clothing,765.15,1,15,East,Credit Card,4.9,765.15,650.38
101953,2024-02-19,Clothing,1594.4,3,5,South,UPI,3.3,4783.2,4544.04
101954,2024-08-26,Home & Kitchen,4565.0,1,0,West,Credit Card,3.4,4565.0,4565.0
101955,2024-03-06,Electronics,8274.08,1,10,East,Cash on Delivery,4.0,8274.08,7446.67
101956,2024-10-04,Sports & Fitness,6714.32,2,10,Central,Credit Card,3.8,13428.64,12085.78
101957,2024-04-27,Electronics,1916.99,1,5,Central,UPI,5.0,1916.99,1821.14
101958,2024-12-06,Electronics,35377.06,1,20,West,Net Banking,3.8,35377.06,28301.65
101959,2024-06-02,Home & Kitchen,4407.53,2,0,West,Credit Card,4.4,8815.06,8815.06
101960,2024-07-19,Grocery,1440.83,1,0,Central,UPI,4.8,1440.83,1440.83
101961,2024-10-17,Home & Kitchen,6323.62,1,25,South,Cash on Delivery,5.0,6323.62,4742.72
101962,2024-10-15,Grocery,386.4,1,15,South,Cash on Delivery,3.8,386.4,328.44
101963,2024-04-16,Clothing,422.79,1,0,North,UPI,4.1,422.79,422.79
101964,2024-05-22,Electronics,36306.88,1,10,West,UPI,4.2,36306.88,32676.19
101965,2024-12-01,Beauty & Personal Care,1190.28,1,10,West,Net Banking,2.9,1190.28,1071.25
101966,2024-08-01,Clothing,3083.55,1,5,West,Credit Card,3.1,3083.55,2929.37
101967,2024-08-15,Clothing,3865.94,2,15,East,Debit Card,3.5,7731.88,6572.1
101968,2024-05-08,Clothing,2077.47,3,0,Central,Net Banking,4.2,6232.41,6232.41
101969,2024-01-04,Books,1031.43,1,10,West,Credit Card,3.1,1031.43,928.29
101970,2024-06-01,Clothing,2641.25,3,20,West,Credit Card,5.0,7923.75,6339.0
101971,2024-08-27,Grocery,1283.03,1,25,East,Credit Card,4.6,1283.03,962.27
101972,2024-10-07,Home & Kitchen,7585.6,1,0,East,Credit Card,3.5,7585.6,7585.6
101973,2024-05-13,Electronics,25271.31,1,0,South,UPI,2.7,25271.31,25271.31
101974,2024-05-16,Electronics,13174.46,1,0,South,Debit Card,3.8,13174.46,13174.46
101975,2024-05-21,Grocery,82.14,1,25,East,UPI,4.1,82.14,61.6
101976,2024-05-20,Electronics,30696.6,3,5,West,Cash on Delivery,3.9,92089.8,87485.31
101977,2024-03-14,Home & Kitchen,4358.49,1,10,North,Net Banking,4.0,4358.49,3922.64
101978,2024-04-13,Electronics,28661.42,1,5,North,Debit Card,4.1,28661.42,27228.35
101979,2024-11-18,Electronics,44325.78,1,20,North,Cash on Delivery,3.3,44325.78,35460.62
101980,2024-11-27,Electronics,24847.39,1,5,Central,Debit Card,4.6,24847.39,23605.02
101981,2024-07-20,Home & Kitchen,2430.16,1,5,North,UPI,4.8,2430.16,2308.65
101982,2024-10-15,Home & Kitchen,8954.48,1,0,South,UPI,5.0,8954.48,8954.48
101983,2024-10-08,Electronics,34503.71,1,0,South,Net Banking,4.9,34503.71,34503.71
101984,2024-12-04,Clothing,645.43,1,0,South,Net Banking,3.3,645.43,645.43
101985,2024-11-01,Home & Kitchen,1282.82,1,0,West,Credit Card,3.8,1282.82,1282.82
101986,2024-03-21,Electronics,39792.95,1,15,North,Debit Card,4.6,39792.95,33824.01
101987,2024-09-07,Electronics,31978.62,1,15,West,UPI,4.3,31978.62,27181.83
101988,2024-03-07,Home & Kitchen,2999.52,1,0,North,UPI,4.0,2999.52,2999.52
101989,2024-12-18,Electronics,31153.37,2,0,South,Cash on Delivery,4.8,62306.74,62306.74
101990,2024-04-13,Clothing,1387.07,2,10,South,UPI,4.6,2774.14,2496.73
101991,2024-09-28,Sports & Fitness,706.54,1,10,South,UPI,4.2,706.54,635.89
101992,2024-12-13,Clothing,3903.04,1,0,South,UPI,3.9,3903.04,3903.04
101993,2024-02-26,Electronics,1812.09,1,0,South,Debit Card,4.1,1812.09,1812.09
101994,2024-02-21,Clothing,1743.14,2,5,Central,Credit Card,5.0,3486.28,3311.97
101995,2024-11-14,Books,501.65,1,10,South,Debit Card,3.2,501.65,451.48
101996,2024-01-23,Home & Kitchen,1651.83,1,15,North,UPI,4.6,1651.83,1404.06
101997,2024-09-24,Home & Kitchen,874.77,1,5,West,Debit Card,3.9,874.77,831.03
101998,2024-04-19,Home & Kitchen,1217.43,1,10,East,Cash on Delivery,4.2,1217.43,1095.69
101999,2024-03-10,Electronics,30029.43,2,0,South,Credit Card,4.2,60058.86,60058.86
102000,2024-09-19,Home & Kitchen,4851.36,1,0,West,UPI,3.3,4851.36,4851.36
102001,2024-10-17,Clothing,5312.43,1,15,South,UPI,3.7,5312.43,4515.57
102002,2024-07-20,Clothing,3277.53,2,20,West,Credit Card,3.9,6555.06,5244.05
102003,2024-07-06,Electronics,36215.03,1,0,South,UPI,3.5,36215.03,36215.03
102004,2024-03-01,Sports & Fitness,805.99,2,5,Central,Credit Card,3.8,1611.98,1531.38
102005,2024-11-27,Home & Kitchen,7489.09,1,15,South,Cash on Delivery,5.0,7489.09,6365.73
102006,2024-11-28,Electronics,19691.03,1,5,North,Credit Card,3.2,19691.03,18706.48
102007,2024-02-13,Beauty & Personal Care,1584.09,1,10,South,Debit Card,3.8,1584.09,1425.68
102008,2024-05-09,Sports & Fitness,1528.55,1,25,South,Credit Card,3.6,1528.55,1146.41
102009,2024-09-12,Home & Kitchen,5708.61,1,10,East,UPI,5.0,5708.61,5137.75
102010,2024-04-11,Clothing,3525.06,1,5,Central,UPI,4.4,3525.06,3348.81
102011,2024-07-20,Home & Kitchen,3539.12,2,15,Central,Net Banking,5.0,7078.24,6016.5
102012,2024-12-30,Beauty & Personal Care,1849.64,1,20,Central,UPI,4.0,1849.64,1479.71
102013,2024-09-26,Books,378.82,1,0,North,UPI,2.5,378.82,378.82
102014,2024-07-06,Clothing,1221.37,2,15,South,UPI,3.2,2442.74,2076.33
102015,2024-02-22,Electronics,2632.29,1,15,East,UPI,3.7,2632.29,2237.45
102016,2024-01-04,Sports & Fitness,2419.94,1,0,South,Debit Card,3.1,2419.94,2419.94
102017,2024-04-25,Sports & Fitness,3447.8,1,10,East,Cash on Delivery,3.1,3447.8,3103.02
102018,2024-12-02,Home & Kitchen,4368.99,3,0,South,Net Banking,2.9,13106.97,13106.97
102019,2024-05-31,Sports & Fitness,453.06,1,15,Central,Cash on Delivery,3.9,453.06,385.1
102020,2024-02-04,Home & Kitchen,6318.04,1,10,South,Debit Card,3.8,6318.04,5686.24
102021,2024-10-09,Beauty & Personal Care,610.85,1,0,Central,Debit Card,3.9,610.85,610.85
102022,2024-09-11,Home & Kitchen,7519.65,1,20,East,UPI,3.4,7519.65,6015.72
102023,2024-07-15,Clothing,428.7,1,10,West,Credit Card,3.6,428.7,385.83
102024,2024-06-10,Beauty & Personal Care,1811.53,1,20,East,Credit Card,5.0,1811.53,1449.22
102025,2024-03-24,Sports & Fitness,2602.18,1,15,South,Debit Card,3.7,2602.18,2211.85
102026,2024-04-23,Clothing,1251.2,1,0,Central,Debit Card,2.5,1251.2,1251.2
102027,2024-05-21,Beauty & Personal Care,2306.82,1,5,Central,Credit Card,3.9,2306.82,2191.48
102028,2024-03-19,Electronics,21371.51,2,0,East,Cash on Delivery,4.9,42743.02,42743.02
102029,2024-04-14,Sports & Fitness,4124.27,1,0,North,Debit Card,3.6,4124.27,4124.27
102030,2024-08-01,Books,593.26,1,10,West,Credit Card,4.2,593.26,533.93
102031,2024-03-19,Electronics,32729.28,2,0,East,Cash on Delivery,3.9,65458.56,65458.56
102032,2024-10-30,Home & Kitchen,1511.09,1,10,East,UPI,4.2,1511.09,1359.98
102033,2024-06-04,Clothing,3219.63,1,0,South,Debit Card,4.5,3219.63,3219.63
102034,2024-04-05,Clothing,2574.18,2,10,North,Credit Card,3.7,5148.36,4633.52
102035,2024-10-11,Beauty & Personal Care,2910.58,1,10,West,Cash on Delivery,3.7,2910.58,2619.52
102036,2024-03-28,Electronics,3823.63,1,10,North,UPI,3.5,3823.63,3441.27
102037,2024-01-18,Clothing,3672.29,1,0,North,Net Banking,4.3,3672.29,3672.29
102038,2024-09-17,Sports & Fitness,4951.81,1,15,Central,Credit Card,5.0,4951.81,4209.04
102039,2024-05-11,Clothing,1973.78,1,15,East,Debit Card,5.0,1973.78,1677.71
102040,2024-06-27,Home & Kitchen,7484.37,1,5,North,UPI,4.0,7484.37,7110.15
102041,2024-05-05,Electronics,13623.23,1,10,North,UPI,3.6,13623.23,12260.91
102042,2024-10-19,Clothing,5575.91,1,20,East,Cash on Delivery,3.4,5575.91,4460.73
102043,2024-07-24,Sports & Fitness,924.37,1,25,South,Cash on Delivery,3.9,924.37,693.28
102044,2024-01-14,Books,604.24,1,15,West,Cash on Delivery,4.7,604.24,513.6
102045,2024-05-23,Beauty & Personal Care,980.49,1,20,East,UPI,3.4,980.49,784.39
102046,2024-06-05,Clothing,2126.01,1,0,North,Cash on Delivery,3.7,2126.01,2126.01
102047,2024-04-12,Home & Kitchen,4822.78,1,10,Central,Debit Card,4.6,4822.78,4340.5
102048,2024-09-12,Electronics,15639.74,1,0,South,UPI,4.3,15639.74,15639.74
102049,2024-09-09,Electronics,42127.0,1,0,North,Cash on Delivery,3.8,42127.0,42127.0
102050,2024-06-12,Electronics,37879.48,1,0,Central,UPI,4.1,37879.48,37879.48
102051,2024-05-13,Books,1120.95,1,5,Central,Net Banking,4.1,1120.95,1064.9
102052,2024-02-24,Grocery,119.24,1,5,South,Credit Card,4.1,119.24,113.28
102053,2024-03-05,Grocery,601.17,1,10,West,Debit Card,4.5,601.17,541.05
102054,2024-10-24,Clothing,1509.33,1,0,West,Cash on Delivery,3.0,1509.33,1509.33
102055,2024-09-01,Grocery,217.92,1,0,North,Cash on Delivery,4.3,217.92,217.92
102056,2024-10-24,Electronics,15588.72,1,15,North,UPI,4.4,15588.72,13250.41
102057,2024-12-12,Beauty & Personal Care,992.13,1,5,Central,Debit Card,3.9,992.13,942.52
102058,2024-06-13,Sports & Fitness,1394.67,1,10,Central,Credit Card,4.4,1394.67,1255.2
102059,2024-06-25,Sports & Fitness,3576.12,1,0,Central,UPI,5.0,3576.12,3576.12
102060,2024-02-16,Home & Kitchen,6617.4,2,0,East,UPI,4.6,13234.8,13234.8
102061,2024-09-05,Sports & Fitness,5467.87,1,0,South,Credit Card,3.6,5467.87,5467.87
102062,2024-10-04,Clothing,4859.1,1,10,Central,Debit Card,4.1,4859.1,4373.19
102063,2024-09-13,Home & Kitchen,7901.06,1,25,South,UPI,4.0,7901.06,5925.8
102064,2024-08-04,Beauty & Personal Care,1700.3,1,0,Central,Credit Card,3.4,1700.3,1700.3
102065,2024-10-16,Electronics,54803.83,1,15,North,Net Banking,4.0,54803.83,46583.26
102066,2024-08-07,Electronics,8025.84,1,0,Central,Debit Card,4.3,8025.84,8025.84
102067,2024-05-15,Clothing,2873.18,1,10,South,UPI,5.0,2873.18,2585.86
102068,2024-01-01,Electronics,33037.8,1,0,East,Debit Card,4.4,33037.8,33037.8
102069,2024-12-13,Clothing,1081.92,1,0,Central,UPI,4.5,1081.92,1081.92
102070,2024-10-13,Electronics,5946.91,1,10,South,UPI,4.2,5946.91,5352.22
102071,2024-05-18,Books,293.67,1,0,East,Cash on Delivery,3.5,293.67,293.67
102072,2024-07-05,Clothing,3965.68,1,15,Central,UPI,3.9,3965.68,3370.83
102073,2024-02-22,Beauty & Personal Care,2385.1,2,15,East,Debit Card,3.7,4770.2,4054.67
102074,2024-10-09,Clothing,2864.64,2,10,North,Credit Card,5.0,5729.28,5156.35
102075,2024-01-30,Home & Kitchen,6429.69,1,0,West,UPI,4.2,6429.69,6429.69
102076,2024-02-05,Sports & Fitness,5349.85,2,0,North,Credit Card,3.7,10699.7,10699.7
102077,2024-07-06,Sports & Fitness,478.88,2,0,West,UPI,5.0,957.76,957.76
102078,2024-03-30,Home & Kitchen,6021.71,2,20,Central,Debit Card,4.3,12043.42,9634.74
102079,2024-12-12,Home & Kitchen,4992.57,1,20,East,Debit Card,4.1,4992.57,3994.06
102080,2024-02-27,Electronics,7289.92,2,25,North,Debit Card,4.1,14579.84,10934.88
102081,2024-08-01,Grocery,277.04,1,20,West,UPI,2.8,277.04,221.63
102082,2024-05-13,Home & Kitchen,6267.63,1,10,West,Debit Card,3.7,6267.63,5640.87
102083,2024-02-11,Sports & Fitness,3965.27,1,5,South,UPI,4.2,3965.27,3767.01
102084,2024-05-08,Electronics,37332.25,1,10,West,Cash on Delivery,3.8,37332.25,33599.02
102085,2024-01-17,Electronics,38742.51,2,5,West,Credit Card,3.3,77485.02,73610.77
102086,2024-09-20,Clothing,3383.34,1,0,Central,Cash on Delivery,4.9,3383.34,3383.34
102087,2024-05-11,Books,952.35,1,0,East,UPI,3.8,952.35,952.35
102088,2024-11-23,Grocery,2090.22,1,20,East,Credit Card,4.5,2090.22,1672.18
102089,2024-02-10,Grocery,197.18,1,5,West,Credit Card,3.4,197.18,187.32
102090,2024-02-07,Grocery,1216.61,2,5,North,Credit Card,4.3,2433.22,2311.56
102091,2024-01-24,Electronics,42623.08,1,20,West,Cash on Delivery,3.0,42623.08,34098.46
102092,2024-03-10,Clothing,909.66,1,10,West,UPI,4.8,909.66,818.69
102093,2024-03-14,Books,166.02,1,15,West,Credit Card,3.8,166.02,141.12
102094,2024-05-01,Clothing,1823.53,1,0,North,UPI,4.7,1823.53,1823.53
102095,2024-12-10,Clothing,2072.65,1,0,West,UPI,3.1,2072.65,2072.65
102096,2024-02-04,Grocery,891.34,1,0,South,UPI,5.0,891.34,891.34
102097,2024-01-25,Grocery,443.87,1,0,Central,UPI,4.4,443.87,443.87
102098,2024-04-13,Books,886.9,1,10,Central,Net Banking,3.3,886.9,798.21
102099,2024-09-06,Beauty & Personal Care,234.07,1,0,South,UPI,3.6,234.07,234.07
102100,2024-02-01,Clothing,1174.11,2,5,South,Debit Card,4.6,2348.22,2230.81
102101,2024-08-09,Beauty & Personal Care,1056.76,1,10,East,Credit Card,4.3,1056.76,951.08
102102,2024-11-09,Clothing,3676.58,2,0,North,UPI,3.6,7353.16,7353.16
102103,2024-04-03,Home & Kitchen,3551.67,1,0,East,Cash on Delivery,3.7,3551.67,3551.67
102104,2024-11-19,Sports & Fitness,7662.95,1,0,West,Net Banking,4.5,7662.95,7662.95
102105,2024-05-28,Grocery,321.06,1,10,West,Credit Card,3.0,321.06,288.95
102106,2024-03-06,Clothing,2309.15,1,0,North,UPI,4.7,2309.15,2309.15
102107,2024-08-03,Sports & Fitness,2332.12,1,5,West,Credit Card,4.1,2332.12,2215.51
102108,2024-06-25,Sports & Fitness,453.23,2,5,West,Cash on Delivery,3.9,906.46,861.14
102109,2024-11-22,Clothing,925.88,1,15,West,Debit Card,4.8,925.88,787.0
102110,2024-03-20,Home & Kitchen,642.38,1,15,South,Cash on Delivery,3.9,642.38,546.02
102111,2024-11-12,Electronics,14398.2,1,5,Central,Credit Card,3.4,14398.2,13678.29
102112,2024-06-20,Home & Kitchen,4226.62,2,0,West,Credit Card,4.0,8453.24,8453.24
102113,2024-11-24,Beauty & Personal Care,2150.3,1,15,North,Credit Card,4.4,2150.3,1827.76
102114,2024-02-24,Grocery,893.81,1,5,West,Debit Card,3.9,893.81,849.12
102115,2024-10-29,Books,507.58,1,5,North,Debit Card,5.0,507.58,482.2
102116,2024-09-23,Clothing,2171.4,1,25,West,UPI,4.8,2171.4,1628.55
102117,2024-01-31,Grocery,774.1,1,0,West,UPI,4.6,774.1,774.1
102118,2024-06-19,Books,547.3,1,15,Central,Credit Card,3.0,547.3,465.2
102119,2024-01-24,Home & Kitchen,7525.73,1,20,Central,Debit Card,3.6,7525.73,6020.58
102120,2024-03-29,Clothing,774.64,1,5,West,Cash on Delivery,3.8,774.64,735.91
102121,2024-03-15,Books,273.87,1,15,East,Cash on Delivery,4.9,273.87,232.79
102122,2024-04-25,Electronics,8013.06,1,10,West,UPI,4.7,8013.06,7211.75
102123,2024-08-18,Electronics,22444.98,1,10,West,Debit Card,4.2,22444.98,20200.48
102124,2024-07-04,Electronics,38183.67,1,20,South,Cash on Delivery,4.0,38183.67,30546.94
102125,2024-04-17,Sports & Fitness,620.19,1,5,East,Cash on Delivery,4.3,620.19,589.18
102126,2024-10-05,Electronics,12188.89,1,0,North,Cash on Delivery,4.1,12188.89,12188.89
102127,2024-11-18,Beauty & Personal Care,798.67,1,5,East,Net Banking,3.6,798.67,758.74
102128,2024-01-04,Clothing,2490.8,1,0,West,Net Banking,4.1,2490.8,2490.8
102129,2024-04-09,Beauty & Personal Care,1302.46,2,5,North,Credit Card,4.5,2604.92,2474.67
102130,2024-02-12,Clothing,1805.66,3,5,East,Cash on Delivery,3.7,5416.98,5146.13
102131,2024-11-09,Sports & Fitness,5508.41,1,0,North,UPI,2.4,5508.41,5508.41
102132,2024-12-07,Home & Kitchen,2924.61,1,25,West,UPI,3.7,2924.61,2193.46
102133,2024-02-11,Electronics,22860.45,1,0,North,Credit Card,4.5,22860.45,22860.45
102134,2024-07-25,Clothing,2667.07,1,15,South,Credit Card,4.3,2667.07,2267.01
102135,2024-04-05,Electronics,21124.85,1,10,East,UPI,3.4,21124.85,19012.36
102136,2024-10-28,Electronics,15581.35,1,0,Central,Net Banking,3.7,15581.35,15581.35
102137,2024-02-26,Home & Kitchen,2299.84,2,0,Central,Net Banking,4.8,4599.68,4599.68
102138,2024-06-12,Home & Kitchen,6849.68,1,10,West,Net Banking,3.8,6849.68,6164.71
102139,2024-03-25,Beauty & Personal Care,1376.7,1,5,Central,UPI,5.0,1376.7,1307.86
102140,2024-01-23,Electronics,10413.71,1,5,South,UPI,4.5,10413.71,9893.02
102141,2024-01-17,Electronics,9672.63,1,20,North,Debit Card,3.0,9672.63,7738.1
102142,2024-05-03,Electronics,26373.73,1,10,North,UPI,4.5,26373.73,23736.36
102143,2024-02-14,Clothing,856.15,1,10,North,UPI,4.4,856.15,770.54
102144,2024-02-26,Clothing,1636.67,1,25,West,UPI,5.0,1636.67,1227.5
102145,2024-04-06,Electronics,36837.44,2,10,West,Net Banking,3.4,73674.88,66307.39
102146,2024-07-03,Books,337.26,1,0,North,Credit Card,1.3,337.26,337.26
102147,2024-12-16,Home & Kitchen,5754.98,1,10,South,UPI,4.8,5754.98,5179.48
102148,2024-03-03,Sports & Fitness,1215.62,2,10,East,UPI,2.1,2431.24,2188.12
102149,2024-02-03,Beauty & Personal Care,2266.97,1,0,East,Debit Card,3.2,2266.97,2266.97
102150,2024-04-11,Grocery,1141.37,1,15,West,UPI,5.0,1141.37,970.16
102151,2024-08-31,Beauty & Personal Care,348.32,1,5,East,UPI,3.7,348.32,330.9
102152,2024-08-13,Home & Kitchen,1183.21,1,0,East,UPI,5.0,1183.21,1183.21
102153,2024-05-31,Home & Kitchen,5402.61,1,15,West,UPI,3.1,5402.61,4592.22
102154,2024-01-19,Electronics,41553.27,3,10,Central,UPI,4.2,124659.81,112193.83
102155,2024-05-18,Home & Kitchen,7345.98,2,20,West,Credit Card,3.7,14691.96,11753.57
102156,2024-05-29,Clothing,1160.71,1,20,Central,Net Banking,2.8,1160.71,928.57
102157,2024-06-14,Home & Kitchen,6436.2,1,5,West,Credit Card,4.6,6436.2,6114.39
102158,2024-02-24,Clothing,978.62,1,0,South,Debit Card,3.2,978.62,978.62
102159,2024-12-08,Books,1356.5,2,0,East,Debit Card,4.3,2713.0,2713.0
102160,2024-07-16,Beauty & Personal Care,604.1,1,10,Central,Cash on Delivery,4.3,604.1,543.69
102161,2024-04-18,Sports & Fitness,3076.9,1,10,Central,UPI,3.7,3076.9,2769.21
102162,2024-03-17,Clothing,3110.87,1,15,West,UPI,4.5,3110.87,2644.24
102163,2024-10-10,Home & Kitchen,4477.96,1,20,West,Cash on Delivery,2.9,4477.96,3582.37
102164,2024-05-24,Electronics,23182.22,1,10,Central,UPI,3.2,23182.22,20864.0
102165,2024-06-11,Books,665.59,1,0,South,Credit Card,3.0,665.59,665.59
102166,2024-09-12,Electronics,3482.4,2,5,East,Credit Card,4.6,6964.8,6616.56
102167,2024-12-21,Sports & Fitness,7479.63,3,5,North,Credit Card,4.6,22438.89,21316.95
102168,2024-04-25,Beauty & Personal Care,2278.77,1,10,North,Debit Card,4.2,2278.77,2050.89
102169,2024-02-23,Electronics,24201.47,2,0,Central,Net Banking,4.3,48402.94,48402.94
102170,2024-10-30,Beauty & Personal Care,313.1,1,5,West,Net Banking,4.2,313.1,297.44
102171,2024-12-28,Sports & Fitness,6222.96,1,10,Central,Credit Card,4.9,6222.96,5600.66
102172,2024-04-26,Books,1007.09,1,10,Central,Net Banking,3.5,1007.09,906.38
102173,2024-07-27,Clothing,3619.11,1,10,North,Net Banking,4.7,3619.11,3257.2
102174,2024-08-30,Electronics,37474.93,1,5,Central,Credit Card,4.0,37474.93,35601.18
102175,2024-06-10,Clothing,3579.74,1,10,Central,UPI,4.6,3579.74,3221.77
102176,2024-02-16,Sports & Fitness,3541.0,2,15,North,Debit Card,4.3,7082.0,6019.7
102177,2024-04-06,Clothing,2165.15,2,10,East,UPI,3.4,4330.3,3897.27
102178,2024-03-27,Home & Kitchen,2180.94,1,10,West,Net Banking,3.4,2180.94,1962.85
102179,2024-01-31,Sports & Fitness,4343.09,1,0,North,UPI,3.9,4343.09,4343.09
102180,2024-07-18,Beauty & Personal Care,815.82,3,0,Central,Debit Card,4.3,2447.46,2447.46
102181,2024-05-06,Electronics,37199.93,1,0,East,Credit Card,3.7,37199.93,37199.93
102182,2024-12-31,Home & Kitchen,3899.9,2,15,East,Credit Card,4.1,7799.8,6629.83
102183,2024-04-28,Home & Kitchen,7200.5,1,10,South,Credit Card,3.0,7200.5,6480.45
102184,2024-10-18,Sports & Fitness,4303.79,1,5,South,Credit Card,4.8,4303.79,4088.6
102185,2024-01-27,Electronics,43817.36,1,20,South,Credit Card,4.4,43817.36,35053.89
102186,2024-03-11,Books,886.04,1,0,South,Credit Card,4.0,886.04,886.04
102187,2024-02-08,Beauty & Personal Care,336.18,1,10,East,UPI,4.5,336.18,302.56
102188,2024-01-24,Clothing,2600.39,1,25,East,Net Banking,4.7,2600.39,1950.29
102189,2024-06-08,Home & Kitchen,4311.46,1,15,East,Debit Card,3.9,4311.46,3664.74
102190,2024-05-03,Grocery,1283.56,1,0,South,Credit Card,4.4,1283.56,1283.56
102191,2024-04-07,Beauty & Personal Care,728.18,2,0,Central,Credit Card,4.4,1456.36,1456.36
102192,2024-05-17,Beauty & Personal Care,1803.19,1,15,South,UPI,4.8,1803.19,1532.71
102193,2024-06-09,Home & Kitchen,7172.34,2,5,Central,Net Banking,4.7,14344.68,13627.45
102194,2024-11-29,Sports & Fitness,5336.89,1,0,South,UPI,3.7,5336.89,5336.89
102195,2024-06-14,Electronics,32278.57,1,0,North,UPI,3.7,32278.57,32278.57
102196,2024-12-18,Clothing,4842.49,2,10,South,UPI,3.4,9684.98,8716.48
102197,2024-05-14,Home & Kitchen,2843.28,2,5,South,UPI,4.5,5686.56,5402.23
102198,2024-12-26,Home & Kitchen,5992.86,1,10,West,UPI,4.4,5992.86,5393.57
102199,2024-04-18,Home & Kitchen,7330.67,1,0,North,Credit Card,4.2,7330.67,7330.67
102200,2024-12-17,Home & Kitchen,6467.29,1,25,Central,Credit Card,4.6,6467.29,4850.47
102201,2024-07-08,Books,136.21,2,10,East,Cash on Delivery,3.6,272.42,245.18
102202,2024-08-24,Clothing,2351.15,1,0,Central,UPI,3.5,2351.15,2351.15
102203,2024-11-27,Electronics,24874.79,1,20,North,Cash on Delivery,5.0,24874.79,19899.83
102204,2024-12-05,Sports & Fitness,6788.42,1,5,Central,Credit Card,4.6,6788.42,6449.0
102205,2024-02-06,Beauty & Personal Care,2411.32,1,15,South,UPI,5.0,2411.32,2049.62
102206,2024-05-03,Sports & Fitness,5157.82,1,5,West,UPI,4.1,5157.82,4899.93
102207,2024-12-15,Sports & Fitness,7714.8,1,15,West,Credit Card,2.5,7714.8,6557.58
102208,2024-06-19,Beauty & Personal Care,1086.14,1,0,East,Credit Card,4.0,1086.14,1086.14
102209,2024-10-22,Home & Kitchen,2134.44,2,5,South,UPI,3.3,4268.88,4055.44
102210,2024-05-27,Sports & Fitness,4712.89,1,10,North,Credit Card,3.2,4712.89,4241.6
102211,2024-08-16,Grocery,866.73,1,15,Central,Net Banking,4.6,866.73,736.72
102212,2024-09-01,Clothing,411.22,1,25,East,Debit Card,4.0,411.22,308.42
102213,2024-05-26,Beauty & Personal Care,1998.15,1,15,West,UPI,4.4,1998.15,1698.43
102214,2024-12-05,Electronics,60868.38,1,0,South,UPI,2.8,60868.38,60868.38
102215,2024-06-11,Sports & Fitness,1916.66,1,0,Central,UPI,4.4,1916.66,1916.66
102216,2024-05-26,Sports & Fitness,5061.93,3,10,West,Credit Card,4.9,15185.79,13667.21
102217,2024-05-13,Grocery,493.72,1,0,East,Credit Card,4.5,493.72,493.72
102218,2024-05-02,Clothing,1394.33,1,5,South,Credit Card,3.5,1394.33,1324.61
102219,2024-08-04,Sports & Fitness,3572.97,1,5,West,UPI,4.0,3572.97,3394.32
102220,2024-06-13,Home & Kitchen,5976.04,2,15,North,UPI,4.4,11952.08,10159.27
102221,2024-01-07,Sports & Fitness,1735.17,1,20,South,Credit Card,3.5,1735.17,1388.14
102222,2024-06-14,Grocery,914.75,3,0,East,UPI,3.5,2744.25,2744.25
102223,2024-07-12,Electronics,26855.54,1,10,North,UPI,3.3,26855.54,24169.99
102224,2024-05-30,Sports & Fitness,3519.24,1,0,North,Credit Card,4.6,3519.24,3519.24
102225,2024-09-22,Sports & Fitness,1825.29,1,5,North,Cash on Delivery,4.4,1825.29,1734.03
102226,2024-01-14,Clothing,2175.46,1,0,North,Cash on Delivery,3.2,2175.46,2175.46
102227,2024-04-05,Clothing,2083.75,2,5,South,Debit Card,,4167.5,3959.12
102228,2024-04-25,Grocery,334.94,1,15,North,Debit Card,2.8,334.94,284.7
102229,2024-10-21,Electronics,24125.39,1,25,North,Credit Card,3.0,24125.39,18094.04
102230,2024-03-16,Clothing,1260.93,1,5,West,Credit Card,3.2,1260.93,1197.88
102231,2024-12-25,Home & Kitchen,5158.85,2,0,West,UPI,4.8,10317.7,10317.7
102232,2024-12-17,Sports & Fitness,1565.52,1,5,West,Credit Card,4.3,1565.52,1487.24
102233,2024-10-24,Clothing,687.82,1,5,North,Debit Card,4.3,687.82,653.43
102234,2024-11-27,Home & Kitchen,5842.67,1,5,West,Credit Card,4.2,5842.67,5550.54
102235,2024-11-05,Clothing,2414.95,1,10,South,UPI,4.3,2414.95,2173.46
102236,2024-02-25,Home & Kitchen,2947.79,1,0,Central,Cash on Delivery,5.0,2947.79,2947.79
102237,2024-04-17,Clothing,3072.51,1,0,North,Credit Card,4.7,3072.51,3072.51
102238,2024-11-20,Electronics,43961.22,1,5,West,UPI,4.9,43961.22,41763.16
102239,2024-07-11,Home & Kitchen,5206.26,1,5,West,Credit Card,3.6,5206.26,4945.95
102240,2024-12-22,Clothing,4591.75,1,10,Central,UPI,3.1,4591.75,4132.58
102241,2024-10-24,Electronics,6680.22,1,0,West,UPI,3.6,6680.22,6680.22
102242,2024-09-13,Sports & Fitness,1042.08,2,10,North,Debit Card,3.7,2084.16,1875.74
102243,2024-07-07,Grocery,401.15,1,15,North,UPI,4.9,401.15,340.98
102244,2024-10-02,Sports & Fitness,2048.67,1,0,East,Net Banking,3.6,2048.67,2048.67
102245,2024-03-25,Home & Kitchen,1359.77,1,0,North,UPI,4.8,1359.77,1359.77
102246,2024-12-19,Sports & Fitness,6633.83,1,0,East,Net Banking,4.7,6633.83,6633.83
102247,2024-11-27,Home & Kitchen,2942.56,1,0,East,UPI,3.9,2942.56,2942.56
102248,2024-07-07,Clothing,2684.94,1,0,West,Cash on Delivery,,2684.94,2684.94
102249,2024-08-12,Clothing,2166.94,1,10,Central,Credit Card,3.8,2166.94,1950.25
102250,2024-04-16,Clothing,3283.11,1,10,East,Cash on Delivery,4.2,3283.11,2954.8
102251,2024-07-27,Beauty & Personal Care,2256.74,1,0,South,Net Banking,3.8,2256.74,2256.74
102252,2024-02-02,Electronics,1782.8,1,5,South,Debit Card,5.0,1782.8,1693.66
102253,2024-03-14,Grocery,334.4,3,0,South,Credit Card,4.5,1003.2,1003.2
102254,2024-07-30,Electronics,32450.5,1,25,East,Cash on Delivery,3.2,32450.5,24337.88
102255,2024-03-10,Sports & Fitness,2223.62,1,5,North,Credit Card,3.7,2223.62,2112.44
102256,2024-07-24,Beauty & Personal Care,491.74,1,20,West,UPI,3.4,491.74,393.39
102257,2024-02-19,Books,431.7,1,5,North,Credit Card,,431.7,410.11
102258,2024-05-15,Grocery,128.86,1,5,North,UPI,4.0,128.86,122.42
102259,2024-08-22,Home & Kitchen,6594.39,2,15,North,UPI,4.1,13188.78,11210.46
102260,2024-02-13,Home & Kitchen,895.53,1,20,Central,Credit Card,5.0,895.53,716.42
102261,2024-01-05,Clothing,2557.72,1,5,East,Cash on Delivery,5.0,2557.72,2429.83
102262,2024-03-22,Clothing,3402.39,1,10,North,UPI,3.4,3402.39,3062.15
102263,2024-03-31,Books,659.61,1,5,North,UPI,3.3,659.61,626.63
102264,2024-08-19,Electronics,38478.65,2,5,West,UPI,5.0,76957.3,73109.44
102265,2024-04-05,Beauty & Personal Care,358.8,1,10,Central,UPI,4.2,358.8,322.92
102266,2024-03-11,Beauty & Personal Care,1393.2,1,5,Central,Credit Card,4.9,1393.2,1323.54
102267,2024-10-08,Electronics,52605.44,1,5,North,Net Banking,4.1,52605.44,49975.17
102268,2024-10-30,Books,202.63,2,10,West,Cash on Delivery,4.6,405.26,364.73
102269,2024-05-11,Electronics,28010.92,1,0,South,Credit Card,4.1,28010.92,28010.92
102270,2024-04-08,Books,1038.41,1,10,West,Credit Card,5.0,1038.41,934.57
102271,2024-05-14,Clothing,2673.5,1,15,Central,UPI,4.9,2673.5,2272.48
102272,2024-03-08,Electronics,37970.36,1,0,North,UPI,,37970.36,37970.36
102273,2024-03-01,Home & Kitchen,346.1,1,0,West,UPI,3.1,346.1,346.1
102274,2024-11-18,Sports & Fitness,3452.29,1,5,East,Cash on Delivery,5.0,3452.29,3279.68
102275,2024-10-30,Sports & Fitness,2517.02,2,20,East,UPI,4.6,5034.04,4027.23
102276,2024-03-24,Home & Kitchen,1518.21,1,10,North,UPI,5.0,1518.21,1366.39
102277,2024-08-02,Electronics,21170.18,1,0,South,Credit Card,3.3,21170.18,21170.18
102278,2024-10-27,Clothing,1164.24,1,20,East,Debit Card,4.3,1164.24,931.39
102279,2024-01-07,Sports & Fitness,1979.25,1,0,North,Credit Card,3.9,1979.25,1979.25
102280,2024-06-14,Clothing,459.4,1,20,North,Cash on Delivery,4.2,459.4,367.52
102281,2024-07-25,Books,691.82,2,0,North,UPI,3.7,1383.64,1383.64
102282,2024-03-20,Clothing,2482.72,2,0,East,Debit Card,4.3,4965.44,4965.44
102283,2024-07-04,Home & Kitchen,2172.07,1,20,West,Cash on Delivery,4.2,2172.07,1737.66
102284,2024-08-07,Electronics,4099.85,1,20,West,UPI,5.0,4099.85,3279.88
102285,2024-08-18,Grocery,999.91,1,0,South,Credit Card,5.0,999.91,999.91
102286,2024-01-31,Clothing,865.31,1,10,Central,Credit Card,3.7,865.31,778.78
102287,2024-07-25,Grocery,402.76,2,5,West,Debit Card,3.2,805.52,765.24
102288,2024-01-11,Clothing,651.86,1,15,South,Net Banking,3.3,651.86,554.08
102289,2024-11-14,Clothing,3083.74,2,10,East,UPI,5.0,6167.48,5550.73
102290,2024-03-07,Sports & Fitness,2648.14,1,5,West,Net Banking,3.8,2648.14,2515.73
102291,2024-05-13,Sports & Fitness,4301.98,1,0,North,Credit Card,3.9,4301.98,4301.98
102292,2024-08-23,Grocery,1291.41,1,0,Central,Debit Card,3.5,1291.41,1291.41
102293,2024-09-21,Clothing,2619.8,1,15,Central,Net Banking,,2619.8,2226.83
102294,2024-04-01,Sports & Fitness,3157.41,2,0,East,Credit Card,2.9,6314.82,6314.82
102295,2024-02-06,Sports & Fitness,1999.69,1,25,North,UPI,4.4,1999.69,1499.77
102296,2024-05-02,Home & Kitchen,3546.77,1,0,West,Credit Card,2.6,3546.77,3546.77
102297,2024-10-29,Electronics,15653.52,1,15,Central,Cash on Delivery,4.0,15653.52,13305.49
102298,2024-11-18,Home & Kitchen,6949.73,1,15,East,Cash on Delivery,4.0,6949.73,5907.27
102299,2024-05-13,Electronics,22872.02,1,10,South,Credit Card,4.8,22872.02,20584.82
102300,2024-05-05,Electronics,4301.09,1,10,Central,UPI,4.5,4301.09,3870.98
102301,2024-02-29,Beauty & Personal Care,2066.21,1,5,West,UPI,3.4,2066.21,1962.9
102302,2024-04-06,Electronics,40866.62,2,5,East,Debit Card,4.0,81733.24,77646.58
102303,2024-05-20,Home & Kitchen,3543.44,1,0,North,Net Banking,4.6,3543.44,3543.44
102304,2024-07-28,Home & Kitchen,7975.24,2,0,East,UPI,4.4,15950.48,15950.48
102305,2024-09-16,Beauty & Personal Care,2213.75,1,0,South,UPI,3.5,2213.75,2213.75
102306,2024-03-04,Home & Kitchen,1439.63,1,0,South,Cash on Delivery,4.0,1439.63,1439.63
102307,2024-08-11,Books,1198.12,1,10,South,Credit Card,4.2,1198.12,1078.31
102308,2024-01-05,Beauty & Personal Care,1079.61,1,0,West,UPI,2.8,1079.61,1079.61
102309,2024-06-11,Electronics,21362.27,1,0,North,Credit Card,3.8,21362.27,21362.27
102310,2024-08-07,Sports & Fitness,2215.08,1,10,West,Cash on Delivery,3.4,2215.08,1993.57
102311,2024-12-24,Grocery,1232.41,2,5,South,UPI,3.7,2464.82,2341.58
102312,2024-09-08,Beauty & Personal Care,2222.95,1,0,Central,Debit Card,4.0,2222.95,2222.95
102313,2024-10-03,Electronics,9353.66,2,0,West,Cash on Delivery,4.0,18707.32,18707.32
102314,2024-01-09,Home & Kitchen,4231.59,2,0,North,Net Banking,3.9,8463.18,8463.18
102315,2024-10-07,Beauty & Personal Care,1419.7,1,0,North,Net Banking,4.2,1419.7,1419.7
102316,2024-06-02,Home & Kitchen,428.68,1,10,West,Cash on Delivery,5.0,428.68,385.81
102317,2024-11-20,Electronics,44331.16,1,0,West,Debit Card,3.5,44331.16,44331.16
102318,2024-01-13,Home & Kitchen,2255.88,1,5,South,UPI,2.9,2255.88,2143.09
102319,2024-09-16,Books,930.76,1,20,South,Debit Card,1.9,930.76,744.61
102320,2024-01-23,Books,541.35,1,0,East,Credit Card,3.5,541.35,541.35
102321,2024-07-25,Electronics,33421.61,1,0,North,Credit Card,5.0,33421.61,33421.61
102322,2024-08-29,Electronics,32986.55,1,10,North,Debit Card,3.9,32986.55,29687.9
102323,2024-04-17,Electronics,18637.32,1,5,East,UPI,4.6,18637.32,17705.45
102324,2024-10-07,Clothing,1401.38,1,10,Central,Credit Card,5.0,1401.38,1261.24
102325,2024-04-30,Grocery,535.14,3,5,North,UPI,4.5,1605.42,1525.15
102326,2024-06-22,Home & Kitchen,4386.41,1,0,Central,UPI,3.4,4386.41,4386.41
102327,2024-07-27,Clothing,3617.34,1,0,East,UPI,4.2,3617.34,3617.34
102328,2024-01-19,Grocery,1260.74,1,10,West,UPI,4.2,1260.74,1134.67
102329,2024-08-19,Beauty & Personal Care,744.75,2,25,West,UPI,3.1,1489.5,1117.12
102330,2024-02-27,Clothing,3839.37,3,20,East,Net Banking,4.3,11518.11,9214.49
102331,2024-03-19,Grocery,1216.57,2,10,West,UPI,4.0,2433.14,2189.83
102332,2024-09-03,Home & Kitchen,841.72,2,15,West,UPI,4.8,1683.44,1430.92
102333,2024-03-18,Sports & Fitness,2396.81,1,25,West,Net Banking,4.3,2396.81,1797.61
102334,2024-06-13,Grocery,752.0,1,0,North,Cash on Delivery,4.9,752.0,752.0
102335,2024-12-16,Home & Kitchen,4514.59,1,5,Central,Cash on Delivery,3.4,4514.59,4288.86
102336,2024-05-20,Grocery,1476.55,1,5,North,Debit Card,4.2,1476.55,1402.72
102337,2024-01-29,Electronics,26738.48,1,0,West,Net Banking,4.1,26738.48,26738.48
102338,2024-09-13,Clothing,890.0,1,0,East,Net Banking,,890.0,890.0
102339,2024-11-13,Clothing,914.04,1,20,North,Credit Card,5.0,914.04,731.23
102340,2024-08-23,Beauty & Personal Care,1008.75,1,10,South,UPI,4.9,1008.75,907.88
102341,2024-05-12,Sports & Fitness,3172.52,1,5,North,Debit Card,3.6,3172.52,3013.89
102342,2024-10-19,Clothing,694.37,1,10,West,UPI,3.9,694.37,624.93
102343,2024-05-26,Electronics,20887.64,2,0,Central,Debit Card,4.8,41775.28,41775.28
102344,2024-05-29,Sports & Fitness,4552.06,1,10,West,Debit Card,3.6,4552.06,4096.85
102345,2024-03-17,Home & Kitchen,1781.6,1,10,North,Debit Card,4.5,1781.6,1603.44
102346,2024-09-08,Books,404.02,1,10,North,Net Banking,5.0,404.02,363.62
102347,2024-11-05,Electronics,26561.79,3,10,Central,Credit Card,3.6,79685.37,71716.83
102348,2024-02-08,Electronics,21698.47,1,10,East,UPI,4.4,21698.47,19528.62
102349,2024-03-29,Home & Kitchen,1279.94,3,0,West,UPI,4.0,3839.82,3839.82
102350,2024-04-14,Clothing,1018.99,1,0,South,UPI,3.9,1018.99,1018.99
102351,2024-07-28,Home & Kitchen,5571.08,1,10,West,Debit Card,4.3,5571.08,5013.97
102352,2024-07-10,Sports & Fitness,5174.69,1,5,South,Debit Card,3.3,5174.69,4915.96
102353,2024-02-26,Sports & Fitness,1677.74,1,10,West,Debit Card,4.3,1677.74,1509.97
102354,2024-12-17,Electronics,55753.49,1,25,Central,Debit Card,3.7,55753.49,41815.12
102355,2024-03-11,Sports & Fitness,5588.36,2,10,West,Credit Card,3.7,11176.72,10059.05
102356,2024-11-19,Sports & Fitness,7053.74,1,10,Central,UPI,3.8,7053.74,6348.37
102357,2024-06-08,Sports & Fitness,2112.25,1,0,North,Credit Card,3.0,2112.25,2112.25
102358,2024-06-08,Beauty & Personal Care,1358.5,1,10,Central,Credit Card,4.0,1358.5,1222.65
102359,2024-03-10,Beauty & Personal Care,1988.24,1,10,North,UPI,4.7,1988.24,1789.42
102360,2024-01-10,Grocery,432.96,1,5,North,UPI,3.5,432.96,411.31
102361,2024-03-17,Sports & Fitness,3631.93,1,0,Central,Debit Card,3.6,3631.93,3631.93
102362,2024-10-12,Electronics,42818.2,1,10,North,UPI,2.6,42818.2,38536.38
102363,2024-05-29,Home & Kitchen,2950.41,1,0,South,UPI,4.0,2950.41,2950.41
102364,2024-09-03,Clothing,1958.08,1,0,West,Cash on Delivery,5.0,1958.08,1958.08
102365,2024-08-12,Electronics,44954.02,1,0,East,UPI,3.6,44954.02,44954.02
102366,2024-02-28,Books,353.71,1,0,North,UPI,4.6,353.71,353.71
102367,2024-07-22,Home & Kitchen,6005.58,1,25,East,UPI,3.7,6005.58,4504.18
102368,2024-02-14,Beauty & Personal Care,2056.25,1,20,North,Credit Card,3.2,2056.25,1645.0
102369,2024-10-27,Sports & Fitness,8058.18,1,0,South,Credit Card,3.8,8058.18,8058.18
102370,2024-11-18,Beauty & Personal Care,685.83,1,0,Central,UPI,2.7,685.83,685.83
102371,2024-02-09,Beauty & Personal Care,993.7,1,0,Central,Credit Card,4.7,993.7,993.7
102372,2024-03-18,Sports & Fitness,4027.43,1,10,West,UPI,4.8,4027.43,3624.69
102373,2024-08-26,Grocery,367.84,1,5,West,UPI,4.3,367.84,349.45
102374,2024-05-01,Clothing,3119.54,1,0,Central,UPI,3.6,3119.54,3119.54
102375,2024-02-23,Electronics,43114.71,1,5,West,Credit Card,3.5,43114.71,40958.97
102376,2024-08-31,Sports & Fitness,453.55,1,10,North,UPI,3.3,453.55,408.2
102377,2024-01-24,Electronics,39917.15,2,0,West,UPI,5.0,79834.3,79834.3
102378,2024-02-02,Electronics,37648.8,1,25,North,UPI,3.9,37648.8,28236.6
102379,2024-12-30,Beauty & Personal Care,2468.85,1,5,Central,Debit Card,4.3,2468.85,2345.41
102380,2024-10-03,Grocery,1593.5,1,15,South,Credit Card,3.8,1593.5,1354.48
102381,2024-12-01,Clothing,3562.95,1,15,North,Cash on Delivery,4.7,3562.95,3028.51
102382,2024-03-15,Books,655.96,1,20,South,Credit Card,3.4,655.96,524.77
102383,2024-12-29,Beauty & Personal Care,2831.31,1,0,East,Credit Card,3.8,2831.31,2831.31
102384,2024-07-04,Electronics,36549.51,1,0,Central,Debit Card,5.0,36549.51,36549.51
102385,2024-12-06,Home & Kitchen,1466.44,1,0,South,Cash on Delivery,5.0,1466.44,1466.44
102386,2024-09-16,Books,733.8,1,0,West,UPI,5.0,733.8,733.8
102387,2024-07-29,Beauty & Personal Care,2487.46,1,15,South,Net Banking,3.6,2487.46,2114.34
102388,2024-04-29,Home & Kitchen,7081.7,1,5,South,Net Banking,3.8,7081.7,6727.62
102389,2024-08-29,Clothing,2765.07,3,5,East,Net Banking,4.5,8295.21,7880.45
102390,2024-04-28,Sports & Fitness,3470.01,1,0,Central,Credit Card,4.4,3470.01,3470.01
102391,2024-01-17,Sports & Fitness,3136.08,2,5,South,UPI,3.1,6272.16,5958.55
102392,2024-04-03,Electronics,15932.32,1,25,North,Net Banking,3.7,15932.32,11949.24
102393,2024-01-19,Clothing,1006.58,1,10,North,Cash on Delivery,3.9,1006.58,905.92
102394,2024-11-27,Sports & Fitness,8292.82,1,0,North,UPI,3.4,8292.82,8292.82
102395,2024-12-29,Beauty & Personal Care,1104.5,2,10,Central,Credit Card,1.8,2209.0,1988.1
102396,2024-03-07,Books,712.33,1,25,East,Cash on Delivery,5.0,712.33,534.25
102397,2024-05-20,Sports & Fitness,4546.92,1,5,East,Net Banking,3.3,4546.92,4319.57
102398,2024-12-19,Home & Kitchen,1917.68,1,0,Central,Credit Card,2.9,1917.68,1917.68
102399,2024-04-01,Beauty & Personal Care,1776.8,1,0,North,UPI,3.8,1776.8,1776.8
102400,2024-02-21,Sports & Fitness,4661.64,1,10,East,Debit Card,4.7,4661.64,4195.48
102401,2024-05-18,Electronics,8355.18,1,5,East,Debit Card,4.1,8355.18,7937.42
102402,2024-10-17,Clothing,1167.49,1,10,West,Debit Card,4.1,1167.49,1050.74
102403,2024-04-21,Beauty & Personal Care,2109.92,1,20,West,UPI,4.7,2109.92,1687.94
102404,2024-12-22,Clothing,4430.47,1,5,East,Cash on Delivery,4.9,4430.47,4208.95
102405,2024-12-07,Electronics,39133.36,1,5,North,Cash on Delivery,3.7,39133.36,37176.69
102406,2024-01-08,Electronics,17326.49,1,15,South,Debit Card,4.3,17326.49,14727.52
102407,2024-11-29,Beauty & Personal Care,1792.92,2,15,South,Net Banking,2.4,3585.84,3047.96
102408,2024-12-21,Books,185.75,1,0,North,Net Banking,3.9,185.75,185.75
102409,2024-03-04,Clothing,3839.08,1,15,East,Net Banking,4.5,3839.08,3263.22
102410,2024-06-15,Electronics,42537.02,1,5,East,UPI,5.0,42537.02,40410.17
102411,2024-03-21,Electronics,35293.51,2,20,West,UPI,4.8,70587.02,56469.62
102412,2024-03-26,Home & Kitchen,6873.29,1,5,East,UPI,3.5,6873.29,6529.63
102413,2024-10-29,Grocery,1627.42,3,0,North,UPI,4.4,4882.26,4882.26
102414,2024-05-06,Books,463.94,1,10,North,Debit Card,4.5,463.94,417.55
102415,2024-10-12,Clothing,4056.07,1,5,West,Net Banking,4.1,4056.07,3853.27
102416,2024-04-06,Electronics,3941.96,1,25,North,UPI,4.5,3941.96,2956.47
102417,2024-04-10,Electronics,16853.47,1,15,Central,Net Banking,4.1,16853.47,14325.45
102418,2024-12-24,Books,1099.32,1,10,West,Net Banking,3.0,1099.32,989.39
102419,2024-09-07,Electronics,29381.25,1,5,West,Debit Card,4.5,29381.25,27912.19
102420,2024-10-06,Electronics,60093.48,1,0,North,Credit Card,3.6,60093.48,60093.48
102421,2024-12-03,Sports & Fitness,1553.77,2,10,Central,Credit Card,2.8,3107.54,2796.79
102422,2024-01-17,Grocery,318.74,1,0,North,Net Banking,3.6,318.74,318.74
102423,2024-02-23,Sports & Fitness,4594.99,1,0,Central,Net Banking,4.9,4594.99,4594.99
102424,2024-06-28,Sports & Fitness,3048.33,1,0,East,Net Banking,4.0,3048.33,3048.33
102425,2024-10-09,Electronics,59035.19,3,5,South,Net Banking,4.2,177105.57,168250.29
102426,2024-04-03,Electronics,26761.53,1,20,South,Credit Card,3.5,26761.53,21409.22
102427,2024-07-18,Beauty & Personal Care,279.21,1,0,South,UPI,3.6,279.21,279.21
102428,2024-01-21,Home & Kitchen,7196.62,2,5,West,Credit Card,5.0,14393.24,13673.58
102429,2024-12-14,Clothing,969.83,2,0,West,Net Banking,4.8,1939.66,1939.66
102430,2024-01-09,Clothing,1278.71,1,5,West,UPI,5.0,1278.71,1214.77
102431,2024-05-10,Sports & Fitness,2259.8,1,0,Central,Debit Card,4.2,2259.8,2259.8
102432,2024-08-20,Electronics,34652.26,1,20,West,UPI,4.8,34652.26,27721.81
102433,2024-01-08,Sports & Fitness,4180.84,1,10,East,Credit Card,3.4,4180.84,3762.76
102434,2024-08-24,Clothing,2443.65,1,0,South,Credit Card,4.7,2443.65,2443.65
102435,2024-03-28,Electronics,9279.25,1,5,North,UPI,2.7,9279.25,8815.29
102436,2024-02-04,Beauty & Personal Care,1715.71,1,0,Central,Debit Card,4.0,1715.71,1715.71
102437,2024-10-22,Beauty & Personal Care,1362.03,1,20,South,Debit Card,5.0,1362.03,1089.62
102438,2024-11-29,Beauty & Personal Care,2332.33,1,0,West,UPI,4.4,2332.33,2332.33
102439,2024-03-19,Home & Kitchen,1069.78,1,20,West,Net Banking,3.8,1069.78,855.82
102440,2024-07-11,Grocery,984.06,1,5,East,Credit Card,3.0,984.06,934.86
102441,2024-09-19,Home & Kitchen,7958.58,1,0,East,UPI,3.2,7958.58,7958.58
102442,2024-08-12,Home & Kitchen,423.44,1,5,Central,UPI,4.3,423.44,402.27
102443,2024-10-26,Clothing,4415.11,2,15,East,Credit Card,5.0,8830.22,7505.69
102444,2024-12-10,Home & Kitchen,283.13,1,20,North,Credit Card,3.7,283.13,226.5
102445,2024-10-18,Beauty & Personal Care,737.56,1,5,Central,UPI,5.0,737.56,700.68
102446,2024-10-15,Home & Kitchen,9171.36,1,15,East,Net Banking,2.6,9171.36,7795.66
102447,2024-04-13,Beauty & Personal Care,599.66,1,0,Central,Credit Card,4.0,599.66,599.66
102448,2024-09-15,Sports & Fitness,850.88,1,0,East,UPI,4.6,850.88,850.88
102449,2024-04-01,Books,1004.67,1,5,West,Debit Card,3.3,1004.67,954.44
102450,2024-03-27,Home & Kitchen,958.35,1,0,Central,UPI,4.6,958.35,958.35
102451,2024-01-29,Beauty & Personal Care,2183.2,2,10,East,Debit Card,5.0,4366.4,3929.76
102452,2024-06-21,Electronics,34562.05,1,10,Central,Debit Card,4.3,34562.05,31105.85
102453,2024-10-21,Electronics,48100.33,1,5,Central,Cash on Delivery,4.2,48100.33,45695.31
102454,2024-01-29,Clothing,749.24,1,20,North,Credit Card,3.7,749.24,599.39
102455,2024-02-11,Grocery,71.78,1,5,North,Credit Card,4.2,71.78,68.19
102456,2024-08-15,Clothing,1512.81,1,10,South,Debit Card,4.6,1512.81,1361.53
102457,2024-02-11,Sports & Fitness,5788.7,1,15,Central,Cash on Delivery,3.5,5788.7,4920.39
102458,2024-03-22,Grocery,107.07,1,10,East,Credit Card,4.8,107.07,96.36
102459,2024-09-27,Books,592.74,1,0,East,UPI,4.7,592.74,592.74
102460,2024-08-18,Electronics,20893.25,1,5,North,UPI,3.2,20893.25,19848.59
102461,2024-01-07,Grocery,206.4,1,15,East,Credit Card,4.1,206.4,175.44
102462,2024-05-05,Grocery,971.45,1,20,West,Credit Card,4.3,971.45,777.16
102463,2024-07-23,Electronics,40525.3,1,0,Central,Credit Card,4.9,40525.3,40525.3
102464,2024-10-29,Clothing,2531.61,1,5,North,Debit Card,5.0,2531.61,2405.03
102465,2024-03-15,Clothing,3894.82,1,0,West,Cash on Delivery,3.7,3894.82,3894.82
102466,2024-03-31,Clothing,1631.66,1,0,Central,UPI,5.0,1631.66,1631.66
102467,2024-08-15,Electronics,2923.94,1,25,South,UPI,3.6,2923.94,2192.96
102468,2024-12-25,Sports & Fitness,7713.52,1,20,North,UPI,2.5,7713.52,6170.82
102469,2024-06-03,Beauty & Personal Care,780.58,1,10,North,UPI,4.5,780.58,702.52
102470,2024-09-30,Grocery,764.83,2,5,West,Cash on Delivery,5.0,1529.66,1453.18
102471,2024-11-13,Clothing,4040.74,1,10,South,Credit Card,3.4,4040.74,3636.67
102472,2024-07-21,Electronics,30844.85,1,10,North,Credit Card,3.7,30844.85,27760.36
102473,2024-08-18,Electronics,12317.04,2,10,North,Net Banking,4.4,24634.08,22170.67
102474,2024-03-18,Clothing,2997.92,1,5,West,Credit Card,4.3,2997.92,2848.02
102475,2024-12-17,Clothing,2836.42,2,5,South,UPI,4.7,5672.84,5389.2
102476,2024-09-27,Beauty & Personal Care,1208.8,1,10,South,Net Banking,4.7,1208.8,1087.92
102477,2024-10-19,Grocery,429.74,1,5,West,UPI,4.1,429.74,408.25
102478,2024-05-05,Electronics,20158.41,1,25,East,Debit Card,4.1,20158.41,15118.81
102479,2024-05-22,Beauty & Personal Care,436.35,1,5,South,UPI,5.0,436.35,414.53
102480,2024-01-18,Clothing,447.53,1,15,North,Debit Card,3.1,447.53,380.4
102481,2024-08-16,Clothing,1027.34,2,10,South,UPI,3.9,2054.68,1849.21
102482,2024-12-22,Books,1570.24,1,0,South,Credit Card,4.8,1570.24,1570.24
102483,2024-12-15,Grocery,2092.02,2,0,Central,Debit Card,5.0,4184.04,4184.04
102484,2024-04-03,Clothing,2014.0,1,5,North,Debit Card,4.7,2014.0,1913.3
102485,2024-05-10,Electronics,19033.79,3,0,West,Credit Card,3.2,57101.37,57101.37
102486,2024-01-19,Beauty & Personal Care,1954.19,1,25,East,Credit Card,3.7,1954.19,1465.64
102487,2024-12-01,Home & Kitchen,10341.33,1,0,West,Debit Card,4.2,10341.33,10341.33
102488,2024-12-17,Home & Kitchen,4032.75,1,15,East,Net Banking,,4032.75,3427.84
102489,2024-02-16,Sports & Fitness,5980.72,2,15,East,Credit Card,5.0,11961.44,10167.22
102490,2024-01-10,Clothing,2864.56,1,5,South,Credit Card,4.0,2864.56,2721.33
102491,2024-10-23,Clothing,4724.08,3,20,North,UPI,4.2,14172.24,11337.79
102492,2024-09-07,Grocery,1185.96,1,0,West,Credit Card,5.0,1185.96,1185.96
102493,2024-05-07,Grocery,741.05,3,5,Central,Credit Card,3.5,2223.15,2111.99
102494,2024-11-28,Electronics,18883.59,1,10,North,Cash on Delivery,4.2,18883.59,16995.23
102495,2024-07-27,Beauty & Personal Care,1504.33,1,15,Central,Debit Card,4.5,1504.33,1278.68
102496,2024-03-25,Beauty & Personal Care,619.17,1,10,Central,Credit Card,4.2,619.17,557.25
102497,2024-11-19,Sports & Fitness,1989.17,1,0,North,Net Banking,3.7,1989.17,1989.17
102498,2024-07-01,Beauty & Personal Care,2210.7,1,5,East,Cash on Delivery,3.9,2210.7,2100.16
102499,2024-10-26,Sports & Fitness,2987.53,1,10,West,UPI,4.2,2987.53,2688.78
102500,2024-06-26,Sports & Fitness,3653.81,1,10,West,UPI,2.9,3653.81,3288.43
102501,2024-03-04,Books,589.46,1,5,East,Net Banking,4.4,589.46,559.99
102502,2024-07-27,Beauty & Personal Care,1996.8,1,5,East,UPI,4.4,1996.8,1896.96
102503,2024-11-12,Home & Kitchen,6510.63,1,15,North,Net Banking,4.9,6510.63,5534.04
102504,2024-01-04,Home & Kitchen,617.03,1,5,Central,Credit Card,4.2,617.03,586.18
102505,2024-04-16,Books,1131.1,2,5,West,UPI,1.9,2262.2,2149.09
102506,2024-08-20,Sports & Fitness,1948.79,1,5,North,Credit Card,3.8,1948.79,1851.35
102507,2024-01-15,Beauty & Personal Care,474.24,1,5,North,Credit Card,4.5,474.24,450.53
102508,2024-03-20,Grocery,780.53,1,5,West,Debit Card,4.3,780.53,741.5
102509,2024-07-17,Sports & Fitness,5403.5,1,5,South,Debit Card,4.9,5403.5,5133.32
102510,2024-03-27,Electronics,2562.02,1,0,South,UPI,2.7,2562.02,2562.02
102511,2024-02-08,Beauty & Personal Care,2153.38,1,20,Central,Debit Card,5.0,2153.38,1722.7
102512,2024-05-08,Grocery,250.83,1,0,Central,Net Banking,3.0,250.83,250.83
102513,2024-02-18,Clothing,3506.63,1,0,South,Cash on Delivery,3.9,3506.63,3506.63
102514,2024-07-15,Electronics,23737.81,1,20,North,UPI,3.9,23737.81,18990.25
102515,2024-01-08,Home & Kitchen,1827.12,1,5,South,Debit Card,3.4,1827.12,1735.76
102516,2024-02-28,Beauty & Personal Care,1055.7,1,0,Central,Net Banking,4.4,1055.7,1055.7
102517,2024-09-19,Clothing,741.79,1,5,South,UPI,4.7,741.79,704.7
102518,2024-03-31,Electronics,42548.78,1,0,West,UPI,4.4,42548.78,42548.78
102519,2024-05-22,Sports & Fitness,4550.93,1,0,North,UPI,5.0,4550.93,4550.93
102520,2024-09-07,Electronics,8471.03,1,0,West,UPI,4.7,8471.03,8471.03
102521,2024-03-23,Electronics,44948.93,1,10,South,Credit Card,5.0,44948.93,40454.04
102522,2024-03-02,Sports & Fitness,5188.34,1,0,West,UPI,3.7,5188.34,5188.34
102523,2024-02-20,Sports & Fitness,2292.78,1,0,South,Net Banking,2.9,2292.78,2292.78
102524,2024-04-07,Sports & Fitness,863.39,1,5,Central,UPI,4.0,863.39,820.22
102525,2024-02-19,Home & Kitchen,6246.11,1,10,South,Credit Card,4.4,6246.11,5621.5
102526,2024-03-18,Sports & Fitness,5066.08,2,10,Central,UPI,3.9,10132.16,9118.94
102527,2024-11-23,Books,1004.59,1,0,North,Debit Card,4.8,1004.59,1004.59
102528,2024-12-08,Electronics,35351.81,1,25,North,Net Banking,4.9,35351.81,26513.86
102529,2024-12-14,Home & Kitchen,2050.59,1,0,Central,Credit Card,5.0,2050.59,2050.59
102530,2024-05-24,Home & Kitchen,7364.63,1,0,West,UPI,3.6,7364.63,7364.63
102531,2024-11-07,Sports & Fitness,2844.2,1,10,East,Credit Card,4.9,2844.2,2559.78
102532,2024-10-13,Sports & Fitness,5546.58,3,5,West,Debit Card,4.9,16639.74,15807.75
102533,2024-04-16,Clothing,1320.35,3,20,South,Debit Card,4.9,3961.05,3168.84
102534,2024-06-28,Sports & Fitness,3670.51,1,0,East,Cash on Delivery,2.8,3670.51,3670.51
102535,2024-12-29,Clothing,1755.5,1,10,West,Debit Card,5.0,1755.5,1579.95
102536,2024-11-03,Books,1048.81,1,10,South,Net Banking,3.7,1048.81,943.93
102537,2024-12-03,Beauty & Personal Care,657.57,1,0,Central,UPI,3.8,657.57,657.57
102538,2024-05-08,Electronics,8206.03,2,10,South,Credit Card,4.1,16412.06,14770.85
102539,2024-04-08,Sports & Fitness,2531.62,1,0,Central,Debit Card,,2531.62,2531.62
102540,2024-01-12,Electronics,30242.65,1,0,East,Debit Card,4.6,30242.65,30242.65
102541,2024-07-17,Beauty & Personal Care,2447.94,1,5,West,UPI,4.3,2447.94,2325.54
102542,2024-03-16,Home & Kitchen,226.4,1,0,Central,Net Banking,5.0,226.4,226.4
102543,2024-01-23,Beauty & Personal Care,1245.0,1,0,East,Net Banking,4.2,1245.0,1245.0
102544,2024-07-21,Electronics,34893.88,1,5,North,Credit Card,4.1,34893.88,33149.19
102545,2024-12-07,Home & Kitchen,3503.2,1,5,North,UPI,3.2,3503.2,3328.04
102546,2024-02-16,Electronics,24414.28,2,0,South,Net Banking,2.8,48828.56,48828.56
102547,2024-04-10,Books,188.78,3,5,South,Credit Card,4.3,566.34,538.02
102548,2024-12-31,Home & Kitchen,3676.34,1,0,Central,UPI,4.1,3676.34,3676.34
102549,2024-06-29,Beauty & Personal Care,845.1,1,5,South,UPI,4.7,845.1,802.84
102550,2024-10-14,Home & Kitchen,9314.59,1,15,South,Debit Card,3.9,9314.59,7917.4
102551,2024-06-23,Beauty & Personal Care,2276.78,1,5,East,UPI,2.9,2276.78,2162.94
102552,2024-01-08,Books,772.57,1,5,North,UPI,5.0,772.57,733.94
102553,2024-03-23,Beauty & Personal Care,1902.33,1,10,Central,Debit Card,5.0,1902.33,1712.1
102554,2024-10-23,Home & Kitchen,4148.3,2,5,Central,UPI,3.8,8296.6,7881.77
102555,2024-03-09,Electronics,31774.18,1,0,East,Credit Card,3.8,31774.18,31774.18
102556,2024-01-06,Sports & Fitness,3191.08,1,20,North,UPI,4.5,3191.08,2552.86
102557,2024-02-07,Beauty & Personal Care,763.9,1,20,Central,Credit Card,4.4,763.9,611.12
102558,2024-09-12,Grocery,386.85,1,0,East,Credit Card,4.6,386.85,386.85
102559,2024-04-29,Sports & Fitness,2358.9,1,15,West,UPI,3.5,2358.9,2005.06
102560,2024-09-09,Electronics,24549.04,1,15,East,UPI,3.0,24549.04,20866.68
102561,2024-04-20,Grocery,1088.4,1,20,Central,Cash on Delivery,4.6,1088.4,870.72
102562,2024-05-08,Home & Kitchen,5300.56,1,10,Central,Debit Card,4.8,5300.56,4770.5
102563,2024-01-06,Electronics,10679.08,1,10,South,Cash on Delivery,3.7,10679.08,9611.17
102564,2024-01-18,Home & Kitchen,7414.02,1,15,South,UPI,4.3,7414.02,6301.92
102565,2024-12-28,Books,212.75,1,0,South,Credit Card,4.3,212.75,212.75
102566,2024-04-13,Beauty & Personal Care,2305.91,1,0,East,Credit Card,3.7,2305.91,2305.91
102567,2024-07-17,Electronics,5312.44,1,0,Central,Credit Card,3.7,5312.44,5312.44
102568,2024-08-19,Electronics,32374.88,1,0,North,Credit Card,3.4,32374.88,32374.88
102569,2024-07-14,Electronics,28735.74,1,0,South,Credit Card,4.5,28735.74,28735.74
102570,2024-03-20,Books,1145.19,1,15,North,Credit Card,4.2,1145.19,973.41
102571,2024-10-08,Sports & Fitness,7621.37,1,0,South,UPI,3.3,7621.37,7621.37
102572,2024-07-14,Clothing,2862.69,1,15,South,UPI,3.7,2862.69,2433.29
102573,2024-03-23,Beauty & Personal Care,467.98,1,15,North,UPI,3.9,467.98,397.78
102574,2024-06-07,Home & Kitchen,1713.94,1,20,Central,Cash on Delivery,4.8,1713.94,1371.15
102575,2024-01-26,Clothing,790.57,2,5,West,Net Banking,4.9,1581.14,1502.08
102576,2024-08-06,Home & Kitchen,7440.2,2,0,West,Debit Card,4.2,14880.4,14880.4
102577,2024-11-09,Home & Kitchen,8469.82,1,15,Central,Net Banking,5.0,8469.82,7199.35
102578,2024-05-03,Beauty & Personal Care,2047.76,1,15,North,Cash on Delivery,3.9,2047.76,1740.6
102579,2024-05-29,Electronics,44072.02,1,0,West,UPI,3.7,44072.02,44072.02
102580,2024-06-08,Electronics,23906.2,1,10,East,UPI,3.4,23906.2,21515.58
102581,2024-12-18,Clothing,590.23,1,0,North,Net Banking,3.5,590.23,590.23
102582,2024-07-11,Clothing,1512.32,1,0,South,Debit Card,3.7,1512.32,1512.32
102583,2024-07-08,Home & Kitchen,409.15,1,0,South,UPI,4.3,409.15,409.15
102584,2024-12-13,Home & Kitchen,2854.52,2,0,North,UPI,3.7,5709.04,5709.04
102585,2024-07-12,Electronics,23528.89,2,0,North,UPI,4.4,47057.78,47057.78
102586,2024-07-27,Sports & Fitness,5808.62,1,0,West,UPI,5.0,5808.62,5808.62
102587,2024-01-21,Beauty & Personal Care,326.55,1,0,Central,UPI,3.4,326.55,326.55
102588,2024-09-23,Clothing,866.08,1,10,Central,UPI,4.2,866.08,779.47
102589,2024-12-11,Electronics,27354.48,1,5,North,Cash on Delivery,3.7,27354.48,25986.76
102590,2024-03-19,Home & Kitchen,1829.35,1,5,West,Cash on Delivery,4.9,1829.35,1737.88
102591,2024-08-13,Sports & Fitness,2693.53,1,10,South,UPI,3.3,2693.53,2424.18
102592,2024-06-14,Beauty & Personal Care,2228.48,1,10,South,Cash on Delivery,3.4,2228.48,2005.63
102593,2024-05-18,Sports & Fitness,3196.16,1,10,Central,Debit Card,4.1,3196.16,2876.54
102594,2024-06-17,Grocery,1446.44,1,10,Central,UPI,4.6,1446.44,1301.8
102595,2024-07-25,Electronics,13883.83,1,0,North,Net Banking,3.8,13883.83,13883.83
102596,2024-11-08,Home & Kitchen,10953.6,3,10,Central,Net Banking,4.0,32860.8,29574.72
102597,2024-04-27,Beauty & Personal Care,2136.06,1,10,South,UPI,3.2,2136.06,1922.45
102598,2024-09-08,Home & Kitchen,4986.06,1,0,East,UPI,4.6,4986.06,4986.06
102599,2024-08-24,Clothing,1307.34,1,15,East,Credit Card,5.0,1307.34,1111.24
102600,2024-10-11,Electronics,11210.01,1,0,East,Credit Card,4.5,11210.01,11210.01
102601,2024-03-12,Clothing,983.37,2,10,West,Cash on Delivery,3.0,1966.74,1770.07
102602,2024-10-24,Clothing,4090.51,1,0,North,Credit Card,4.1,4090.51,4090.51
102603,2024-02-16,Beauty & Personal Care,1023.92,2,5,South,Credit Card,5.0,2047.84,1945.45
102604,2024-07-17,Books,412.56,1,10,East,Credit Card,5.0,412.56,371.3
102605,2024-07-05,Electronics,14963.64,1,5,East,UPI,,14963.64,14215.46
102606,2024-05-15,Books,784.01,2,10,West,UPI,3.9,1568.02,1411.22
102607,2024-01-22,Sports & Fitness,1409.08,1,0,North,Net Banking,,1409.08,1409.08
102608,2024-01-11,Books,786.42,2,5,South,Credit Card,4.8,1572.84,1494.2
102609,2024-11-22,Sports & Fitness,5307.74,1,5,East,Credit Card,3.4,5307.74,5042.35
102610,2024-08-15,Books,795.51,1,15,West,UPI,3.6,795.51,676.18
102611,2024-01-31,Beauty & Personal Care,1796.44,1,20,South,UPI,4.4,1796.44,1437.15
102612,2024-11-20,Clothing,2516.48,2,10,South,Debit Card,2.7,5032.96,4529.66
102613,2024-09-27,Clothing,1542.82,2,0,Central,Cash on Delivery,3.2,3085.64,3085.64
102614,2024-05-04,Sports & Fitness,4599.01,1,0,West,Net Banking,4.5,4599.01,4599.01
102615,2024-04-01,Beauty & Personal Care,1573.88,1,0,North,Credit Card,4.3,1573.88,1573.88
102616,2024-01-12,Clothing,387.71,1,25,West,Credit Card,5.0,387.71,290.78
102617,2024-10-12,Beauty & Personal Care,1793.96,3,5,North,Net Banking,3.3,5381.88,5112.79
102618,2024-04-01,Grocery,570.95,1,15,North,Cash on Delivery,3.5,570.95,485.31
102619,2024-03-27,Clothing,2161.26,1,5,Central,Debit Card,4.3,2161.26,2053.2
102620,2024-08-25,Clothing,1924.31,2,10,South,Debit Card,3.8,3848.62,3463.76
102621,2024-02-12,Electronics,16313.96,2,5,North,Cash on Delivery,3.6,32627.92,30996.52
102622,2024-07-09,Home & Kitchen,3203.79,1,20,East,Cash on Delivery,4.0,3203.79,2563.03
102623,2024-03-04,Clothing,1301.58,1,20,South,Net Banking,4.3,1301.58,1041.26
102624,2024-07-16,Clothing,3938.64,1,0,East,Credit Card,3.5,3938.64,3938.64
102625,2024-02-12,Sports & Fitness,5640.55,1,0,East,Debit Card,3.3,5640.55,5640.55
102626,2024-07-04,Home & Kitchen,3569.02,1,10,West,Credit Card,4.7,3569.02,3212.12
102627,2024-04-04,Clothing,3807.49,1,0,South,UPI,4.1,3807.49,3807.49
102628,2024-05-19,Books,443.81,1,10,West,Credit Card,4.1,443.81,399.43
102629,2024-07-30,Clothing,3567.34,2,0,West,UPI,5.0,7134.68,7134.68
102630,2024-01-17,Grocery,1186.23,1,10,North,UPI,4.0,1186.23,1067.61
102631,2024-01-03,Clothing,2730.01,1,10,East,Credit Card,3.9,2730.01,2457.01
102632,2024-05-19,Home & Kitchen,7912.67,1,15,East,UPI,4.6,7912.67,6725.77
102633,2024-02-02,Electronics,4519.64,1,20,Central,UPI,3.4,4519.64,3615.71
102634,2024-02-27,Clothing,1440.8,1,5,East,Credit Card,3.0,1440.8,1368.76
102635,2024-02-27,Beauty & Personal Care,661.89,1,0,West,UPI,4.2,661.89,661.89
102636,2024-08-30,Beauty & Personal Care,1613.62,1,5,South,Debit Card,4.3,1613.62,1532.94
102637,2024-03-06,Home & Kitchen,7075.7,2,10,East,Credit Card,4.1,14151.4,12736.26
102638,2024-06-25,Electronics,38207.87,2,0,West,Debit Card,4.8,76415.74,76415.74
102639,2024-04-19,Beauty & Personal Care,2131.35,1,15,Central,Net Banking,3.4,2131.35,1811.65
102640,2024-09-28,Sports & Fitness,2180.84,1,15,West,Net Banking,4.0,2180.84,1853.71
102641,2024-03-20,Books,1013.25,1,15,North,Cash on Delivery,3.9,1013.25,861.26
102642,2024-01-09,Books,864.95,2,0,South,UPI,4.1,1729.9,1729.9
102643,2024-11-15,Electronics,25619.33,1,20,West,Credit Card,4.5,25619.33,20495.46
102644,2024-11-11,Beauty & Personal Care,2205.98,1,0,West,UPI,3.4,2205.98,2205.98
102645,2024-04-24,Home & Kitchen,2463.56,1,0,East,UPI,4.1,2463.56,2463.56
102646,2024-02-05,Home & Kitchen,2119.38,1,5,West,Debit Card,4.7,2119.38,2013.41
102647,2024-10-20,Clothing,2795.83,1,10,Central,UPI,4.1,2795.83,2516.25
102648,2024-06-02,Sports & Fitness,604.06,1,10,North,UPI,3.9,604.06,543.65
102649,2024-09-30,Grocery,409.4,1,0,West,UPI,5.0,409.4,409.4
102650,2024-05-26,Books,585.54,1,10,West,UPI,4.2,585.54,526.99
102651,2024-04-21,Electronics,2066.6,1,20,North,Net Banking,4.1,2066.6,1653.28
102652,2024-04-25,Grocery,251.95,1,5,East,Net Banking,5.0,251.95,239.35
102653,2024-01-10,Sports & Fitness,793.85,1,10,South,UPI,4.4,793.85,714.46
102654,2024-08-08,Beauty & Personal Care,2305.91,1,0,North,Debit Card,3.8,2305.91,2305.91
102655,2024-07-26,Grocery,1027.88,1,0,Central,Credit Card,4.4,1027.88,1027.88
102656,2024-10-19,Clothing,5268.93,2,20,West,Credit Card,4.8,10537.86,8430.29
102657,2024-12-22,Clothing,3564.71,2,0,South,UPI,3.5,7129.42,7129.42
102658,2024-11-28,Electronics,25194.1,2,0,Central,Credit Card,5.0,50388.2,50388.2
102659,2024-11-26,Home & Kitchen,8553.69,1,0,North,Debit Card,3.3,8553.69,8553.69
102660,2024-10-11,Electronics,27394.7,1,0,East,UPI,3.2,27394.7,27394.7
102661,2024-04-21,Beauty & Personal Care,1029.8,1,10,Central,Credit Card,2.9,1029.8,926.82
102662,2024-10-01,Grocery,456.08,1,0,North,Cash on Delivery,4.0,456.08,456.08
102663,2024-03-09,Grocery,904.68,1,10,South,Credit Card,5.0,904.68,814.21
102664,2024-12-27,Beauty & Personal Care,2171.52,1,0,East,Debit Card,2.9,2171.52,2171.52
102665,2024-03-11,Clothing,2419.91,1,10,East,UPI,4.9,2419.91,2177.92
102666,2024-10-04,Sports & Fitness,4837.83,1,20,West,Cash on Delivery,4.3,4837.83,3870.26
102667,2024-10-25,Books,224.05,1,20,North,UPI,3.9,224.05,179.24
102668,2024-12-07,Sports & Fitness,8254.26,1,5,East,Credit Card,4.6,8254.26,7841.55
102669,2024-06-11,Home & Kitchen,2192.1,1,5,Central,Debit Card,4.0,2192.1,2082.5
102670,2024-12-24,Sports & Fitness,4225.75,2,0,East,UPI,2.7,8451.5,8451.5
102671,2024-05-12,Electronics,39450.55,1,0,East,Credit Card,4.3,39450.55,39450.55
102672,2024-08-07,Home & Kitchen,3703.28,1,5,North,UPI,5.0,3703.28,3518.12
102673,2024-01-31,Clothing,1088.55,2,10,East,UPI,3.8,2177.1,1959.39
102674,2024-03-17,Books,715.93,1,10,South,Credit Card,3.2,715.93,644.34
102675,2024-02-23,Clothing,454.98,1,0,West,Debit Card,2.6,454.98,454.98
102676,2024-05-09,Clothing,3746.1,2,10,South,UPI,3.4,7492.2,6742.98
102677,2024-06-02,Beauty & Personal Care,421.57,2,25,North,Credit Card,4.3,843.14,632.36
102678,2024-03-12,Books,546.79,1,5,Central,Credit Card,3.4,546.79,519.45
102679,2024-02-12,Sports & Fitness,1625.17,2,0,West,Credit Card,3.3,3250.34,3250.34
102680,2024-11-08,Sports & Fitness,7881.77,1,10,East,UPI,4.3,7881.77,7093.59
102681,2024-12-08,Books,144.88,1,5,Central,UPI,2.6,144.88,137.64
102682,2024-12-18,Sports & Fitness,4094.95,1,0,West,Debit Card,3.9,4094.95,4094.95
102683,2024-11-17,Beauty & Personal Care,1786.0,1,5,South,Credit Card,3.9,1786.0,1696.7
102684,2024-09-27,Home & Kitchen,7363.49,1,0,East,Credit Card,3.8,7363.49,7363.49
102685,2024-12-27,Home & Kitchen,11094.89,1,0,East,Net Banking,3.3,11094.89,11094.89
102686,2024-02-03,Beauty & Personal Care,239.52,2,0,South,Cash on Delivery,3.3,479.04,479.04
102687,2024-08-15,Books,249.11,1,15,West,Credit Card,3.8,249.11,211.74
102688,2024-11-01,Books,726.38,1,5,North,Cash on Delivery,4.2,726.38,690.06
102689,2024-10-26,Clothing,2734.64,1,25,West,Credit Card,4.1,2734.64,2050.98
102690,2024-07-25,Clothing,1346.33,1,0,East,Debit Card,4.9,1346.33,1346.33
102691,2024-10-19,Clothing,3992.02,1,0,North,Net Banking,4.3,3992.02,3992.02
102692,2024-02-15,Electronics,2151.62,1,0,North,Debit Card,4.0,2151.62,2151.62
102693,2024-10-26,Beauty & Personal Care,2904.2,2,5,Central,UPI,4.6,5808.4,5517.98
102694,2024-07-24,Sports & Fitness,4055.84,1,0,East,Cash on Delivery,4.4,4055.84,4055.84
102695,2024-10-27,Electronics,32322.23,1,10,Central,Debit Card,4.0,32322.23,29090.01
102696,2024-12-05,Beauty & Personal Care,989.2,1,20,South,Debit Card,4.4,989.2,791.36
102697,2024-02-02,Electronics,3609.64,1,10,Central,UPI,5.0,3609.64,3248.68
102698,2024-07-26,Electronics,17137.53,1,0,Central,Cash on Delivery,4.1,17137.53,17137.53
102699,2024-12-14,Sports & Fitness,6965.59,1,10,South,Cash on Delivery,3.7,6965.59,6269.03
102700,2024-05-18,Grocery,1483.02,1,10,South,Cash on Delivery,3.7,1483.02,1334.72
102701,2024-01-01,Electronics,18772.47,1,0,Central,Credit Card,4.1,18772.47,18772.47
102702,2024-05-21,Clothing,2949.05,1,10,West,Credit Card,4.6,2949.05,2654.15
102703,2024-12-04,Beauty & Personal Care,1036.84,2,0,West,Credit Card,4.4,2073.68,2073.68
102704,2024-07-15,Clothing,545.16,1,0,North,Cash on Delivery,5.0,545.16,545.16
102705,2024-11-13,Sports & Fitness,4851.77,1,5,South,Credit Card,3.3,4851.77,4609.18
102706,2024-05-03,Clothing,1980.15,1,15,West,Credit Card,4.0,1980.15,1683.13
102707,2024-12-22,Electronics,57014.71,1,0,Central,Credit Card,3.3,57014.71,57014.71
102708,2024-05-09,Beauty & Personal Care,525.32,1,5,Central,UPI,5.0,525.32,499.05
102709,2024-12-25,Grocery,1524.64,3,0,Central,Credit Card,4.3,4573.92,4573.92
102710,2024-10-09,Clothing,4747.34,1,0,Central,Net Banking,4.4,4747.34,4747.34
102711,2024-07-15,Sports & Fitness,4752.98,1,10,North,Credit Card,3.6,4752.98,4277.68
102712,2024-10-23,Home & Kitchen,11049.85,3,15,South,Credit Card,4.7,33149.55,28177.12
102713,2024-11-07,Sports & Fitness,8060.34,1,5,South,Net Banking,2.9,8060.34,7657.32
102714,2024-07-30,Books,451.8,1,5,Central,UPI,5.0,451.8,429.21
102715,2024-12-27,Beauty & Personal Care,2118.82,1,5,East,UPI,3.8,2118.82,2012.88
102716,2024-02-09,Electronics,30366.11,1,10,North,UPI,3.7,30366.11,27329.5
102717,2024-06-17,Clothing,2623.1,1,20,North,Credit Card,3.9,2623.1,2098.48
102718,2024-09-29,Books,612.53,1,10,South,Credit Card,4.3,612.53,551.28
102719,2024-09-08,Electronics,35217.17,1,10,West,UPI,4.3,35217.17,31695.45
102720,2024-11-23,Home & Kitchen,7119.92,3,5,West,UPI,2.3,21359.76,20291.77
102721,2024-04-21,Clothing,3026.61,1,0,South,Credit Card,5.0,3026.61,3026.61
102722,2024-02-29,Electronics,3121.71,1,10,South,Net Banking,3.9,3121.71,2809.54
102723,2024-03-23,Home & Kitchen,2354.25,1,0,West,UPI,5.0,2354.25,2354.25
102724,2024-11-22,Electronics,61305.96,1,0,South,Net Banking,3.5,61305.96,61305.96
102725,2024-01-18,Electronics,26505.11,1,10,North,UPI,4.1,26505.11,23854.6
102726,2024-09-03,Beauty & Personal Care,252.69,1,5,East,UPI,3.6,252.69,240.06
102727,2024-11-17,Electronics,12968.95,1,5,West,Credit Card,3.7,12968.95,12320.5
102728,2024-09-01,Clothing,1992.08,1,15,South,UPI,4.4,1992.08,1693.27
102729,2024-03-12,Home & Kitchen,1166.48,1,25,West,Net Banking,4.8,1166.48,874.86
102730,2024-02-21,Electronics,38035.82,1,0,South,Cash on Delivery,4.1,38035.82,38035.82
102731,2024-01-11,Home & Kitchen,291.28,1,20,Central,UPI,5.0,291.28,233.02
102732,2024-03-11,Electronics,7547.2,1,0,East,Credit Card,4.3,7547.2,7547.2
102733,2024-12-28,Electronics,27038.3,1,0,East,UPI,3.5,27038.3,27038.3
102734,2024-10-14,Electronics,34052.74,1,5,South,Debit Card,4.5,34052.74,32350.1
102735,2024-02-10,Electronics,43260.8,1,10,West,Net Banking,3.3,43260.8,38934.72
102736,2024-06-08,Beauty & Personal Care,489.06,1,10,South,Debit Card,4.7,489.06,440.15
102737,2024-04-24,Electronics,34842.01,2,15,South,UPI,4.9,69684.02,59231.42
102738,2024-06-15,Sports & Fitness,2994.81,2,20,Central,Cash on Delivery,3.9,5989.62,4791.7
102739,2024-07-28,Home & Kitchen,1598.75,2,0,East,Credit Card,3.0,3197.5,3197.5
102740,2024-02-24,Grocery,300.27,1,15,West,Credit Card,4.3,300.27,255.23
102741,2024-05-04,Home & Kitchen,5105.29,1,5,East,Credit Card,4.0,5105.29,4850.03
102742,2024-09-10,Home & Kitchen,906.28,1,0,Central,UPI,5.0,906.28,906.28
102743,2024-05-01,Electronics,13098.78,1,0,South,UPI,3.8,13098.78,13098.78
102744,2024-08-03,Sports & Fitness,2421.64,2,0,East,Debit Card,4.7,4843.28,4843.28
102745,2024-05-03,Beauty & Personal Care,1372.66,1,10,East,Debit Card,5.0,1372.66,1235.39
102746,2024-01-24,Sports & Fitness,659.15,1,0,West,Credit Card,4.1,659.15,659.15
102747,2024-04-19,Beauty & Personal Care,254.52,1,20,East,UPI,5.0,254.52,203.62
102748,2024-11-23,Sports & Fitness,2170.08,1,25,East,Debit Card,4.5,2170.08,1627.56
102749,2024-02-22,Beauty & Personal Care,1234.79,1,15,Central,Cash on Delivery,4.7,1234.79,1049.57
102750,2024-05-30,Beauty & Personal Care,592.77,1,20,Central,UPI,4.1,592.77,474.22
102751,2024-06-22,Electronics,13800.25,1,0,East,UPI,5.0,13800.25,13800.25
102752,2024-11-04,Books,1199.79,1,0,South,UPI,5.0,1199.79,1199.79
102753,2024-01-10,Clothing,1216.76,1,10,Central,Debit Card,2.8,1216.76,1095.08
102754,2024-06-10,Home & Kitchen,2721.36,2,10,West,UPI,4.6,5442.72,4898.45
102755,2024-07-03,Electronics,7563.78,1,5,North,Debit Card,4.0,7563.78,7185.59
102756,2024-12-18,Sports & Fitness,5626.7,2,0,West,UPI,4.7,11253.4,11253.4
102757,2024-06-05,Clothing,3424.91,1,5,East,UPI,4.3,3424.91,3253.66
102758,2024-10-18,Electronics,40933.08,1,5,Central,UPI,4.3,40933.08,38886.43
102759,2024-02-28,Home & Kitchen,2471.96,3,15,West,Net Banking,3.8,7415.88,6303.5
102760,2024-01-24,Home & Kitchen,6461.84,1,10,Central,Credit Card,3.6,6461.84,5815.66
102761,2024-02-05,Electronics,33762.97,1,0,Central,UPI,3.3,33762.97,33762.97
102762,2024-09-18,Grocery,327.71,2,0,West,Net Banking,4.3,655.42,655.42
102763,2024-04-27,Books,756.01,2,10,East,Net Banking,3.4,1512.02,1360.82
102764,2024-05-23,Electronics,26572.87,2,15,East,Cash on Delivery,3.7,53145.74,45173.88
102765,2024-01-29,Home & Kitchen,2014.82,1,5,East,Credit Card,4.4,2014.82,1914.08
102766,2024-07-24,Electronics,29149.82,1,10,Central,UPI,3.6,29149.82,26234.84
102767,2024-12-15,Home & Kitchen,3127.84,2,0,East,Credit Card,3.6,6255.68,6255.68
102768,2024-12-25,Beauty & Personal Care,3384.4,1,5,East,Net Banking,5.0,3384.4,3215.18
102769,2024-03-28,Clothing,1961.71,1,0,North,Net Banking,4.2,1961.71,1961.71
102770,2024-05-28,Home & Kitchen,7637.88,1,10,East,UPI,4.5,7637.88,6874.09
102771,2024-02-13,Sports & Fitness,1703.99,1,20,South,Credit Card,3.9,1703.99,1363.19
102772,2024-07-02,Sports & Fitness,4300.39,1,5,North,Net Banking,4.5,4300.39,4085.37
102773,2024-05-02,Clothing,519.79,2,0,West,Credit Card,3.6,1039.58,1039.58
102774,2024-12-02,Electronics,48770.45,1,10,East,UPI,4.3,48770.45,43893.4
102775,2024-08-26,Beauty & Personal Care,1600.07,1,20,West,Credit Card,4.2,1600.07,1280.06
102776,2024-12-04,Home & Kitchen,9206.55,1,5,West,Net Banking,4.9,9206.55,8746.22
102777,2024-07-09,Books,1031.09,1,15,South,UPI,3.6,1031.09,876.43
102778,2024-04-26,Sports & Fitness,5838.72,3,0,Central,Debit Card,3.1,17516.16,17516.16
102779,2024-04-20,Clothing,1411.15,2,0,East,Credit Card,3.9,2822.3,2822.3
102780,2024-07-27,Home & Kitchen,6933.79,1,0,South,Credit Card,3.6,6933.79,6933.79
102781,2024-10-01,Clothing,2669.16,1,15,North,Credit Card,4.0,2669.16,2268.79
102782,2024-11-02,Beauty & Personal Care,2343.51,1,0,West,UPI,4.9,2343.51,2343.51
102783,2024-12-27,Books,1030.05,1,0,North,Debit Card,5.0,1030.05,1030.05
102784,2024-03-15,Sports & Fitness,822.15,1,15,West,UPI,4.3,822.15,698.83
102785,2024-05-23,Clothing,1771.3,1,20,South,UPI,3.4,1771.3,1417.04
102786,2024-05-11,Electronics,2184.72,1,0,North,UPI,3.6,2184.72,2184.72
102787,2024-04-14,Home & Kitchen,5142.33,1,15,East,Credit Card,4.9,5142.33,4370.98
102788,2024-12-09,Sports & Fitness,6315.16,1,0,West,Cash on Delivery,4.4,6315.16,6315.16
102789,2024-06-01,Electronics,39801.19,1,25,South,Cash on Delivery,3.4,39801.19,29850.89
102790,2024-04-10,Electronics,42728.26,1,0,South,UPI,3.0,42728.26,42728.26
102791,2024-01-17,Clothing,3571.22,1,0,East,Cash on Delivery,3.6,3571.22,3571.22
102792,2024-11-09,Clothing,3277.76,1,25,North,Cash on Delivery,4.4,3277.76,2458.32
102793,2024-11-11,Electronics,53358.93,1,10,West,Debit Card,5.0,53358.93,48023.04
102794,2024-09-25,Beauty & Personal Care,2076.32,1,0,North,UPI,4.0,2076.32,2076.32
102795,2024-12-18,Clothing,5406.54,1,0,North,Cash on Delivery,3.8,5406.54,5406.54
102796,2024-09-27,Clothing,3138.32,1,15,Central,Credit Card,4.8,3138.32,2667.57
102797,2024-10-22,Grocery,1921.43,1,15,West,UPI,4.0,1921.43,1633.22
102798,2024-12-06,Sports & Fitness,3707.83,1,0,Central,Credit Card,3.0,3707.83,3707.83
102799,2024-03-27,Electronics,32962.5,2,0,Central,Credit Card,3.7,65925.0,65925.0
102800,2024-04-14,Beauty & Personal Care,2287.65,1,0,East,Cash on Delivery,5.0,2287.65,2287.65
102801,2024-11-19,Beauty & Personal Care,373.49,1,10,West,UPI,3.5,373.49,336.14
102802,2024-11-29,Clothing,2470.09,1,0,West,Credit Card,5.0,2470.09,2470.09
102803,2024-05-09,Home & Kitchen,1005.55,1,0,North,UPI,3.7,1005.55,1005.55
102804,2024-01-01,Electronics,41734.23,1,0,East,Debit Card,3.3,41734.23,41734.23
102805,2024-07-03,Electronics,31646.79,1,5,North,UPI,4.0,31646.79,30064.45
102806,2024-05-29,Clothing,2520.75,1,10,Central,UPI,2.3,2520.75,2268.68
102807,2024-04-14,Home & Kitchen,1622.93,1,5,Central,Debit Card,4.6,1622.93,1541.78
102808,2024-04-09,Home & Kitchen,4807.35,1,10,North,Credit Card,3.4,4807.35,4326.62
102809,2024-01-30,Sports & Fitness,5460.99,1,0,South,UPI,3.1,5460.99,5460.99
102810,2024-11-14,Sports & Fitness,6528.22,1,10,Central,Credit Card,4.6,6528.22,5875.4
102811,2024-02-05,Electronics,36885.61,1,10,East,UPI,3.3,36885.61,33197.05
102812,2024-04-01,Electronics,27382.93,3,20,North,UPI,5.0,82148.79,65719.03
102813,2024-11-15,Clothing,749.71,1,0,North,Credit Card,5.0,749.71,749.71
102814,2024-05-10,Electronics,14594.36,1,10,West,UPI,3.5,14594.36,13134.92
102815,2024-12-05,Home & Kitchen,9317.69,1,0,West,UPI,4.8,9317.69,9317.69
102816,2024-12-30,Clothing,1767.24,2,5,Central,Credit Card,3.6,3534.48,3357.76
102817,2024-05-11,Books,1031.77,2,5,East,UPI,3.4,2063.54,1960.36
102818,2024-10-06,Beauty & Personal Care,1906.46,2,5,South,UPI,4.1,3812.92,3622.27
102819,2024-06-28,Clothing,1811.85,1,10,West,UPI,4.0,1811.85,1630.66
102820,2024-08-25,Beauty & Personal Care,2401.1,1,25,North,UPI,3.5,2401.1,1800.82
102821,2024-09-24,Electronics,23136.83,1,0,West,UPI,4.6,23136.83,23136.83
102822,2024-09-11,Home & Kitchen,463.37,1,10,West,UPI,4.4,463.37,417.03
102823,2024-04-26,Electronics,3304.37,1,0,North,UPI,3.0,3304.37,3304.37
102824,2024-07-21,Beauty & Personal Care,1684.25,1,0,East,UPI,3.9,1684.25,1684.25
102825,2024-08-28,Beauty & Personal Care,745.82,2,0,North,Debit Card,4.3,1491.64,1491.64
102826,2024-01-20,Home & Kitchen,6787.93,2,20,North,Net Banking,4.2,13575.86,10860.69
102827,2024-01-19,Electronics,40769.67,1,0,East,Credit Card,4.6,40769.67,40769.67
102828,2024-05-22,Sports & Fitness,1575.59,1,0,Central,UPI,3.9,1575.59,1575.59
102829,2024-11-20,Electronics,51822.43,1,0,Central,Debit Card,4.6,51822.43,51822.43
102830,2024-06-08,Home & Kitchen,6882.76,1,20,North,UPI,4.0,6882.76,5506.21
102831,2024-12-07,Beauty & Personal Care,2510.5,3,0,West,Cash on Delivery,5.0,7531.5,7531.5
102832,2024-08-01,Home & Kitchen,6332.5,2,10,North,UPI,3.8,12665.0,11398.5
102833,2024-12-30,Grocery,2074.73,1,20,North,Credit Card,3.9,2074.73,1659.78
102834,2024-08-18,Home & Kitchen,2206.16,1,10,Central,Debit Card,3.2,2206.16,1985.54
102835,2024-06-11,Beauty & Personal Care,1048.4,1,0,East,Net Banking,4.4,1048.4,1048.4
102836,2024-04-26,Sports & Fitness,2498.5,1,0,Central,Net Banking,3.3,2498.5,2498.5
102837,2024-03-06,Grocery,706.27,1,25,Central,Net Banking,3.7,706.27,529.7
102838,2024-06-01,Beauty & Personal Care,165.3,2,5,East,Credit Card,4.2,330.6,314.07
102839,2024-06-23,Clothing,3118.11,1,10,East,Credit Card,5.0,3118.11,2806.3
102840,2024-08-12,Grocery,130.19,1,10,Central,UPI,5.0,130.19,117.17
102841,2024-03-10,Grocery,443.95,2,5,South,UPI,4.3,887.9,843.5
102842,2024-08-23,Electronics,40252.63,1,15,North,Credit Card,3.8,40252.63,34214.74
102843,2024-01-22,Electronics,13857.92,2,5,Central,Net Banking,2.6,27715.84,26330.05
102844,2024-10-10,Electronics,58149.94,1,10,West,Cash on Delivery,3.7,58149.94,52334.95
102845,2024-05-26,Clothing,3483.31,1,0,South,Credit Card,3.6,3483.31,3483.31
102846,2024-11-30,Books,660.35,2,10,South,Credit Card,3.9,1320.7,1188.63
102847,2024-03-01,Beauty & Personal Care,1200.2,2,5,Central,Cash on Delivery,4.0,2400.4,2280.38
102848,2024-08-15,Beauty & Personal Care,1540.05,1,10,West,Credit Card,4.2,1540.05,1386.04
102849,2024-03-26,Sports & Fitness,1121.87,1,0,North,Net Banking,4.3,1121.87,1121.87
102850,2024-12-22,Electronics,24732.12,2,5,South,Cash on Delivery,4.7,49464.24,46991.03
102851,2024-11-01,Books,628.8,3,15,South,UPI,3.1,1886.4,1603.44
102852,2024-12-24,Sports & Fitness,1199.15,1,25,West,Debit Card,4.0,1199.15,899.36
102853,2024-05-30,Electronics,42605.44,1,5,South,Debit Card,3.7,42605.44,40475.17
102854,2024-12-27,Books,923.63,1,0,East,Debit Card,3.8,923.63,923.63
102855,2024-12-10,Clothing,1927.12,1,15,West,UPI,4.6,1927.12,1638.05
102856,2024-07-03,Electronics,44886.14,1,10,East,Debit Card,4.3,44886.14,40397.53
102857,2024-10-17,Grocery,1337.25,1,0,Central,Debit Card,3.9,1337.25,1337.25
102858,2024-08-11,Home & Kitchen,4265.61,2,0,South,Credit Card,2.9,8531.22,8531.22
102859,2024-04-15,Beauty & Personal Care,950.74,1,15,West,Cash on Delivery,2.6,950.74,808.13
102860,2024-09-07,Beauty & Personal Care,2275.06,1,20,Central,Cash on Delivery,3.9,2275.06,1820.05
102861,2024-02-10,Clothing,984.5,1,0,South,Credit Card,3.8,984.5,984.5
102862,2024-10-26,Beauty & Personal Care,1166.93,1,0,Central,UPI,3.2,1166.93,1166.93
102863,2024-01-26,Beauty & Personal Care,301.63,1,0,Central,Debit Card,3.6,301.63,301.63
102864,2024-05-30,Books,1138.57,1,10,South,UPI,4.9,1138.57,1024.71
102865,2024-10-19,Clothing,4264.49,1,10,East,Credit Card,4.0,4264.49,3838.04
102866,2024-06-26,Electronics,19635.45,1,0,Central,Credit Card,4.7,19635.45,19635.45
102867,2024-05-22,Electronics,10364.63,1,0,Central,Net Banking,4.4,10364.63,10364.63
102868,2024-05-05,Clothing,3669.64,1,5,East,UPI,4.0,3669.64,3486.16
102869,2024-09-29,Grocery,112.84,1,10,Central,Credit Card,3.7,112.84,101.56
102870,2024-07-08,Home & Kitchen,7814.21,3,0,South,Net Banking,5.0,23442.63,23442.63
102871,2024-11-24,Beauty & Personal Care,2885.38,1,0,Central,Cash on Delivery,4.3,2885.38,2885.38
102872,2024-04-17,Grocery,879.54,1,25,West,Cash on Delivery,4.5,879.54,659.66
102873,2024-09-09,Home & Kitchen,3443.51,2,5,Central,Net Banking,4.5,6887.02,6542.67
102874,2024-01-26,Books,530.53,1,0,North,Credit Card,4.7,530.53,530.53
102875,2024-10-08,Sports & Fitness,3110.26,1,10,North,Net Banking,4.7,3110.26,2799.23
102876,2024-03-07,Clothing,639.36,1,0,East,Credit Card,3.6,639.36,639.36
102877,2024-03-20,Home & Kitchen,5242.09,1,0,Central,UPI,3.8,5242.09,5242.09
102878,2024-11-28,Clothing,2135.75,1,0,East,UPI,5.0,2135.75,2135.75
102879,2024-02-05,Home & Kitchen,4997.96,1,0,East,Credit Card,3.5,4997.96,4997.96
102880,2024-06-09,Home & Kitchen,2303.67,1,5,East,Cash on Delivery,2.8,2303.67,2188.49
102881,2024-01-26,Clothing,2692.25,1,10,West,Credit Card,2.9,2692.25,2423.02
102882,2024-03-25,Electronics,41409.74,2,20,North,UPI,3.8,82819.48,66255.58
102883,2024-06-22,Clothing,1967.68,1,5,North,UPI,4.2,1967.68,1869.3
102884,2024-09-28,Electronics,22505.78,1,0,North,Credit Card,4.3,22505.78,22505.78
102885,2024-06-24,Clothing,1166.91,1,5,Central,Credit Card,4.5,1166.91,1108.56
102886,2024-11-04,Electronics,61458.37,1,25,East,Cash on Delivery,3.9,61458.37,46093.78
102887,2024-03-26,Beauty & Personal Care,720.68,2,0,North,UPI,3.2,1441.36,1441.36
102888,2024-07-13,Clothing,3594.22,1,25,East,Credit Card,4.1,3594.22,2695.66
102889,2024-07-26,Sports & Fitness,5528.28,1,0,Central,UPI,3.5,5528.28,5528.28
102890,2024-11-04,Home & Kitchen,10137.41,1,5,Central,Net Banking,4.2,10137.41,9630.54
102891,2024-11-14,Home & Kitchen,5906.85,1,20,North,Cash on Delivery,5.0,5906.85,4725.48
102892,2024-03-22,Sports & Fitness,5687.12,1,5,South,UPI,4.6,5687.12,5402.76
102893,2024-09-21,Clothing,1500.52,1,10,North,Cash on Delivery,4.6,1500.52,1350.47
102894,2024-02-02,Home & Kitchen,1936.07,1,20,North,UPI,3.8,1936.07,1548.86
102895,2024-06-11,Sports & Fitness,1674.2,2,15,West,UPI,4.2,3348.4,2846.14
102896,2024-04-05,Clothing,2693.57,1,0,South,UPI,3.3,2693.57,2693.57
102897,2024-09-15,Clothing,2698.01,1,15,Central,UPI,5.0,2698.01,2293.31
102898,2024-12-04,Home & Kitchen,951.44,1,0,South,Cash on Delivery,4.0,951.44,951.44
102899,2024-10-10,Beauty & Personal Care,2829.83,2,10,Central,Net Banking,3.8,5659.66,5093.69
102900,2024-12-24,Clothing,4077.72,1,0,West,Debit Card,5.0,4077.72,4077.72
102901,2024-12-08,Clothing,4475.64,1,0,North,UPI,3.7,4475.64,4475.64
102902,2024-03-30,Home & Kitchen,3045.76,3,15,East,Net Banking,4.5,9137.28,7766.69
102903,2024-06-06,Sports & Fitness,1691.36,1,0,East,Credit Card,3.6,1691.36,1691.36
102904,2024-10-01,Electronics,11506.64,1,0,West,UPI,3.0,11506.64,11506.64
102905,2024-01-30,Home & Kitchen,7932.17,1,10,West,UPI,3.9,7932.17,7138.95
102906,2024-10-21,Grocery,698.61,2,10,West,Debit Card,4.4,1397.22,1257.5
102907,2024-08-23,Clothing,1597.65,1,10,North,Net Banking,3.4,1597.65,1437.89
102908,2024-10-20,Home & Kitchen,10619.48,1,0,North,UPI,5.0,10619.48,10619.48
102909,2024-05-28,Books,634.78,1,0,Central,Credit Card,4.1,634.78,634.78
102910,2024-01-31,Home & Kitchen,1819.92,2,20,East,UPI,4.3,3639.84,2911.87
102911,2024-09-28,Sports & Fitness,906.07,1,10,South,UPI,4.8,906.07,815.46
102912,2024-11-01,Electronics,28333.09,1,10,East,Cash on Delivery,4.6,28333.09,25499.78
102913,2024-01-26,Beauty & Personal Care,1512.61,3,0,Central,Credit Card,3.5,4537.83,4537.83
102914,2024-01-13,Grocery,903.07,1,5,East,UPI,3.0,903.07,857.92
102915,2024-08-09,Electronics,23468.68,1,20,West,UPI,3.8,23468.68,18774.94
102916,2024-05-13,Electronics,4513.89,1,10,Central,Credit Card,4.0,4513.89,4062.5
102917,2024-08-12,Electronics,38794.06,2,25,West,Debit Card,5.0,77588.12,58191.09
102918,2024-08-18,Clothing,738.6,1,10,Central,UPI,3.7,738.6,664.74
102919,2024-02-20,Clothing,2954.92,1,5,Central,Debit Card,4.1,2954.92,2807.17
102920,2024-08-06,Clothing,1594.91,1,25,North,Debit Card,3.6,1594.91,1196.18
102921,2024-09-01,Electronics,11220.24,1,10,East,UPI,3.8,11220.24,10098.22
102922,2024-01-18,Electronics,41290.83,1,0,East,UPI,4.4,41290.83,41290.83
102923,2024-06-15,Home & Kitchen,3353.74,1,5,Central,UPI,4.8,3353.74,3186.05
102924,2024-07-03,Electronics,37294.22,1,5,South,Debit Card,2.8,37294.22,35429.51
102925,2024-12-28,Sports & Fitness,5925.24,1,25,East,Net Banking,4.3,5925.24,4443.93
102926,2024-01-16,Sports & Fitness,650.11,1,0,North,UPI,4.5,650.11,650.11
102927,2024-09-23,Clothing,2446.02,1,10,South,Debit Card,3.7,2446.02,2201.42
102928,2024-06-30,Home & Kitchen,5707.4,1,0,North,Credit Card,3.6,5707.4,5707.4
102929,2024-10-18,Electronics,25757.42,1,10,West,Credit Card,3.6,25757.42,23181.68
102930,2024-06-21,Electronics,32622.52,1,10,West,UPI,4.8,32622.52,29360.27
102931,2024-04-05,Beauty & Personal Care,1364.29,1,15,Central,UPI,4.3,1364.29,1159.65
102932,2024-12-29,Clothing,775.07,1,0,West,Debit Card,,775.07,775.07
102933,2024-04-02,Grocery,1425.41,1,20,West,Cash on Delivery,4.8,1425.41,1140.33
102934,2024-04-10,Grocery,533.16,1,0,Central,Net Banking,4.7,533.16,533.16
102935,2024-02-25,Beauty & Personal Care,1753.28,1,5,South,UPI,5.0,1753.28,1665.62
102936,2024-09-09,Home & Kitchen,3686.12,1,10,Central,Cash on Delivery,4.1,3686.12,3317.51
102937,2024-05-11,Clothing,784.81,1,0,West,Cash on Delivery,4.4,784.81,784.81
102938,2024-03-23,Electronics,31794.95,2,0,East,Debit Card,4.2,63589.9,63589.9
102939,2024-11-15,Sports & Fitness,2794.94,1,15,North,Net Banking,5.0,2794.94,2375.7
102940,2024-04-13,Clothing,1429.22,1,5,East,Credit Card,4.9,1429.22,1357.76
102941,2024-09-04,Beauty & Personal Care,2246.57,1,10,Central,UPI,4.7,2246.57,2021.91
102942,2024-05-06,Home & Kitchen,4377.92,3,0,North,UPI,5.0,13133.76,13133.76
102943,2024-07-14,Beauty & Personal Care,824.11,1,0,Central,UPI,3.6,824.11,824.11
102944,2024-06-27,Home & Kitchen,2054.75,1,15,East,Net Banking,4.3,2054.75,1746.54
102945,2024-04-15,Clothing,2365.56,1,0,South,Net Banking,5.0,2365.56,2365.56
102946,2024-01-23,Beauty & Personal Care,1208.6,1,0,North,Credit Card,4.6,1208.6,1208.6
102947,2024-06-12,Grocery,969.37,1,10,Central,Debit Card,5.0,969.37,872.43
102948,2024-10-26,Clothing,2572.95,1,0,Central,UPI,4.8,2572.95,2572.95
102949,2024-12-31,Beauty & Personal Care,3284.73,1,0,Central,Cash on Delivery,4.5,3284.73,3284.73
102950,2024-02-12,Home & Kitchen,1053.66,2,10,Central,UPI,5.0,2107.32,1896.59
102951,2024-09-25,Sports & Fitness,1746.09,1,0,South,UPI,4.3,1746.09,1746.09
102952,2024-09-13,Grocery,392.09,2,5,West,UPI,3.6,784.18,744.97
102953,2024-03-16,Electronics,19210.46,1,15,East,Cash on Delivery,3.2,19210.46,16328.89
102954,2024-08-09,Clothing,799.25,1,0,East,Credit Card,3.5,799.25,799.25
102955,2024-11-19,Electronics,34751.04,1,0,North,UPI,5.0,34751.04,34751.04
102956,2024-06-29,Clothing,1774.82,1,0,South,Net Banking,4.1,1774.82,1774.82
102957,2024-08-24,Sports & Fitness,1925.18,3,0,West,Debit Card,3.5,5775.54,5775.54
102958,2024-08-05,Electronics,16121.63,2,5,North,Credit Card,3.6,32243.26,30631.1
102959,2024-07-17,Clothing,2058.44,1,0,East,Debit Card,4.2,2058.44,2058.44
102960,2024-11-10,Sports & Fitness,915.76,1,15,Central,Net Banking,4.1,915.76,778.4
102961,2024-12-29,Clothing,3210.32,2,0,West,UPI,4.8,6420.64,6420.64
102962,2024-12-08,Sports & Fitness,6989.93,2,0,East,Net Banking,3.4,13979.86,13979.86
102963,2024-08-14,Electronics,18953.47,2,0,Central,Credit Card,4.6,37906.94,37906.94
102964,2024-12-06,Books,1470.67,1,0,East,UPI,4.4,1470.67,1470.67
102965,2024-04-27,Clothing,2209.22,1,0,Central,UPI,4.3,2209.22,2209.22
102966,2024-09-25,Clothing,1371.33,1,10,Central,Credit Card,3.7,1371.33,1234.2
102967,2024-02-26,Home & Kitchen,1772.0,1,10,East,Credit Card,3.7,1772.0,1594.8
102968,2024-08-20,Grocery,1496.2,1,10,South,Credit Card,3.2,1496.2,1346.58
102969,2024-04-08,Clothing,578.17,1,15,Central,Debit Card,4.6,578.17,491.44
102970,2024-03-25,Electronics,32151.83,2,5,Central,UPI,4.7,64303.66,61088.48
102971,2024-02-20,Sports & Fitness,5402.87,1,0,South,UPI,3.8,5402.87,5402.87
102972,2024-09-28,Grocery,1339.88,1,10,East,UPI,3.4,1339.88,1205.89
102973,2024-12-25,Books,184.96,1,20,East,Credit Card,3.4,184.96,147.97
102974,2024-01-24,Sports & Fitness,3196.99,1,5,West,Credit Card,5.0,3196.99,3037.14
102975,2024-01-31,Beauty & Personal Care,2004.67,2,5,North,Credit Card,4.5,4009.34,3808.87
102976,2024-05-19,Home & Kitchen,5902.32,1,5,West,Credit Card,4.3,5902.32,5607.2
102977,2024-07-21,Home & Kitchen,5694.57,1,5,East,Net Banking,4.2,5694.57,5409.84
102978,2024-10-17,Clothing,3818.12,2,15,West,UPI,4.8,7636.24,6490.8
102979,2024-10-23,Electronics,54768.38,2,25,West,Net Banking,5.0,109536.76,82152.57
102980,2024-03-30,Clothing,317.63,1,5,East,Credit Card,3.0,317.63,301.75
102981,2024-11-03,Grocery,605.84,1,0,North,Credit Card,3.2,605.84,605.84
102982,2024-10-19,Clothing,5077.97,1,5,West,UPI,4.2,5077.97,4824.07
102983,2024-07-30,Books,731.79,1,5,Central,Credit Card,4.1,731.79,695.2
102984,2024-11-12,Home & Kitchen,7955.9,2,5,West,UPI,4.0,15911.8,15116.21
102985,2024-12-27,Grocery,711.64,2,10,Central,Debit Card,,1423.28,1280.95
102986,2024-06-11,Electronics,28762.0,1,0,East,Credit Card,4.2,28762.0,28762.0
102987,2024-09-07,Sports & Fitness,2152.14,1,0,South,UPI,3.0,2152.14,2152.14
102988,2024-05-18,Home & Kitchen,7848.22,1,15,North,Credit Card,5.0,7848.22,6670.99
102989,2024-04-30,Home & Kitchen,2866.74,1,15,South,Credit Card,3.1,2866.74,2436.73
102990,2024-02-09,Home & Kitchen,2880.25,1,0,North,UPI,3.7,2880.25,2880.25
102991,2024-05-26,Electronics,7689.94,1,0,North,Cash on Delivery,5.0,7689.94,7689.94
102992,2024-02-19,Sports & Fitness,445.71,1,0,South,Credit Card,4.0,445.71,445.71
102993,2024-02-23,Electronics,29761.12,1,0,South,Credit Card,4.3,29761.12,29761.12
102994,2024-05-12,Home & Kitchen,528.11,1,0,South,Credit Card,3.2,528.11,528.11
102995,2024-10-15,Sports & Fitness,2891.63,2,25,West,UPI,5.0,5783.26,4337.44
102996,2024-11-27,Grocery,2002.12,1,5,East,Cash on Delivery,3.9,2002.12,1902.01
102997,2024-01-14,Electronics,44072.46,2,20,Central,Credit Card,4.1,88144.92,70515.94
102998,2024-03-09,Clothing,382.33,1,10,North,Credit Card,5.0,382.33,344.1
102999,2024-02-29,Home & Kitchen,3803.09,2,0,North,UPI,4.5,7606.18,7606.18
103000,2024-12-30,Electronics,36410.39,1,0,West,Credit Card,4.2,36410.39,36410.39
103001,2024-12-18,Electronics,39350.83,1,10,East,Credit Card,5.0,39350.83,35415.75
103002,2024-04-25,Grocery,656.92,2,0,North,Credit Card,5.0,1313.84,1313.84
103003,2024-08-05,Sports & Fitness,3470.8,1,5,South,Debit Card,3.2,3470.8,3297.26
103004,2024-09-15,Sports & Fitness,2943.9,2,15,East,UPI,4.5,5887.8,5004.63
103005,2024-03-05,Home & Kitchen,5741.98,1,10,Central,Cash on Delivery,4.9,5741.98,5167.78
103006,2024-04-07,Electronics,40198.8,1,5,South,UPI,5.0,40198.8,38188.86
103007,2024-01-21,Electronics,33935.59,2,15,West,UPI,3.9,67871.18,57690.5
103008,2024-09-01,Home & Kitchen,7760.3,2,5,South,UPI,4.3,15520.6,14744.57
103009,2024-06-02,Home & Kitchen,628.72,1,20,West,UPI,3.3,628.72,502.98
103010,2024-08-07,Clothing,1468.89,1,5,East,Credit Card,4.5,1468.89,1395.45
103011,2024-11-08,Electronics,13209.01,1,0,North,Cash on Delivery,4.3,13209.01,13209.01
103012,2024-12-02,Clothing,2442.17,1,0,East,Cash on Delivery,5.0,2442.17,2442.17
103013,2024-02-03,Home & Kitchen,3187.15,1,20,South,UPI,3.5,3187.15,2549.72
103014,2024-10-06,Home & Kitchen,10343.79,2,20,South,Net Banking,4.2,20687.58,16550.06
103015,2024-05-29,Grocery,757.02,1,15,South,Net Banking,3.6,757.02,643.47
103016,2024-10-25,Clothing,2964.79,1,5,North,UPI,4.7,2964.79,2816.55
103017,2024-06-05,Books,102.13,1,10,West,Debit Card,3.4,102.13,91.92
103018,2024-12-18,Sports & Fitness,1088.29,1,15,East,Net Banking,4.4,1088.29,925.05
103019,2024-05-10,Grocery,731.32,1,0,Central,Credit Card,4.3,731.32,731.32
103020,2024-08-19,Home & Kitchen,1037.91,1,20,East,Credit Card,4.3,1037.91,830.33
103021,2024-03-27,Clothing,2508.34,2,5,North,UPI,4.3,5016.68,4765.85
103022,2024-09-03,Sports & Fitness,3929.4,1,0,North,Cash on Delivery,4.9,3929.4,3929.4
103023,2024-12-20,Home & Kitchen,2747.46,1,10,South,Credit Card,4.6,2747.46,2472.71
103024,2024-05-03,Grocery,90.51,1,0,North,Debit Card,4.5,90.51,90.51
103025,2024-09-03,Clothing,1976.96,1,20,Central,Debit Card,3.8,1976.96,1581.57
103026,2024-05-29,Home & Kitchen,4367.98,2,0,East,Cash on Delivery,4.6,8735.96,8735.96
103027,2024-01-13,Books,879.19,2,0,North,UPI,4.6,1758.38,1758.38
103028,2024-10-31,Home & Kitchen,11032.9,1,10,North,Debit Card,4.5,11032.9,9929.61
103029,2024-08-16,Home & Kitchen,6314.72,2,10,West,Net Banking,4.6,12629.44,11366.5
103030,2024-07-04,Beauty & Personal Care,1469.41,1,0,North,Net Banking,4.6,1469.41,1469.41
103031,2024-08-10,Electronics,9031.45,1,10,South,UPI,5.0,9031.45,8128.31
103032,2024-04-24,Grocery,183.97,1,5,North,Cash on Delivery,3.2,183.97,174.77
103033,2024-09-02,Clothing,2671.68,1,25,North,Cash on Delivery,4.0,2671.68,2003.76
103034,2024-04-08,Clothing,3985.77,1,10,North,Cash on Delivery,3.7,3985.77,3587.19
103035,2024-06-11,Beauty & Personal Care,1208.23,1,0,East,Debit Card,3.8,1208.23,1208.23
103036,2024-09-12,Electronics,30193.91,1,0,North,Credit Card,4.7,30193.91,30193.91
103037,2024-01-30,Clothing,3953.23,2,5,East,Debit Card,4.2,7906.46,7511.14
103038,2024-08-02,Clothing,1475.65,1,20,East,Cash on Delivery,4.1,1475.65,1180.52
103039,2024-05-01,Beauty & Personal Care,2135.03,1,0,North,UPI,3.5,2135.03,2135.03
103040,2024-04-23,Grocery,68.4,1,0,North,Cash on Delivery,4.1,68.4,68.4
103041,2024-10-29,Clothing,3172.49,1,0,West,UPI,4.1,3172.49,3172.49
103042,2024-04-14,Electronics,38907.49,2,0,North,Credit Card,4.1,77814.98,77814.98
103043,2024-11-10,Grocery,1338.78,1,5,East,Credit Card,3.9,1338.78,1271.84
103044,2024-08-19,Books,325.59,1,5,North,Credit Card,2.7,325.59,309.31
103045,2024-06-02,Sports & Fitness,2446.54,1,0,East,UPI,5.0,2446.54,2446.54
103046,2024-11-18,Beauty & Personal Care,1983.94,1,5,East,UPI,4.9,1983.94,1884.74
103047,2024-08-01,Clothing,3926.37,1,0,Central,UPI,4.2,3926.37,3926.37
103048,2024-02-02,Home & Kitchen,7909.56,1,15,East,UPI,4.3,7909.56,6723.13
103049,2024-08-08,Clothing,3323.28,1,20,East,UPI,3.7,3323.28,2658.62
103050,2024-02-22,Clothing,2781.35,1,20,West,Cash on Delivery,4.5,2781.35,2225.08
103051,2024-02-13,Beauty & Personal Care,2162.87,1,0,East,Debit Card,5.0,2162.87,2162.87
103052,2024-01-28,Home & Kitchen,3531.96,1,5,West,Credit Card,3.6,3531.96,3355.36
103053,2024-03-24,Home & Kitchen,6643.17,1,15,East,Credit Card,4.1,6643.17,5646.69
103054,2024-09-30,Sports & Fitness,3188.22,1,10,North,UPI,3.6,3188.22,2869.4
103055,2024-10-01,Grocery,266.2,1,10,North,Net Banking,4.3,266.2,239.58
103056,2024-07-07,Beauty & Personal Care,1709.0,3,5,Central,Credit Card,4.0,5127.0,4870.65
103057,2024-09-03,Sports & Fitness,3856.76,3,10,West,Cash on Delivery,3.3,11570.28,10413.25
103058,2024-07-21,Clothing,661.22,1,0,East,Debit Card,3.9,661.22,661.22
103059,2024-06-01,Clothing,729.76,1,0,East,Net Banking,3.4,729.76,729.76
103060,2024-02-15,Home & Kitchen,3133.65,1,15,Central,Debit Card,3.0,3133.65,2663.6
103061,2024-02-17,Clothing,2069.93,1,15,East,Cash on Delivery,4.3,2069.93,1759.44
103062,2024-05-24,Beauty & Personal Care,2125.15,1,20,East,Credit Card,2.7,2125.15,1700.12
103063,2024-01-08,Electronics,14940.48,1,0,South,UPI,3.8,14940.48,14940.48
103064,2024-11-21,Beauty & Personal Care,3037.29,1,20,East,Credit Card,5.0,3037.29,2429.83
103065,2024-01-30,Beauty & Personal Care,1012.79,1,0,East,UPI,3.8,1012.79,1012.79
103066,2024-09-28,Sports & Fitness,2429.6,1,15,Central,Cash on Delivery,4.3,2429.6,2065.16
103067,2024-06-27,Beauty & Personal Care,2001.04,1,5,West,Debit Card,5.0,2001.04,1900.99
103068,2024-02-19,Home & Kitchen,7680.56,2,15,East,Cash on Delivery,3.6,15361.12,13056.95
103069,2024-07-18,Clothing,2500.65,1,10,North,Credit Card,3.6,2500.65,2250.58
103070,2024-09-28,Beauty & Personal Care,1877.67,1,10,East,UPI,4.0,1877.67,1689.9
103071,2024-04-28,Clothing,2835.16,2,5,Central,Credit Card,4.5,5670.32,5386.8
103072,2024-02-04,Sports & Fitness,4737.09,1,15,Central,Debit Card,3.6,4737.09,4026.53
103073,2024-10-14,Electronics,30168.2,1,0,Central,Credit Card,4.6,30168.2,30168.2
103074,2024-02-17,Home & Kitchen,7221.08,1,15,East,Credit Card,3.4,7221.08,6137.92
103075,2024-03-11,Clothing,1428.85,2,15,South,UPI,4.0,2857.7,2429.04
103076,2024-12-27,Electronics,33925.66,1,0,North,Credit Card,3.3,33925.66,33925.66
103077,2024-03-27,Sports & Fitness,4919.28,1,10,East,Debit Card,3.9,4919.28,4427.35
103078,2024-07-18,Clothing,1985.01,1,0,Central,Debit Card,3.4,1985.01,1985.01
103079,2024-03-31,Electronics,10024.81,1,0,South,UPI,5.0,10024.81,10024.81
103080,2024-11-11,Electronics,23910.43,1,10,West,Debit Card,4.8,23910.43,21519.39
103081,2024-01-21,Clothing,3317.35,1,10,South,Cash on Delivery,3.9,3317.35,2985.62
103082,2024-07-06,Beauty & Personal Care,1508.79,3,10,East,Credit Card,4.5,4526.37,4073.73
103083,2024-09-01,Electronics,15597.54,3,0,East,Credit Card,4.1,46792.62,46792.62
103084,2024-06-23,Grocery,345.36,1,0,North,UPI,3.9,345.36,345.36
103085,2024-08-01,Beauty & Personal Care,1872.35,1,5,South,Debit Card,4.9,1872.35,1778.73
103086,2024-10-15,Electronics,51869.09,1,0,North,Net Banking,4.8,51869.09,51869.09
103087,2024-07-17,Home & Kitchen,5668.45,1,0,Central,Credit Card,3.9,5668.45,5668.45
103088,2024-05-10,Sports & Fitness,3493.27,1,10,West,Debit Card,4.0,3493.27,3143.94
103089,2024-08-21,Grocery,675.07,1,5,Central,UPI,4.5,675.07,641.32
103090,2024-03-29,Beauty & Personal Care,1178.65,2,10,North,Net Banking,3.4,2357.3,2121.57
103091,2024-11-09,Home & Kitchen,3463.75,2,5,South,Debit Card,3.2,6927.5,6581.12
103092,2024-10-09,Electronics,29109.7,1,0,Central,Credit Card,4.7,29109.7,29109.7
103093,2024-05-18,Home & Kitchen,1249.57,1,5,West,UPI,4.7,1249.57,1187.09
103094,2024-11-27,Electronics,27009.75,1,25,East,Credit Card,4.3,27009.75,20257.31
103095,2024-10-07,Home & Kitchen,4406.3,1,10,South,UPI,4.7,4406.3,3965.67
103096,2024-09-19,Beauty & Personal Care,1208.2,1,0,East,UPI,4.2,1208.2,1208.2
103097,2024-12-15,Electronics,37550.36,2,0,North,Net Banking,4.0,75100.72,75100.72
103098,2024-10-12,Clothing,2453.16,2,10,East,UPI,4.0,4906.32,4415.69
103099,2024-08-04,Electronics,30681.32,1,0,East,Credit Card,3.9,30681.32,30681.32
103100,2024-06-02,Clothing,901.2,2,10,North,Credit Card,3.3,1802.4,1622.16
103101,2024-03-25,Grocery,821.35,1,5,East,UPI,2.9,821.35,780.28
103102,2024-04-27,Clothing,2182.13,1,0,East,Debit Card,3.8,2182.13,2182.13
103103,2024-10-25,Electronics,44309.04,1,10,West,UPI,3.9,44309.04,39878.14
103104,2024-09-11,Sports & Fitness,1165.45,1,20,Central,Cash on Delivery,4.8,1165.45,932.36
103105,2024-12-11,Clothing,4485.14,1,10,South,Credit Card,4.7,4485.14,4036.63
103106,2024-12-15,Books,343.13,1,5,North,Net Banking,3.5,343.13,325.97
103107,2024-03-17,Home & Kitchen,3543.67,1,0,West,UPI,3.9,3543.67,3543.67
103108,2024-10-07,Beauty & Personal Care,2195.22,2,10,Central,Credit Card,3.4,4390.44,3951.4
103109,2024-04-12,Clothing,3065.54,2,10,East,UPI,3.5,6131.08,5517.97
103110,2024-04-03,Beauty & Personal Care,769.09,1,5,West,Debit Card,4.7,769.09,730.64
103111,2024-08-25,Beauty & Personal Care,862.81,1,10,Central,Credit Card,3.4,862.81,776.53
103112,2024-08-24,Books,232.02,2,0,East,Debit Card,5.0,464.04,464.04
103113,2024-01-23,Clothing,2412.11,1,15,Central,Cash on Delivery,4.9,2412.11,2050.29
103114,2024-12-22,Electronics,26459.67,1,0,South,Credit Card,4.0,26459.67,26459.67
103115,2024-02-24,Books,766.4,1,0,North,Debit Card,3.5,766.4,766.4
103116,2024-11-16,Clothing,5587.08,3,15,Central,Cash on Delivery,4.2,16761.24,14247.05
103117,2024-05-02,Electronics,40438.5,1,25,North,UPI,5.0,40438.5,30328.88
103118,2024-08-04,Home & Kitchen,5156.22,2,10,West,Debit Card,4.0,10312.44,9281.2
103119,2024-08-27,Clothing,2666.42,1,0,North,Net Banking,4.3,2666.42,2666.42
103120,2024-01-06,Beauty & Personal Care,1158.96,1,25,South,Credit Card,4.3,1158.96,869.22
103121,2024-11-17,Home & Kitchen,877.03,2,15,East,Cash on Delivery,4.0,1754.06,1490.95
103122,2024-12-27,Grocery,2007.14,1,10,East,UPI,5.0,2007.14,1806.43
103123,2024-04-02,Clothing,670.29,1,0,South,Credit Card,4.6,670.29,670.29
103124,2024-08-31,Electronics,30592.83,1,0,South,Credit Card,3.8,30592.83,30592.83
103125,2024-03-13,Electronics,11049.19,2,10,Central,UPI,4.3,22098.38,19888.54
103126,2024-05-05,Home & Kitchen,3852.74,1,0,East,UPI,4.0,3852.74,3852.74
103127,2024-08-15,Clothing,1590.27,1,20,East,Cash on Delivery,4.7,1590.27,1272.22
103128,2024-11-27,Electronics,32814.45,1,20,East,Credit Card,3.9,32814.45,26251.56
103129,2024-08-13,Electronics,41321.07,2,5,Central,Debit Card,4.1,82642.14,78510.03
103130,2024-02-08,Clothing,3449.19,1,5,North,Credit Card,4.2,3449.19,3276.73
103131,2024-05-18,Grocery,888.22,2,5,East,Debit Card,4.2,1776.44,1687.62
103132,2024-03-31,Home & Kitchen,3918.06,1,0,Central,Debit Card,3.6,3918.06,3918.06
103133,2024-05-04,Clothing,2387.22,1,15,Central,UPI,3.3,2387.22,2029.14
103134,2024-03-19,Home & Kitchen,2802.69,1,10,Central,Credit Card,5.0,2802.69,2522.42
103135,2024-07-08,Grocery,509.22,1,0,West,UPI,2.1,509.22,509.22
103136,2024-03-30,Sports & Fitness,1877.62,2,10,East,Credit Card,3.8,3755.24,3379.72
103137,2024-05-12,Home & Kitchen,6049.44,1,10,North,Net Banking,4.3,6049.44,5444.5
103138,2024-12-08,Beauty & Personal Care,1002.84,1,0,West,UPI,4.5,1002.84,1002.84
103139,2024-08-01,Grocery,102.26,3,0,Central,UPI,3.6,306.78,306.78
103140,2024-12-07,Home & Kitchen,7598.29,1,20,Central,UPI,4.7,7598.29,6078.63
103141,2024-02-15,Home & Kitchen,1547.3,1,15,East,Credit Card,4.3,1547.3,1315.2
103142,2024-10-08,Beauty & Personal Care,1967.23,2,10,East,Credit Card,3.1,3934.46,3541.01
103143,2024-02-25,Electronics,4498.92,1,0,North,Credit Card,3.9,4498.92,4498.92
103144,2024-07-27,Beauty & Personal Care,2334.76,1,10,Central,Cash on Delivery,4.5,2334.76,2101.28
103145,2024-08-02,Beauty & Personal Care,692.91,2,5,North,Credit Card,4.9,1385.82,1316.53
103146,2024-09-29,Clothing,374.86,1,20,Central,Credit Card,3.4,374.86,299.89
103147,2024-06-05,Home & Kitchen,4783.13,1,20,West,Credit Card,3.8,4783.13,3826.5
103148,2024-05-15,Sports & Fitness,5694.52,3,25,North,Cash on Delivery,3.4,17083.56,12812.67
103149,2024-08-03,Clothing,3283.68,1,15,East,UPI,5.0,3283.68,2791.13
103150,2024-10-22,Clothing,1401.58,2,10,North,UPI,3.6,2803.16,2522.84
103151,2024-01-07,Home & Kitchen,6740.82,3,10,North,Credit Card,3.7,20222.46,18200.21
103152,2024-12-23,Electronics,9752.85,1,0,Central,Debit Card,4.6,9752.85,9752.85
103153,2024-12-26,Beauty & Personal Care,296.7,1,15,West,Credit Card,5.0,296.7,252.2
103154,2024-02-18,Books,745.84,1,15,Central,Cash on Delivery,2.6,745.84,633.96
103155,2024-08-18,Clothing,2259.54,1,10,South,UPI,3.6,2259.54,2033.59
103156,2024-07-28,Clothing,3540.41,2,0,Central,Debit Card,3.5,7080.82,7080.82
103157,2024-11-05,Sports & Fitness,6942.52,1,5,South,Net Banking,4.3,6942.52,6595.39
103158,2024-01-22,Clothing,3891.37,1,0,South,UPI,4.6,3891.37,3891.37
103159,2024-01-28,Sports & Fitness,1647.49,3,10,West,UPI,3.3,4942.47,4448.22
103160,2024-11-06,Books,1612.98,1,0,West,Credit Card,3.6,1612.98,1612.98
103161,2024-09-11,Beauty & Personal Care,1010.1,1,0,West,Cash on Delivery,3.1,1010.1,1010.1
103162,2024-02-24,Clothing,2630.42,1,10,Central,Cash on Delivery,4.9,2630.42,2367.38
103163,2024-12-15,Beauty & Personal Care,905.4,1,0,West,UPI,4.0,905.4,905.4
103164,2024-11-29,Beauty & Personal Care,1057.22,2,10,North,Credit Card,4.9,2114.44,1903.0
103165,2024-09-14,Home & Kitchen,5894.88,1,10,North,Debit Card,3.8,5894.88,5305.39
103166,2024-05-02,Grocery,651.48,1,0,South,UPI,5.0,651.48,651.48
103167,2024-01-11,Home & Kitchen,1581.01,1,20,West,UPI,4.3,1581.01,1264.81
103168,2024-06-19,Beauty & Personal Care,2174.92,1,5,Central,Cash on Delivery,3.8,2174.92,2066.17
103169,2024-07-24,Electronics,24608.18,1,10,South,UPI,4.4,24608.18,22147.36
103170,2024-01-21,Clothing,3840.41,1,0,West,Net Banking,5.0,3840.41,3840.41
103171,2024-10-01,Home & Kitchen,6398.51,3,15,South,Net Banking,5.0,19195.53,16316.2
103172,2024-03-12,Home & Kitchen,2646.28,2,15,West,UPI,3.2,5292.56,4498.68
103173,2024-02-17,Beauty & Personal Care,304.32,1,0,North,UPI,3.9,304.32,304.32
103174,2024-09-07,Home & Kitchen,4252.8,2,10,East,UPI,4.0,8505.6,7655.04
103175,2024-02-13,Beauty & Personal Care,1653.46,1,0,East,UPI,3.9,1653.46,1653.46
103176,2024-03-22,Sports & Fitness,2326.83,2,0,East,UPI,4.4,4653.66,4653.66
103177,2024-02-29,Electronics,42276.87,1,5,East,Debit Card,3.7,42276.87,40163.03
103178,2024-02-04,Home & Kitchen,1644.18,1,15,North,Credit Card,3.9,1644.18,1397.55
103179,2024-04-10,Electronics,26009.29,3,0,North,UPI,4.3,78027.87,78027.87
103180,2024-10-30,Sports & Fitness,1638.5,1,10,South,Credit Card,3.5,1638.5,1474.65
103181,2024-09-21,Clothing,3280.04,1,5,West,Net Banking,,3280.04,3116.04
103182,2024-07-23,Home & Kitchen,4100.06,1,5,North,Credit Card,3.7,4100.06,3895.06
103183,2024-11-14,Clothing,2634.35,1,10,South,UPI,3.9,2634.35,2370.92
103184,2024-03-29,Clothing,3840.96,1,5,South,UPI,3.1,3840.96,3648.91
103185,2024-11-18,Electronics,58955.51,1,20,North,Credit Card,4.9,58955.51,47164.41
103186,2024-10-27,Clothing,5374.46,1,25,North,UPI,5.0,5374.46,4030.84
103187,2024-09-29,Sports & Fitness,3446.71,1,15,Central,Credit Card,2.9,3446.71,2929.7
103188,2024-09-29,Books,1024.36,1,15,Central,Credit Card,4.4,1024.36,870.71
103189,2024-12-05,Electronics,61101.33,3,10,South,UPI,3.6,183303.99,164973.59
103190,2024-11-30,Sports & Fitness,3659.88,1,5,South,Net Banking,4.6,3659.88,3476.89
103191,2024-12-09,Home & Kitchen,5970.37,3,10,North,Credit Card,4.7,17911.11,16120.0
103192,2024-10-26,Beauty & Personal Care,2216.5,1,15,West,Credit Card,3.6,2216.5,1884.02
103193,2024-04-17,Beauty & Personal Care,864.29,1,0,West,Credit Card,3.5,864.29,864.29
103194,2024-02-01,Electronics,41170.94,1,0,Central,Debit Card,3.6,41170.94,41170.94
103195,2024-08-25,Home & Kitchen,7730.6,1,0,Central,Cash on Delivery,3.3,7730.6,7730.6
103196,2024-05-30,Books,1028.76,1,15,Central,UPI,4.1,1028.76,874.45
103197,2024-10-19,Sports & Fitness,5027.71,1,0,West,Net Banking,3.0,5027.71,5027.71
103198,2024-10-25,Clothing,1532.32,1,5,South,Credit Card,4.0,1532.32,1455.7
103199,2024-04-24,Electronics,7781.67,1,15,South,Cash on Delivery,5.0,7781.67,6614.42
103200,2024-01-11,Clothing,2795.4,1,10,East,UPI,4.5,2795.4,2515.86
103201,2024-09-27,Home & Kitchen,7108.14,1,0,East,Credit Card,2.4,7108.14,7108.14
103202,2024-01-08,Home & Kitchen,6635.98,2,0,North,Debit Card,3.6,13271.96,13271.96
103203,2024-10-08,Home & Kitchen,5320.71,1,5,East,UPI,4.3,5320.71,5054.67
103204,2024-07-16,Beauty & Personal Care,329.98,1,0,South,Net Banking,4.4,329.98,329.98
103205,2024-06-09,Clothing,3517.41,1,0,Central,Debit Card,4.3,3517.41,3517.41
103206,2024-03-14,Books,1091.63,1,10,South,Cash on Delivery,5.0,1091.63,982.47
103207,2024-05-16,Sports & Fitness,995.25,1,10,North,Credit Card,3.9,995.25,895.72
103208,2024-08-17,Clothing,1385.31,1,25,Central,Cash on Delivery,4.3,1385.31,1038.98
103209,2024-08-25,Sports & Fitness,3352.77,1,0,South,Debit Card,4.0,3352.77,3352.77
103210,2024-04-30,Electronics,7136.93,1,15,West,Credit Card,4.1,7136.93,6066.39
103211,2024-07-27,Electronics,43626.05,1,10,South,Debit Card,3.1,43626.05,39263.45
103212,2024-11-21,Home & Kitchen,1580.28,1,15,North,Credit Card,4.5,1580.28,1343.24
103213,2024-03-06,Electronics,40327.39,1,25,North,Debit Card,4.5,40327.39,30245.54
103214,2024-06-29,Home & Kitchen,1244.56,2,5,West,Debit Card,4.2,2489.12,2364.66
103215,2024-10-30,Electronics,62552.67,1,5,Central,Credit Card,3.6,62552.67,59425.04
103216,2024-10-07,Home & Kitchen,8536.19,1,5,North,Net Banking,4.3,8536.19,8109.38
103217,2024-01-30,Books,287.05,1,0,Central,Net Banking,3.2,287.05,287.05
103218,2024-04-04,Electronics,41139.01,1,5,East,Credit Card,4.2,41139.01,39082.06
103219,2024-04-18,Books,1005.54,1,0,West,UPI,4.2,1005.54,1005.54
103220,2024-06-07,Home & Kitchen,6035.2,2,20,North,Debit Card,4.3,12070.4,9656.32
103221,2024-08-24,Home & Kitchen,524.97,1,0,North,Credit Card,4.2,524.97,524.97
103222,2024-04-29,Sports & Fitness,3555.07,1,0,South,Debit Card,5.0,3555.07,3555.07
103223,2024-02-07,Beauty & Personal Care,541.6,2,0,South,UPI,4.9,1083.2,1083.2
103224,2024-07-15,Electronics,27706.34,1,0,North,UPI,3.5,27706.34,27706.34
103225,2024-02-13,Sports & Fitness,5468.5,1,5,North,Debit Card,5.0,5468.5,5195.08
103226,2024-10-19,Home & Kitchen,1789.83,2,10,East,Net Banking,4.2,3579.66,3221.69
103227,2024-02-09,Electronics,10285.15,1,5,South,UPI,4.9,10285.15,9770.89
103228,2024-07-20,Home & Kitchen,5646.64,1,20,East,UPI,3.6,5646.64,4517.31
103229,2024-04-04,Grocery,704.42,1,5,West,Debit Card,3.4,704.42,669.2
103230,2024-01-04,Electronics,18937.55,1,10,South,UPI,,18937.55,17043.79
103231,2024-03-13,Home & Kitchen,2366.35,2,0,South,Net Banking,2.2,4732.7,4732.7
103232,2024-02-09,Electronics,20185.23,1,0,Central,Credit Card,4.6,20185.23,20185.23
103233,2024-12-14,Electronics,27648.84,1,0,Central,Net Banking,3.0,27648.84,27648.84
103234,2024-09-25,Clothing,1600.61,1,25,South,Debit Card,4.2,1600.61,1200.46
103235,2024-11-23,Home & Kitchen,8533.07,2,5,East,UPI,4.2,17066.14,16212.83
103236,2024-03-17,Home & Kitchen,7247.36,1,15,West,UPI,4.3,7247.36,6160.26
103237,2024-08-07,Beauty & Personal Care,1870.41,2,20,Central,Credit Card,5.0,3740.82,2992.66
103238,2024-09-14,Clothing,2621.89,1,15,North,Credit Card,3.1,2621.89,2228.61
103239,2024-08-31,Clothing,3543.01,1,10,Central,Net Banking,4.8,3543.01,3188.71
103240,2024-02-27,Clothing,1348.75,1,5,West,Credit Card,4.1,1348.75,1281.31
103241,2024-02-12,Beauty & Personal Care,724.57,2,0,South,Net Banking,4.3,1449.14,1449.14
103242,2024-10-12,Books,145.11,1,0,South,Credit Card,3.5,145.11,145.11
103243,2024-01-24,Electronics,24749.08,1,15,West,UPI,4.2,24749.08,21036.72
103244,2024-02-27,Grocery,1017.79,1,10,Central,Cash on Delivery,4.3,1017.79,916.01
103245,2024-03-05,Beauty & Personal Care,2086.61,1,0,South,Credit Card,3.3,2086.61,2086.61
103246,2024-01-27,Grocery,883.86,1,0,East,UPI,3.5,883.86,883.86
103247,2024-12-27,Sports & Fitness,2059.43,1,5,Central,UPI,4.9,2059.43,1956.46
103248,2024-10-23,Home & Kitchen,10215.79,3,0,North,Debit Card,,30647.37,30647.37
103249,2024-01-16,Clothing,3284.96,1,5,North,UPI,3.8,3284.96,3120.71
103250,2024-02-07,Clothing,2797.02,1,5,South,Credit Card,3.4,2797.02,2657.17
103251,2024-12-08,Beauty & Personal Care,448.11,1,10,North,Debit Card,4.6,448.11,403.3
103252,2024-06-03,Beauty & Personal Care,1894.12,1,0,Central,Credit Card,4.1,1894.12,1894.12
103253,2024-05-31,Clothing,1507.07,1,5,East,Debit Card,4.1,1507.07,1431.72
103254,2024-12-08,Beauty & Personal Care,646.16,1,10,East,UPI,4.6,646.16,581.54
103255,2024-05-04,Clothing,651.85,1,5,North,Debit Card,3.9,651.85,619.26
103256,2024-12-13,Grocery,726.93,1,0,East,Debit Card,3.6,726.93,726.93
103257,2024-09-12,Sports & Fitness,3456.51,1,5,Central,Credit Card,5.0,3456.51,3283.68
103258,2024-05-24,Electronics,9739.14,1,20,Central,Debit Card,4.6,9739.14,7791.31
103259,2024-08-13,Electronics,13928.44,2,20,West,Credit Card,3.8,27856.88,22285.5
103260,2024-05-13,Clothing,2045.59,1,0,North,UPI,4.4,2045.59,2045.59
103261,2024-11-12,Home & Kitchen,2534.67,1,0,West,UPI,3.2,2534.67,2534.67
103262,2024-12-27,Sports & Fitness,2199.22,1,10,West,UPI,4.4,2199.22,1979.3
103263,2024-11-10,Books,478.35,1,0,Central,Credit Card,3.1,478.35,478.35
103264,2024-11-11,Sports & Fitness,1626.45,1,20,East,UPI,4.7,1626.45,1301.16
103265,2024-10-29,Electronics,17917.88,1,5,East,Credit Card,3.8,17917.88,17021.99
103266,2024-09-03,Home & Kitchen,5703.8,1,0,South,Credit Card,3.5,5703.8,5703.8
103267,2024-10-20,Electronics,47536.35,1,20,Central,Debit Card,4.6,47536.35,38029.08
103268,2024-08-16,Beauty & Personal Care,760.08,1,5,East,UPI,4.8,760.08,722.08
103269,2024-10-03,Clothing,3931.36,1,0,Central,UPI,3.5,3931.36,3931.36
103270,2024-07-09,Electronics,5870.28,1,0,North,UPI,4.1,5870.28,5870.28
103271,2024-09-27,Home & Kitchen,3161.27,1,15,West,Debit Card,4.8,3161.27,2687.08
103272,2024-05-10,Books,462.19,1,15,North,Cash on Delivery,4.4,462.19,392.86
103273,2024-07-14,Grocery,1007.24,1,10,Central,Debit Card,2.9,1007.24,906.52
103274,2024-06-11,Home & Kitchen,5638.42,2,0,South,UPI,3.0,11276.84,11276.84
103275,2024-11-07,Grocery,811.63,1,10,Central,Cash on Delivery,4.1,811.63,730.47
103276,2024-12-01,Grocery,416.28,1,5,South,Credit Card,4.8,416.28,395.47
103277,2024-01-22,Electronics,15095.04,1,0,South,Net Banking,5.0,15095.04,15095.04
103278,2024-01-20,Sports & Fitness,1749.44,2,15,West,Cash on Delivery,3.0,3498.88,2974.05
103279,2024-12-13,Clothing,3947.77,1,10,South,Credit Card,5.0,3947.77,3552.99
103280,2024-05-09,Home & Kitchen,3648.62,1,0,East,Cash on Delivery,3.0,3648.62,3648.62
103281,2024-06-08,Books,100.82,1,0,East,Cash on Delivery,4.6,100.82,100.82
103282,2024-02-17,Home & Kitchen,4077.04,1,10,South,Debit Card,3.7,4077.04,3669.34
103283,2024-02-12,Electronics,9548.06,1,10,East,UPI,1.9,9548.06,8593.25
103284,2024-09-01,Sports & Fitness,5090.9,1,10,North,UPI,2.8,5090.9,4581.81
103285,2024-04-22,Electronics,24359.47,2,0,East,Debit Card,4.0,48718.94,48718.94
103286,2024-02-29,Clothing,305.37,1,0,West,Debit Card,4.2,305.37,305.37
103287,2024-11-01,Beauty & Personal Care,947.36,1,15,North,Debit Card,5.0,947.36,805.26
103288,2024-01-11,Home & Kitchen,777.24,1,10,West,Credit Card,3.5,777.24,699.52
103289,2024-01-11,Clothing,905.08,1,0,West,UPI,4.9,905.08,905.08
103290,2024-02-01,Clothing,2798.69,1,20,South,UPI,3.5,2798.69,2238.95
103291,2024-04-12,Beauty & Personal Care,2315.67,1,5,South,Net Banking,3.0,2315.67,2199.89
103292,2024-08-12,Electronics,3286.14,1,10,North,Net Banking,4.2,3286.14,2957.53
103293,2024-11-08,Clothing,2470.17,1,10,Central,Credit Card,5.0,2470.17,2223.15
103294,2024-06-11,Clothing,461.18,1,5,West,UPI,4.6,461.18,438.12
103295,2024-05-25,Electronics,9432.66,1,0,Central,Cash on Delivery,4.3,9432.66,9432.66
103296,2024-06-04,Electronics,40596.03,2,0,North,UPI,5.0,81192.06,81192.06
103297,2024-01-27,Clothing,3034.69,1,15,West,Net Banking,4.2,3034.69,2579.49
103298,2024-03-10,Sports & Fitness,3779.6,1,0,Central,Credit Card,5.0,3779.6,3779.6
103299,2024-12-01,Clothing,759.1,1,25,West,Cash on Delivery,4.9,759.1,569.33
103300,2024-06-20,Beauty & Personal Care,2271.38,1,0,Central,UPI,3.5,2271.38,2271.38
103301,2024-08-03,Home & Kitchen,7091.19,1,0,Central,UPI,4.3,7091.19,7091.19
103302,2024-11-01,Beauty & Personal Care,2774.3,1,0,East,Credit Card,4.0,2774.3,2774.3
103303,2024-10-16,Electronics,20211.52,1,0,Central,UPI,4.5,20211.52,20211.52
103304,2024-09-17,Home & Kitchen,3903.04,1,0,West,Credit Card,3.7,3903.04,3903.04
103305,2024-05-23,Home & Kitchen,6364.5,1,0,West,Debit Card,5.0,6364.5,6364.5
103306,2024-02-21,Home & Kitchen,2611.83,1,5,Central,Credit Card,2.5,2611.83,2481.24
103307,2024-12-25,Home & Kitchen,3468.88,1,10,East,Cash on Delivery,4.3,3468.88,3121.99
103308,2024-03-16,Home & Kitchen,6322.53,1,20,West,Net Banking,3.9,6322.53,5058.02
103309,2024-10-20,Electronics,44076.83,1,5,Central,UPI,3.4,44076.83,41872.99
103310,2024-03-02,Beauty & Personal Care,765.46,1,5,South,UPI,2.1,765.46,727.19
103311,2024-12-22,Beauty & Personal Care,1812.86,1,15,West,Debit Card,3.9,1812.86,1540.93
103312,2024-07-19,Home & Kitchen,2224.98,1,0,South,Debit Card,4.9,2224.98,2224.98
103313,2024-07-21,Grocery,1152.91,1,0,Central,UPI,4.1,1152.91,1152.91
103314,2024-01-06,Clothing,2153.15,3,5,East,Credit Card,4.5,6459.45,6136.48
103315,2024-02-23,Electronics,36411.88,1,5,South,UPI,3.9,36411.88,34591.29
103316,2024-03-25,Beauty & Personal Care,1194.23,2,15,Central,Debit Card,3.3,2388.46,2030.19
103317,2024-03-02,Clothing,1452.95,1,0,West,Credit Card,4.2,1452.95,1452.95
103318,2024-10-27,Electronics,9688.42,1,5,East,Debit Card,3.4,9688.42,9204.0
103319,2024-01-21,Home & Kitchen,2918.21,3,0,East,UPI,4.9,8754.63,8754.63
103320,2024-03-16,Electronics,34111.35,1,0,South,UPI,3.0,34111.35,34111.35
103321,2024-10-04,Clothing,1825.85,2,0,Central,Debit Card,4.4,3651.7,3651.7
103322,2024-06-07,Books,111.0,1,15,East,Cash on Delivery,3.8,111.0,94.35
103323,2024-05-25,Electronics,21057.36,1,10,East,Net Banking,5.0,21057.36,18951.62
103324,2024-07-05,Beauty & Personal Care,747.59,1,20,North,Net Banking,3.4,747.59,598.07
103325,2024-12-27,Grocery,216.09,1,20,East,Debit Card,3.2,216.09,172.87
103326,2024-04-27,Sports & Fitness,2135.06,1,15,West,Debit Card,5.0,2135.06,1814.8
103327,2024-11-24,Home & Kitchen,7881.16,1,5,West,Credit Card,4.8,7881.16,7487.1
103328,2024-11-06,Home & Kitchen,8425.1,1,0,South,Debit Card,4.3,8425.1,8425.1
103329,2024-08-09,Sports & Fitness,3474.3,1,5,Central,Credit Card,3.6,3474.3,3300.58
103330,2024-06-03,Grocery,1465.32,2,0,East,UPI,4.8,2930.64,2930.64
103331,2024-02-25,Electronics,18746.36,1,15,South,UPI,4.7,18746.36,15934.41
103332,2024-03-01,Home & Kitchen,7751.96,1,25,South,UPI,3.8,7751.96,5813.97
103333,2024-09-25,Sports & Fitness,1821.5,1,15,North,Debit Card,4.4,1821.5,1548.28
103334,2024-10-21,Home & Kitchen,4586.71,2,15,East,UPI,4.4,9173.42,7797.41
103335,2024-11-04,Books,331.48,1,0,East,Credit Card,5.0,331.48,331.48
103336,2024-11-26,Grocery,1747.68,1,0,West,UPI,5.0,1747.68,1747.68
103337,2024-10-28,Grocery,1869.46,1,5,West,Debit Card,3.2,1869.46,1775.99
103338,2024-06-12,Clothing,1499.9,2,5,West,Debit Card,4.8,2999.8,2849.81
103339,2024-01-18,Books,525.21,2,0,Central,Debit Card,4.8,1050.42,1050.42
103340,2024-11-02,Beauty & Personal Care,642.02,2,15,East,Net Banking,3.8,1284.04,1091.43
103341,2024-07-30,Electronics,28761.01,3,20,East,Credit Card,2.9,86283.03,69026.42
103342,2024-01-22,Home & Kitchen,7294.53,1,0,South,Credit Card,4.3,7294.53,7294.53
103343,2024-05-25,Home & Kitchen,4470.8,3,0,West,Credit Card,5.0,13412.4,13412.4
103344,2024-09-04,Grocery,486.8,2,10,West,Net Banking,4.6,973.6,876.24
103345,2024-07-27,Sports & Fitness,5377.15,1,20,East,Credit Card,5.0,5377.15,4301.72
103346,2024-08-16,Electronics,16311.41,1,0,West,Debit Card,3.1,16311.41,16311.41
103347,2024-03-15,Clothing,478.64,1,0,Central,Debit Card,4.2,478.64,478.64
103348,2024-06-28,Home & Kitchen,7402.22,2,10,Central,Debit Card,4.0,14804.44,13324.0
103349,2024-09-25,Grocery,800.48,2,15,West,Credit Card,3.8,1600.96,1360.82
103350,2024-09-29,Grocery,1133.25,1,0,North,UPI,4.2,1133.25,1133.25
103351,2024-01-22,Books,491.0,1,15,East,Cash on Delivery,3.7,491.0,417.35
103352,2024-10-24,Sports & Fitness,6498.84,1,0,Central,Credit Card,5.0,6498.84,6498.84
103353,2024-06-09,Clothing,3191.36,1,10,West,Credit Card,4.0,3191.36,2872.22
103354,2024-01-10,Electronics,25626.03,1,0,South,Net Banking,3.8,25626.03,25626.03
103355,2024-02-22,Electronics,28809.92,1,0,South,Debit Card,3.5,28809.92,28809.92
103356,2024-06-03,Home & Kitchen,3099.39,2,10,East,UPI,3.2,6198.78,5578.9
103357,2024-03-17,Clothing,3351.07,1,10,East,Credit Card,4.4,3351.07,3015.96
103358,2024-05-08,Beauty & Personal Care,1056.93,1,5,West,Credit Card,4.1,1056.93,1004.08
103359,2024-01-25,Books,1076.28,1,0,Central,Net Banking,3.8,1076.28,1076.28
103360,2024-04-10,Grocery,563.13,1,10,East,Net Banking,5.0,563.13,506.82
103361,2024-03-04,Clothing,843.56,1,0,North,UPI,4.4,843.56,843.56
103362,2024-08-06,Clothing,1756.85,1,15,South,Debit Card,4.1,1756.85,1493.32
103363,2024-07-31,Home & Kitchen,3441.62,1,0,North,Credit Card,5.0,3441.62,3441.62
103364,2024-08-08,Beauty & Personal Care,817.42,1,0,Central,Debit Card,4.5,817.42,817.42
103365,2024-07-28,Electronics,28243.12,1,10,East,UPI,4.6,28243.12,25418.81
103366,2024-06-26,Books,718.55,2,5,South,Credit Card,3.0,1437.1,1365.24
103367,2024-08-08,Grocery,284.69,1,15,West,Credit Card,3.8,284.69,241.99
103368,2024-07-25,Electronics,11776.07,1,10,West,Debit Card,3.7,11776.07,10598.46
103369,2024-01-03,Sports & Fitness,1646.63,1,5,West,UPI,4.0,1646.63,1564.3
103370,2024-11-14,Beauty & Personal Care,2620.8,1,20,Central,Credit Card,3.6,2620.8,2096.64
103371,2024-12-07,Home & Kitchen,10912.6,1,0,East,Credit Card,4.5,10912.6,10912.6
103372,2024-09-24,Sports & Fitness,1670.89,2,0,West,Credit Card,,3341.78,3341.78
103373,2024-11-14,Clothing,1793.42,2,0,North,Net Banking,4.1,3586.84,3586.84
103374,2024-06-02,Electronics,31673.75,1,15,South,Credit Card,3.9,31673.75,26922.69
103375,2024-07-21,Electronics,20108.09,2,5,Central,UPI,4.5,40216.18,38205.37
103376,2024-11-12,Books,1292.04,1,10,South,Net Banking,3.0,1292.04,1162.84
103377,2024-02-05,Electronics,38672.16,1,10,West,UPI,3.6,38672.16,34804.94
103378,2024-05-14,Beauty & Personal Care,2082.32,1,10,West,UPI,4.4,2082.32,1874.09
103379,2024-07-29,Clothing,350.11,1,0,East,Credit Card,4.4,350.11,350.11
103380,2024-02-01,Sports & Fitness,2598.4,1,10,South,UPI,4.4,2598.4,2338.56
103381,2024-01-08,Clothing,1502.64,1,15,North,UPI,3.7,1502.64,1277.24
103382,2024-06-11,Home & Kitchen,1918.88,1,20,East,UPI,4.1,1918.88,1535.1
103383,2024-08-02,Clothing,3324.55,1,0,South,Credit Card,3.3,3324.55,3324.55
103384,2024-11-27,Home & Kitchen,7164.15,1,5,West,UPI,4.6,7164.15,6805.94
103385,2024-10-16,Clothing,3429.63,1,5,North,Credit Card,3.3,3429.63,3258.15
103386,2024-07-30,Electronics,33624.02,1,10,South,UPI,4.2,33624.02,30261.62
103387,2024-06-20,Grocery,1285.29,1,0,West,Debit Card,5.0,1285.29,1285.29
103388,2024-09-22,Clothing,3611.66,1,10,South,Net Banking,3.4,3611.66,3250.49
103389,2024-03-01,Electronics,1551.49,1,5,South,UPI,3.5,1551.49,1473.92
103390,2024-04-16,Sports & Fitness,3153.67,1,0,West,Debit Card,4.2,3153.67,3153.67
103391,2024-11-26,Electronics,18888.73,3,0,North,Credit Card,4.1,56666.19,56666.19
103392,2024-06-01,Clothing,3437.88,3,10,West,UPI,2.9,10313.64,9282.28
103393,2024-08-03,Home & Kitchen,2689.66,1,15,Central,Net Banking,4.6,2689.66,2286.21
103394,2024-04-23,Clothing,2225.07,1,0,South,Debit Card,3.4,2225.07,2225.07
103395,2024-09-30,Clothing,908.59,1,0,South,Debit Card,3.6,908.59,908.59
103396,2024-05-05,Electronics,28329.22,1,10,North,UPI,3.5,28329.22,25496.3
103397,2024-02-24,Sports & Fitness,4274.0,1,5,Central,Credit Card,3.1,4274.0,4060.3
103398,2024-08-13,Sports & Fitness,5016.92,1,5,Central,Net Banking,3.3,5016.92,4766.07
103399,2024-04-04,Clothing,3567.78,1,10,West,Debit Card,3.8,3567.78,3211.0
103400,2024-05-09,Electronics,28494.09,1,0,Central,UPI,3.8,28494.09,28494.09
103401,2024-10-17,Home & Kitchen,3858.26,1,0,East,Credit Card,5.0,3858.26,3858.26
103402,2024-03-05,Clothing,2295.14,1,10,West,UPI,3.7,2295.14,2065.63
103403,2024-07-24,Clothing,1414.26,1,0,East,Net Banking,5.0,1414.26,1414.26
103404,2024-08-18,Beauty & Personal Care,1509.12,1,25,Central,Net Banking,4.7,1509.12,1131.84
103405,2024-04-19,Electronics,5716.39,1,5,South,Credit Card,3.3,5716.39,5430.57
103406,2024-12-15,Beauty & Personal Care,2891.35,1,5,North,Net Banking,3.6,2891.35,2746.78
103407,2024-11-06,Home & Kitchen,4740.69,1,0,Central,Net Banking,4.9,4740.69,4740.69
103408,2024-01-21,Beauty & Personal Care,1797.01,2,0,West,UPI,4.4,3594.02,3594.02
103409,2024-04-10,Grocery,1472.17,1,0,Central,Cash on Delivery,3.2,1472.17,1472.17
103410,2024-04-11,Beauty & Personal Care,738.01,1,25,North,UPI,3.9,738.01,553.51
103411,2024-08-17,Beauty & Personal Care,1271.22,1,25,Central,Credit Card,3.7,1271.22,953.42
103412,2024-05-15,Clothing,1374.32,1,0,West,Debit Card,3.8,1374.32,1374.32
103413,2024-02-21,Beauty & Personal Care,262.15,1,0,East,Credit Card,3.3,262.15,262.15
103414,2024-12-10,Beauty & Personal Care,1116.58,2,5,South,Credit Card,3.7,2233.16,2121.5
103415,2024-01-14,Home & Kitchen,3180.74,1,10,Central,UPI,3.4,3180.74,2862.67
103416,2024-01-22,Sports & Fitness,3347.8,1,0,North,UPI,3.9,3347.8,3347.8
103417,2024-08-20,Clothing,2784.46,1,10,West,UPI,5.0,2784.46,2506.01
103418,2024-09-16,Beauty & Personal Care,482.72,1,10,South,Credit Card,5.0,482.72,434.45
103419,2024-09-25,Clothing,401.07,1,10,West,Credit Card,3.6,401.07,360.96
103420,2024-06-25,Books,266.63,1,0,South,Credit Card,3.3,266.63,266.63
103421,2024-07-01,Sports & Fitness,3194.34,1,5,South,Debit Card,4.9,3194.34,3034.62
103422,2024-09-30,Sports & Fitness,5508.33,1,5,East,Credit Card,4.5,5508.33,5232.91
103423,2024-04-14,Sports & Fitness,5056.07,1,15,East,Credit Card,4.2,5056.07,4297.66
103424,2024-09-28,Beauty & Personal Care,2216.76,1,20,East,Credit Card,3.8,2216.76,1773.41
103425,2024-09-23,Clothing,1893.09,2,0,East,Net Banking,4.1,3786.18,3786.18
103426,2024-03-08,Home & Kitchen,1206.74,1,20,West,Credit Card,2.2,1206.74,965.39
103427,2024-02-18,Clothing,3123.64,1,10,Central,UPI,2.7,3123.64,2811.28
103428,2024-07-12,Clothing,2869.56,2,20,West,Net Banking,4.3,5739.12,4591.3
103429,2024-04-16,Beauty & Personal Care,1922.77,1,5,West,UPI,4.6,1922.77,1826.63
103430,2024-04-01,Electronics,17955.3,1,15,Central,Credit Card,4.0,17955.3,15262.0
103431,2024-02-06,Electronics,14446.51,1,10,Central,Debit Card,4.4,14446.51,13001.86
103432,2024-05-31,Beauty & Personal Care,275.08,1,10,West,Net Banking,4.7,275.08,247.57
103433,2024-05-11,Sports & Fitness,929.54,1,0,South,Credit Card,3.9,929.54,929.54
103434,2024-03-14,Grocery,1005.4,1,5,North,Credit Card,4.5,1005.4,955.13
103435,2024-11-06,Beauty & Personal Care,3370.21,2,0,Central,Net Banking,4.0,6740.42,6740.42
103436,2024-06-16,Sports & Fitness,4163.41,1,0,East,UPI,3.2,4163.41,4163.41
103437,2024-12-20,Electronics,45022.46,1,20,Central,UPI,5.0,45022.46,36017.97
103438,2024-12-21,Beauty & Personal Care,1588.36,1,20,North,Credit Card,4.7,1588.36,1270.69
103439,2024-04-05,Electronics,1819.19,1,25,Central,Credit Card,2.3,1819.19,1364.39
103440,2024-02-05,Electronics,30155.63,1,20,South,Debit Card,3.6,30155.63,24124.5
103441,2024-08-28,Clothing,2021.67,2,10,North,Net Banking,3.0,4043.34,3639.01
103442,2024-06-22,Electronics,17410.61,2,10,South,Debit Card,3.8,34821.22,31339.1
103443,2024-11-29,Books,954.7,1,15,East,UPI,3.1,954.7,811.5
103444,2024-10-05,Clothing,4775.95,1,0,East,Net Banking,4.0,4775.95,4775.95
103445,2024-06-14,Electronics,12889.05,2,5,West,UPI,4.6,25778.1,24489.19
103446,2024-10-28,Beauty & Personal Care,1743.05,1,15,East,UPI,5.0,1743.05,1481.59
103447,2024-05-27,Grocery,83.9,1,25,East,UPI,4.1,83.9,62.92
103448,2024-02-26,Home & Kitchen,2748.7,1,10,Central,Debit Card,5.0,2748.7,2473.83
103449,2024-11-22,Home & Kitchen,6018.04,2,10,East,UPI,4.6,12036.08,10832.47
103450,2024-06-01,Home & Kitchen,3707.33,2,20,West,Credit Card,4.8,7414.66,5931.73
103451,2024-02-22,Electronics,17464.58,1,10,North,Cash on Delivery,3.9,17464.58,15718.12
103452,2024-03-24,Electronics,26715.6,1,20,Central,Credit Card,4.0,26715.6,21372.48
103453,2024-03-27,Clothing,3436.51,1,10,Central,Credit Card,4.9,3436.51,3092.86
103454,2024-01-25,Clothing,2049.29,2,0,West,UPI,3.2,4098.58,4098.58
103455,2024-12-31,Clothing,2960.63,1,5,North,Net Banking,4.8,2960.63,2812.6
103456,2024-02-17,Electronics,22355.47,1,10,East,Credit Card,4.0,22355.47,20119.92
103457,2024-08-25,Home & Kitchen,2499.32,1,5,South,Credit Card,4.7,2499.32,2374.35
103458,2024-12-24,Home & Kitchen,10274.51,1,15,West,Debit Card,3.4,10274.51,8733.33
103459,2024-06-16,Electronics,44743.45,1,20,Central,UPI,4.3,44743.45,35794.76
103460,2024-06-19,Electronics,33461.12,1,15,West,Debit Card,4.6,33461.12,28441.95
103461,2024-03-05,Electronics,16867.91,1,5,West,Debit Card,4.5,16867.91,16024.51
103462,2024-04-26,Electronics,22973.85,1,5,North,Credit Card,4.9,22973.85,21825.16
103463,2024-09-10,Electronics,35042.76,1,10,West,Net Banking,3.2,35042.76,31538.48
103464,2024-01-13,Sports & Fitness,1226.93,2,0,Central,Debit Card,3.8,2453.86,2453.86
103465,2024-11-20,Beauty & Personal Care,639.03,1,10,South,Net Banking,4.0,639.03,575.13
103466,2024-05-02,Clothing,3988.44,1,25,South,Credit Card,4.9,3988.44,2991.33
103467,2024-11-16,Home & Kitchen,9745.77,1,10,West,UPI,3.7,9745.77,8771.19
103468,2024-02-03,Clothing,2465.95,1,5,East,Credit Card,3.6,2465.95,2342.65
103469,2024-02-04,Sports & Fitness,5243.05,1,10,North,UPI,3.6,5243.05,4718.74
103470,2024-06-17,Sports & Fitness,4659.28,2,0,North,UPI,4.9,9318.56,9318.56
103471,2024-07-29,Home & Kitchen,1244.24,1,0,South,Net Banking,3.0,1244.24,1244.24
103472,2024-04-08,Clothing,3922.91,1,15,West,UPI,3.6,3922.91,3334.47
103473,2024-08-04,Electronics,12362.66,1,15,East,Net Banking,4.8,12362.66,10508.26
103474,2024-02-13,Electronics,6142.22,1,10,West,UPI,4.6,6142.22,5528.0
103475,2024-03-08,Sports & Fitness,4689.56,2,0,East,Credit Card,4.1,9379.12,9379.12
103476,2024-04-09,Clothing,1518.55,1,20,West,Debit Card,4.4,1518.55,1214.84
103477,2024-06-27,Clothing,3120.57,1,10,West,UPI,3.5,3120.57,2808.51
103478,2024-06-17,Beauty & Personal Care,1565.36,1,20,Central,UPI,4.6,1565.36,1252.29
103479,2024-01-25,Books,811.25,1,10,West,Credit Card,4.7,811.25,730.12
103480,2024-12-03,Clothing,2078.73,1,10,East,UPI,4.2,2078.73,1870.86
103481,2024-12-11,Books,180.49,2,0,West,Debit Card,3.6,360.98,360.98
103482,2024-11-04,Electronics,20873.46,1,10,Central,UPI,3.8,20873.46,18786.11
103483,2024-11-04,Beauty & Personal Care,3371.72,1,15,Central,Cash on Delivery,4.5,3371.72,2865.96
103484,2024-12-16,Grocery,1721.31,1,25,East,Net Banking,4.3,1721.31,1290.98
103485,2024-01-29,Electronics,16468.72,1,20,North,Debit Card,3.6,16468.72,13174.98
103486,2024-10-25,Clothing,1525.55,1,10,North,UPI,3.4,1525.55,1373.0
103487,2024-06-21,Clothing,1466.67,1,0,East,Credit Card,4.6,1466.67,1466.67
103488,2024-07-07,Clothing,2011.8,1,5,Central,UPI,3.7,2011.8,1911.21
103489,2024-12-17,Clothing,2251.79,1,5,South,UPI,3.9,2251.79,2139.2
103490,2024-10-11,Sports & Fitness,2712.7,1,10,East,Credit Card,5.0,2712.7,2441.43
103491,2024-02-21,Electronics,39081.9,1,0,West,UPI,3.8,39081.9,39081.9
103492,2024-12-17,Grocery,1742.43,1,15,East,Credit Card,4.3,1742.43,1481.07
103493,2024-08-30,Beauty & Personal Care,1860.56,2,15,North,Credit Card,3.5,3721.12,3162.95
103494,2024-09-01,Home & Kitchen,7129.53,1,0,South,UPI,3.6,7129.53,7129.53
103495,2024-10-25,Grocery,2052.97,3,10,East,Credit Card,4.7,6158.91,5543.02
103496,2024-04-01,Sports & Fitness,2676.96,1,0,South,UPI,4.7,2676.96,2676.96
103497,2024-01-06,Home & Kitchen,4610.12,1,20,Central,UPI,4.1,4610.12,3688.1
103498,2024-11-28,Electronics,58512.89,1,10,Central,Credit Card,5.0,58512.89,52661.6
103499,2024-05-11,Home & Kitchen,1140.42,1,5,East,UPI,3.6,1140.42,1083.4
103500,2024-10-18,Beauty & Personal Care,439.76,1,10,North,Net Banking,4.1,439.76,395.78
103501,2024-06-03,Clothing,2826.39,1,0,Central,UPI,3.3,2826.39,2826.39
103502,2024-04-17,Grocery,1172.01,1,5,West,Debit Card,3.5,1172.01,1113.41
103503,2024-04-12,Books,929.99,1,20,Central,Credit Card,5.0,929.99,743.99
103504,2024-06-24,Sports & Fitness,812.99,1,0,West,UPI,3.6,812.99,812.99
103505,2024-11-21,Books,600.58,1,20,East,UPI,5.0,600.58,480.46
103506,2024-10-17,Electronics,50052.48,1,0,South,UPI,3.7,50052.48,50052.48
103507,2024-12-11,Electronics,39410.74,2,0,South,Credit Card,3.6,78821.48,78821.48
103508,2024-12-30,Home & Kitchen,8919.76,1,15,North,UPI,4.6,8919.76,7581.8
103509,2024-08-27,Electronics,23229.79,1,0,East,Net Banking,4.2,23229.79,23229.79
103510,2024-02-08,Sports & Fitness,5984.99,1,5,North,Credit Card,2.8,5984.99,5685.74
103511,2024-10-18,Clothing,5288.08,1,5,Central,Net Banking,3.7,5288.08,5023.68
103512,2024-10-20,Electronics,38937.1,3,0,Central,UPI,4.1,116811.3,116811.3
103513,2024-06-08,Electronics,31505.55,1,0,Central,Cash on Delivery,2.9,31505.55,31505.55
103514,2024-08-30,Electronics,6062.92,1,0,East,Credit Card,4.8,6062.92,6062.92
103515,2024-01-25,Electronics,39887.06,1,20,North,Cash on Delivery,4.0,39887.06,31909.65
103516,2024-05-21,Books,960.59,1,25,North,Net Banking,3.8,960.59,720.44
103517,2024-11-24,Books,147.35,1,0,South,Net Banking,4.2,147.35,147.35
103518,2024-12-04,Clothing,2827.15,1,5,West,UPI,3.5,2827.15,2685.79
103519,2024-09-03,Sports & Fitness,5926.77,1,0,Central,Cash on Delivery,4.5,5926.77,5926.77
103520,2024-10-05,Electronics,41982.5,1,5,Central,Credit Card,4.1,41982.5,39883.38
103521,2024-09-28,Beauty & Personal Care,1052.37,1,0,South,UPI,4.8,1052.37,1052.37
103522,2024-03-06,Grocery,1474.22,1,25,South,Debit Card,3.6,1474.22,1105.66
103523,2024-01-20,Clothing,1184.11,2,10,West,Cash on Delivery,5.0,2368.22,2131.4
103524,2024-01-29,Sports & Fitness,635.05,1,15,North,Debit Card,5.0,635.05,539.79
103525,2024-12-06,Grocery,1322.94,1,0,South,Credit Card,3.4,1322.94,1322.94
103526,2024-04-29,Home & Kitchen,5720.78,1,0,Central,UPI,3.5,5720.78,5720.78
103527,2024-03-10,Electronics,29611.85,1,0,East,Debit Card,4.2,29611.85,29611.85
103528,2024-05-04,Grocery,947.71,1,0,West,Net Banking,3.9,947.71,947.71
103529,2024-09-18,Sports & Fitness,5427.03,1,0,East,Net Banking,4.9,5427.03,5427.03
103530,2024-04-13,Home & Kitchen,2047.76,2,0,West,Credit Card,3.8,4095.52,4095.52
103531,2024-04-12,Home & Kitchen,2074.5,1,20,North,Credit Card,4.8,2074.5,1659.6
103532,2024-07-12,Electronics,42518.32,1,5,West,Debit Card,4.2,42518.32,40392.4
103533,2024-02-03,Home & Kitchen,1574.62,1,20,Central,Debit Card,4.5,1574.62,1259.7
103534,2024-08-15,Home & Kitchen,532.38,1,5,East,UPI,4.6,532.38,505.76
103535,2024-11-01,Sports & Fitness,4643.68,1,25,Central,Net Banking,3.4,4643.68,3482.76
103536,2024-12-20,Home & Kitchen,1256.77,1,10,Central,Debit Card,4.3,1256.77,1131.09
103537,2024-06-11,Clothing,2705.41,1,10,South,Credit Card,3.7,2705.41,2434.87
103538,2024-07-20,Beauty & Personal Care,1370.53,3,10,South,Credit Card,4.8,4111.59,3700.43
103539,2024-12-24,Clothing,5398.17,3,20,Central,UPI,4.4,16194.51,12955.61
103540,2024-09-27,Clothing,3499.08,1,0,South,UPI,3.7,3499.08,3499.08
103541,2024-05-19,Beauty & Personal Care,591.84,1,10,Central,Debit Card,4.3,591.84,532.66
103542,2024-05-15,Electronics,43915.13,1,5,Central,Net Banking,3.1,43915.13,41719.37
103543,2024-04-10,Electronics,2001.56,1,0,West,UPI,5.0,2001.56,2001.56
103544,2024-03-28,Beauty & Personal Care,1363.11,2,0,Central,Credit Card,4.4,2726.22,2726.22
103545,2024-11-27,Sports & Fitness,3788.33,1,25,West,Debit Card,4.0,3788.33,2841.25
103546,2024-12-06,Grocery,1340.43,1,5,North,Net Banking,3.7,1340.43,1273.41
103547,2024-01-03,Sports & Fitness,5026.09,1,0,North,Credit Card,2.9,5026.09,5026.09
103548,2024-10-12,Clothing,3488.07,1,25,Central,UPI,3.0,3488.07,2616.05
103549,2024-04-23,Home & Kitchen,3614.06,1,0,Central,Cash on Delivery,4.7,3614.06,3614.06
103550,2024-03-23,Beauty & Personal Care,1664.42,1,10,East,Credit Card,3.9,1664.42,1497.98
103551,2024-06-01,Home & Kitchen,4280.59,1,0,Central,UPI,2.9,4280.59,4280.59
103552,2024-01-06,Beauty & Personal Care,702.75,1,0,North,Credit Card,4.6,702.75,702.75
103553,2024-01-18,Home & Kitchen,3610.59,1,0,West,Net Banking,3.1,3610.59,3610.59
103554,2024-10-24,Books,563.67,1,20,Central,Credit Card,3.6,563.67,450.94
103555,2024-04-30,Electronics,28458.47,2,20,North,Debit Card,3.8,56916.94,45533.55
103556,2024-07-19,Electronics,43426.05,1,5,West,UPI,4.1,43426.05,41254.75
103557,2024-05-18,Beauty & Personal Care,1629.56,1,10,North,Debit Card,5.0,1629.56,1466.6
103558,2024-04-21,Sports & Fitness,1351.08,1,25,East,Credit Card,4.7,1351.08,1013.31
103559,2024-09-20,Clothing,2079.96,1,5,East,UPI,3.3,2079.96,1975.96
103560,2024-06-04,Beauty & Personal Care,2118.64,1,10,West,Net Banking,4.8,2118.64,1906.78
103561,2024-11-03,Electronics,23955.35,1,0,South,UPI,4.0,23955.35,23955.35
103562,2024-10-31,Clothing,2585.18,1,0,West,UPI,3.8,2585.18,2585.18
103563,2024-07-25,Beauty & Personal Care,2293.62,1,0,South,Credit Card,4.6,2293.62,2293.62
103564,2024-06-27,Beauty & Personal Care,676.2,1,0,West,Credit Card,3.7,676.2,676.2
103565,2024-03-23,Clothing,493.16,1,10,Central,Credit Card,4.1,493.16,443.84
103566,2024-05-25,Electronics,4103.35,1,0,West,Cash on Delivery,2.9,4103.35,4103.35
103567,2024-03-07,Clothing,2907.67,1,0,Central,UPI,3.7,2907.67,2907.67
103568,2024-05-02,Beauty & Personal Care,880.23,1,0,Central,Credit Card,3.7,880.23,880.23
103569,2024-11-23,Beauty & Personal Care,1463.34,1,0,South,Credit Card,4.6,1463.34,1463.34
103570,2024-01-04,Clothing,1206.85,1,10,North,UPI,4.3,1206.85,1086.16
103571,2024-03-03,Clothing,1448.77,1,20,North,Credit Card,3.7,1448.77,1159.02
103572,2024-10-14,Electronics,47235.79,1,0,East,Cash on Delivery,5.0,47235.79,47235.79
103573,2024-07-13,Home & Kitchen,436.92,1,10,South,Cash on Delivery,4.5,436.92,393.23
103574,2024-03-10,Clothing,2832.42,1,25,East,UPI,4.8,2832.42,2124.32
103575,2024-05-21,Clothing,3106.78,1,10,South,Credit Card,4.6,3106.78,2796.1
103576,2024-11-29,Electronics,49616.21,1,0,South,Net Banking,2.6,49616.21,49616.21
103577,2024-01-25,Sports & Fitness,2849.09,1,10,South,Credit Card,4.2,2849.09,2564.18
103578,2024-01-23,Home & Kitchen,1755.66,1,0,North,Credit Card,4.2,1755.66,1755.66
103579,2024-05-17,Clothing,412.85,2,5,North,Credit Card,4.2,825.7,784.42
103580,2024-01-02,Beauty & Personal Care,997.71,1,0,South,UPI,4.4,997.71,997.71
103581,2024-06-22,Home & Kitchen,3591.46,2,5,Central,Credit Card,4.3,7182.92,6823.77
103582,2024-07-29,Home & Kitchen,5519.66,1,5,North,Credit Card,5.0,5519.66,5243.68
103583,2024-07-15,Grocery,441.3,1,0,South,Net Banking,4.7,441.3,441.3
103584,2024-01-18,Beauty & Personal Care,2108.05,1,0,Central,Credit Card,4.5,2108.05,2108.05
103585,2024-01-11,Clothing,2185.28,2,5,North,Debit Card,4.1,4370.56,4152.03
103586,2024-05-12,Clothing,3523.94,1,15,South,Debit Card,3.8,3523.94,2995.35
103587,2024-03-09,Clothing,914.33,1,0,East,Net Banking,4.2,914.33,914.33
103588,2024-06-21,Electronics,5539.51,1,5,South,Credit Card,4.3,5539.51,5262.53
103589,2024-08-26,Beauty & Personal Care,206.66,1,10,South,Credit Card,2.9,206.66,185.99
103590,2024-10-29,Electronics,44170.72,1,0,East,Cash on Delivery,3.6,44170.72,44170.72
103591,2024-07-01,Beauty & Personal Care,1271.81,1,15,North,Debit Card,4.0,1271.81,1081.04
103592,2024-05-19,Home & Kitchen,1140.75,1,15,West,Cash on Delivery,2.9,1140.75,969.64
103593,2024-03-20,Home & Kitchen,403.05,1,5,North,Credit Card,4.5,403.05,382.9
103594,2024-08-15,Grocery,1299.7,1,25,South,Cash on Delivery,3.3,1299.7,974.78
103595,2024-12-22,Home & Kitchen,2750.17,1,20,Central,UPI,3.8,2750.17,2200.14
103596,2024-04-28,Home & Kitchen,5725.11,1,0,East,Debit Card,3.2,5725.11,5725.11
103597,2024-02-08,Electronics,17267.5,1,10,East,Debit Card,3.7,17267.5,15540.75
103598,2024-02-15,Grocery,148.58,1,15,West,Cash on Delivery,4.4,148.58,126.29
103599,2024-08-21,Electronics,6459.77,1,15,South,UPI,5.0,6459.77,5490.8
103600,2024-08-17,Electronics,6440.87,1,15,South,Debit Card,4.6,6440.87,5474.74
103601,2024-11-29,Electronics,27476.99,1,20,East,UPI,4.2,27476.99,21981.59
103602,2024-09-09,Beauty & Personal Care,2023.64,2,0,North,Credit Card,3.1,4047.28,4047.28
103603,2024-01-27,Home & Kitchen,5718.7,1,10,Central,UPI,4.1,5718.7,5146.83
103604,2024-06-05,Electronics,6727.8,1,0,North,UPI,2.9,6727.8,6727.8
103605,2024-11-05,Grocery,1141.55,1,20,North,UPI,4.3,1141.55,913.24
103606,2024-10-12,Beauty & Personal Care,3343.38,1,15,South,UPI,3.2,3343.38,2841.87
103607,2024-09-08,Electronics,37488.72,2,5,East,Cash on Delivery,3.1,74977.44,71228.57
103608,2024-06-18,Beauty & Personal Care,878.87,1,10,North,Net Banking,5.0,878.87,790.98
103609,2024-06-15,Clothing,2489.62,1,15,West,Cash on Delivery,4.9,2489.62,2116.18
103610,2024-05-26,Electronics,6282.15,1,0,Central,Credit Card,4.3,6282.15,6282.15
103611,2024-11-22,Clothing,2880.08,1,20,East,Debit Card,4.6,2880.08,2304.06
103612,2024-01-31,Beauty & Personal Care,2321.53,2,0,Central,Credit Card,3.5,4643.06,4643.06
103613,2024-07-07,Books,470.88,1,20,East,Cash on Delivery,4.7,470.88,376.7
103614,2024-02-13,Clothing,1501.74,1,20,West,UPI,3.7,1501.74,1201.39
103615,2024-03-05,Sports & Fitness,1876.79,2,20,East,UPI,3.6,3753.58,3002.86
103616,2024-05-17,Home & Kitchen,7951.1,1,5,Central,Credit Card,5.0,7951.1,7553.54
103617,2024-07-07,Home & Kitchen,6553.99,1,15,South,UPI,4.8,6553.99,5570.89
103618,2024-06-19,Sports & Fitness,3072.33,1,0,West,UPI,2.9,3072.33,3072.33
103619,2024-06-08,Sports & Fitness,640.22,1,5,East,Credit Card,2.7,640.22,608.21
103620,2024-09-01,Books,860.55,2,0,South,UPI,4.2,1721.1,1721.1
103621,2024-07-28,Beauty & Personal Care,818.21,1,0,West,Credit Card,4.7,818.21,818.21
103622,2024-12-23,Clothing,881.44,1,20,North,Credit Card,4.2,881.44,705.15
103623,2024-11-23,Electronics,3436.6,2,10,South,Credit Card,2.5,6873.2,6185.88
103624,2024-05-15,Beauty & Personal Care,168.58,1,10,East,Credit Card,4.6,168.58,151.72
103625,2024-01-26,Clothing,2955.76,1,20,West,UPI,3.0,2955.76,2364.61
103626,2024-04-28,Beauty & Personal Care,2124.69,1,0,South,Debit Card,3.6,2124.69,2124.69
103627,2024-08-17,Electronics,31173.71,1,5,East,Debit Card,3.9,31173.71,29615.02
103628,2024-01-05,Books,1171.37,1,0,West,Credit Card,2.6,1171.37,1171.37
103629,2024-01-20,Beauty & Personal Care,1302.04,1,0,East,Credit Card,4.2,1302.04,1302.04
103630,2024-03-15,Grocery,496.51,1,0,Central,UPI,4.7,496.51,496.51
103631,2024-11-17,Electronics,8446.02,1,0,North,UPI,3.7,8446.02,8446.02
103632,2024-07-20,Books,291.32,1,0,North,Net Banking,4.7,291.32,291.32
103633,2024-05-01,Clothing,826.79,2,25,Central,Debit Card,4.4,1653.58,1240.18
103634,2024-01-18,Electronics,1987.68,1,20,South,Cash on Delivery,3.9,1987.68,1590.14
103635,2024-02-28,Clothing,3188.31,1,5,South,UPI,4.8,3188.31,3028.89
103636,2024-01-04,Books,478.07,1,0,East,UPI,3.7,478.07,478.07
103637,2024-07-30,Grocery,762.49,1,20,North,Credit Card,3.7,762.49,609.99
103638,2024-08-17,Home & Kitchen,6059.12,1,10,South,Credit Card,4.6,6059.12,5453.21
103639,2024-07-04,Grocery,1339.28,1,0,North,Credit Card,5.0,1339.28,1339.28
103640,2024-03-21,Books,462.17,2,5,South,Credit Card,3.1,924.34,878.12
103641,2024-03-06,Electronics,13928.35,1,5,West,Net Banking,5.0,13928.35,13231.93
103642,2024-01-26,Electronics,17602.7,1,0,North,Debit Card,3.5,17602.7,17602.7
103643,2024-02-07,Electronics,41814.46,1,15,East,Credit Card,3.4,41814.46,35542.29
103644,2024-08-09,Grocery,1353.97,1,10,East,Credit Card,4.0,1353.97,1218.57
103645,2024-06-13,Clothing,2091.49,2,5,Central,Debit Card,5.0,4182.98,3973.83
103646,2024-06-04,Electronics,18971.6,1,0,Central,UPI,4.4,18971.6,18971.6
103647,2024-08-02,Clothing,699.85,1,15,South,UPI,3.6,699.85,594.87
103648,2024-05-19,Sports & Fitness,5926.02,2,5,West,UPI,4.3,11852.04,11259.44
103649,2024-03-22,Home & Kitchen,5181.0,1,10,Central,Debit Card,4.7,5181.0,4662.9
103650,2024-08-27,Clothing,3059.59,1,20,East,Credit Card,4.5,3059.59,2447.67
103651,2024-11-07,Sports & Fitness,5553.98,1,0,Central,Debit Card,3.8,5553.98,5553.98
103652,2024-03-12,Beauty & Personal Care,1883.39,1,15,North,Cash on Delivery,5.0,1883.39,1600.88
103653,2024-06-04,Electronics,44476.75,1,20,North,Debit Card,4.8,44476.75,35581.4
103654,2024-03-04,Electronics,7029.68,1,5,West,UPI,5.0,7029.68,6678.2
103655,2024-07-14,Clothing,379.04,1,5,West,Debit Card,4.6,379.04,360.09
103656,2024-10-05,Electronics,19992.11,1,15,West,UPI,4.5,19992.11,16993.29
103657,2024-02-05,Sports & Fitness,1543.51,1,0,South,Cash on Delivery,5.0,1543.51,1543.51
103658,2024-04-11,Sports & Fitness,581.6,1,15,South,Credit Card,5.0,581.6,494.36
103659,2024-03-08,Clothing,1315.89,1,0,North,Debit Card,4.3,1315.89,1315.89
103660,2024-10-06,Grocery,442.51,2,10,South,UPI,4.1,885.02,796.52
103661,2024-11-28,Electronics,22766.89,1,0,South,UPI,3.7,22766.89,22766.89
103662,2024-09-06,Electronics,1582.77,2,20,South,Cash on Delivery,4.0,3165.54,2532.43
103663,2024-08-20,Clothing,3683.22,1,10,South,Cash on Delivery,3.3,3683.22,3314.9
103664,2024-11-04,Clothing,1197.12,1,10,Central,UPI,4.8,1197.12,1077.41
103665,2024-08-27,Home & Kitchen,5227.53,1,0,Central,Credit Card,2.9,5227.53,5227.53
103666,2024-05-12,Clothing,1876.42,2,10,East,Credit Card,,3752.84,3377.56
103667,2024-09-16,Clothing,2520.76,2,15,South,UPI,3.4,5041.52,4285.29
103668,2024-01-06,Beauty & Personal Care,1510.83,1,0,South,Credit Card,3.2,1510.83,1510.83
103669,2024-08-04,Clothing,2895.46,2,15,West,Debit Card,3.5,5790.92,4922.28
103670,2024-07-18,Home & Kitchen,3629.14,1,0,South,Net Banking,4.0,3629.14,3629.14
103671,2024-11-27,Electronics,6229.11,1,15,North,Debit Card,4.0,6229.11,5294.74
103672,2024-03-25,Beauty & Personal Care,485.87,2,0,Central,Credit Card,3.2,971.74,971.74
103673,2024-03-13,Books,242.4,1,0,East,UPI,4.7,242.4,242.4
103674,2024-05-08,Electronics,17770.28,2,10,West,Net Banking,4.0,35540.56,31986.5
103675,2024-01-21,Electronics,24260.62,1,0,West,Debit Card,3.8,24260.62,24260.62
103676,2024-02-07,Beauty & Personal Care,1092.95,1,10,South,Credit Card,3.6,1092.95,983.66
103677,2024-07-25,Clothing,1063.3,1,5,East,Net Banking,,1063.3,1010.13
103678,2024-03-05,Home & Kitchen,2748.99,1,0,Central,UPI,4.5,2748.99,2748.99
103679,2024-04-09,Electronics,23635.96,1,10,West,Credit Card,4.1,23635.96,21272.36
103680,2024-10-14,Grocery,714.72,1,0,West,Credit Card,2.4,714.72,714.72
103681,2024-06-22,Home & Kitchen,3926.22,2,20,South,Net Banking,3.9,7852.44,6281.95
103682,2024-01-14,Beauty & Personal Care,1012.59,2,15,East,Cash on Delivery,4.2,2025.18,1721.4
103683,2024-08-15,Electronics,36798.57,1,5,Central,UPI,3.9,36798.57,34958.64
103684,2024-09-09,Clothing,2006.89,1,0,East,Credit Card,5.0,2006.89,2006.89
103685,2024-11-14,Clothing,3786.37,3,10,Central,UPI,3.1,11359.11,10223.2
103686,2024-09-05,Home & Kitchen,7246.94,1,10,West,UPI,4.8,7246.94,6522.25
103687,2024-06-29,Grocery,1190.18,1,10,West,Credit Card,3.9,1190.18,1071.16
103688,2024-11-07,Home & Kitchen,4911.33,1,5,West,Net Banking,3.6,4911.33,4665.76
103689,2024-11-13,Books,503.84,1,0,West,Debit Card,4.6,503.84,503.84
103690,2024-03-28,Home & Kitchen,6493.92,1,15,West,Cash on Delivery,3.9,6493.92,5519.83
103691,2024-02-23,Books,346.76,1,5,North,Cash on Delivery,4.2,346.76,329.42
103692,2024-03-25,Sports & Fitness,2541.11,2,0,Central,UPI,4.5,5082.22,5082.22
103693,2024-06-12,Sports & Fitness,2487.58,1,5,South,UPI,4.0,2487.58,2363.2
103694,2024-10-29,Clothing,701.19,1,0,Central,Credit Card,3.7,701.19,701.19
103695,2024-12-04,Electronics,39991.89,2,0,North,Net Banking,2.7,79983.78,79983.78
103696,2024-06-25,Sports & Fitness,1421.43,1,10,Central,Credit Card,4.1,1421.43,1279.29
103697,2024-02-29,Clothing,3947.33,1,5,West,Credit Card,2.5,3947.33,3749.96
103698,2024-03-18,Clothing,2917.34,3,0,West,Net Banking,4.7,8752.02,8752.02
103699,2024-09-19,Beauty & Personal Care,1011.48,1,10,West,Debit Card,3.6,1011.48,910.33
103700,2024-11-14,Electronics,14769.43,2,20,East,UPI,,29538.86,23631.09
103701,2024-04-02,Electronics,10444.82,1,0,Central,Debit Card,5.0,10444.82,10444.82
103702,2024-06-03,Electronics,25771.99,1,10,Central,Cash on Delivery,3.7,25771.99,23194.79
103703,2024-09-28,Electronics,20229.53,1,15,East,Net Banking,4.6,20229.53,17195.1
103704,2024-10-14,Clothing,4340.88,1,0,East,Cash on Delivery,3.8,4340.88,4340.88
103705,2024-01-30,Clothing,1378.36,1,15,East,UPI,4.2,1378.36,1171.61
103706,2024-05-06,Electronics,19104.95,3,5,West,Debit Card,2.5,57314.85,54449.11
103707,2024-07-17,Electronics,25812.58,1,25,North,UPI,3.7,25812.58,19359.44
103708,2024-04-14,Home & Kitchen,3964.09,1,15,Central,Cash on Delivery,3.9,3964.09,3369.48
103709,2024-05-18,Clothing,3536.49,1,20,East,UPI,4.0,3536.49,2829.19
103710,2024-05-03,Clothing,3399.39,1,0,Central,Credit Card,3.6,3399.39,3399.39
103711,2024-07-21,Clothing,3836.61,1,0,West,Credit Card,4.8,3836.61,3836.61
103712,2024-08-09,Electronics,29050.9,1,0,East,UPI,4.2,29050.9,29050.9
103713,2024-11-14,Clothing,4929.91,1,0,West,UPI,5.0,4929.91,4929.91
103714,2024-07-11,Sports & Fitness,5469.26,1,10,South,UPI,3.0,5469.26,4922.33
103715,2024-12-24,Grocery,1527.22,1,0,Central,Cash on Delivery,3.9,1527.22,1527.22
103716,2024-10-15,Beauty & Personal Care,1250.46,1,5,South,UPI,4.6,1250.46,1187.94
103717,2024-01-12,Home & Kitchen,3015.66,1,10,East,Credit Card,3.8,3015.66,2714.09
103718,2024-07-23,Clothing,913.4,1,10,West,UPI,3.8,913.4,822.06
103719,2024-02-15,Sports & Fitness,3313.37,1,0,East,Credit Card,4.5,3313.37,3313.37
103720,2024-03-10,Beauty & Personal Care,1554.25,1,0,Central,UPI,4.8,1554.25,1554.25
103721,2024-11-27,Clothing,2482.73,1,10,South,Credit Card,4.3,2482.73,2234.46
103722,2024-12-26,Clothing,863.91,1,0,North,UPI,3.7,863.91,863.91
103723,2024-03-28,Books,557.36,1,10,North,UPI,3.4,557.36,501.62
103724,2024-02-15,Books,931.72,1,20,West,UPI,4.3,931.72,745.38
103725,2024-07-07,Clothing,1933.71,2,0,North,Credit Card,3.9,3867.42,3867.42
103726,2024-06-19,Electronics,13902.98,2,5,Central,Debit Card,4.4,27805.96,26415.66
103727,2024-10-12,Electronics,3633.04,1,10,Central,UPI,4.1,3633.04,3269.74
103728,2024-02-22,Sports & Fitness,5260.37,1,0,South,Net Banking,4.0,5260.37,5260.37
103729,2024-04-16,Grocery,1025.49,1,0,Central,Net Banking,3.6,1025.49,1025.49
103730,2024-08-02,Sports & Fitness,726.49,1,0,Central,UPI,2.5,726.49,726.49
103731,2024-03-04,Home & Kitchen,4656.77,1,0,Central,Cash on Delivery,5.0,4656.77,4656.77
103732,2024-09-30,Beauty & Personal Care,1463.01,1,5,West,Credit Card,3.2,1463.01,1389.86
103733,2024-03-29,Beauty & Personal Care,953.04,1,0,East,UPI,2.8,953.04,953.04
103734,2024-10-23,Books,1063.86,1,5,West,UPI,4.5,1063.86,1010.67
103735,2024-09-17,Clothing,3223.28,1,15,Central,UPI,4.8,3223.28,2739.79
103736,2024-01-07,Home & Kitchen,4989.03,2,10,West,UPI,4.8,9978.06,8980.25
103737,2024-07-15,Electronics,34734.06,1,15,North,Credit Card,2.9,34734.06,29523.95
103738,2024-10-11,Electronics,2591.65,1,15,East,Debit Card,4.7,2591.65,2202.9
103739,2024-09-22,Electronics,18349.6,1,5,East,UPI,3.8,18349.6,17432.12
103740,2024-05-05,Sports & Fitness,1121.16,2,0,West,Debit Card,4.2,2242.32,2242.32
103741,2024-11-26,Home & Kitchen,7780.36,1,10,East,Debit Card,5.0,7780.36,7002.32
103742,2024-10-13,Beauty & Personal Care,837.06,1,5,South,Debit Card,4.5,837.06,795.21
103743,2024-03-17,Electronics,40032.22,3,0,West,Net Banking,3.3,120096.66,120096.66
103744,2024-03-01,Beauty & Personal Care,2408.82,1,5,South,Debit Card,5.0,2408.82,2288.38
103745,2024-10-19,Home & Kitchen,2455.56,1,5,Central,Cash on Delivery,4.1,2455.56,2332.78
103746,2024-08-26,Electronics,10496.01,1,0,North,Net Banking,3.7,10496.01,10496.01
103747,2024-12-11,Electronics,47995.09,1,10,East,Credit Card,4.8,47995.09,43195.58
103748,2024-11-20,Home & Kitchen,6932.23,1,0,South,UPI,3.7,6932.23,6932.23
103749,2024-08-05,Grocery,865.67,2,15,South,UPI,3.5,1731.34,1471.64
103750,2024-08-05,Books,913.69,1,5,East,Net Banking,3.9,913.69,868.01
103751,2024-04-25,Clothing,1082.63,2,5,North,Net Banking,3.9,2165.26,2057.0
103752,2024-10-23,Grocery,397.76,1,20,West,Credit Card,3.1,397.76,318.21
103753,2024-12-09,Sports & Fitness,7043.06,2,10,North,Debit Card,4.2,14086.12,12677.51
103754,2024-10-02,Home & Kitchen,1083.51,1,10,Central,UPI,4.2,1083.51,975.16
103755,2024-11-16,Clothing,586.34,1,0,North,Net Banking,,586.34,586.34
103756,2024-09-12,Grocery,608.62,2,0,Central,UPI,4.9,1217.24,1217.24
103757,2024-12-30,Books,1648.95,2,15,West,Net Banking,3.0,3297.9,2803.22
103758,2024-10-31,Clothing,3739.53,2,10,West,Cash on Delivery,3.7,7479.06,6731.15
103759,2024-08-14,Grocery,272.56,2,5,South,Net Banking,,545.12,517.86
103760,2024-01-12,Home & Kitchen,2470.48,2,0,North,Net Banking,2.9,4940.96,4940.96
103761,2024-02-29,Books,871.48,1,0,West,Cash on Delivery,4.6,871.48,871.48
103762,2024-11-05,Clothing,3218.57,2,20,North,Credit Card,4.9,6437.14,5149.71
103763,2024-09-29,Clothing,425.76,2,0,West,Net Banking,4.0,851.52,851.52
103764,2024-09-08,Electronics,22003.17,1,10,Central,UPI,3.4,22003.17,19802.85
103765,2024-01-30,Clothing,3373.95,1,5,Central,Net Banking,3.6,3373.95,3205.25
103766,2024-01-11,Clothing,2257.86,1,20,West,Credit Card,3.4,2257.86,1806.29
103767,2024-01-03,Beauty & Personal Care,150.81,1,5,South,Debit Card,3.7,150.81,143.27
103768,2024-05-01,Electronics,14809.09,1,0,West,Credit Card,3.3,14809.09,14809.09
103769,2024-05-31,Sports & Fitness,4277.75,2,10,East,UPI,3.8,8555.5,7699.95
103770,2024-08-17,Clothing,1661.65,1,5,South,UPI,4.3,1661.65,1578.57
103771,2024-03-21,Home & Kitchen,3287.11,1,0,North,UPI,4.7,3287.11,3287.11
103772,2024-01-08,Clothing,2821.02,1,10,North,UPI,3.7,2821.02,2538.92
103773,2024-08-21,Grocery,723.47,1,5,North,UPI,3.1,723.47,687.3
103774,2024-05-08,Electronics,3406.6,1,15,Central,UPI,4.2,3406.6,2895.61
103775,2024-01-29,Sports & Fitness,3171.68,1,0,West,UPI,4.3,3171.68,3171.68
103776,2024-08-05,Beauty & Personal Care,777.34,1,15,Central,Cash on Delivery,5.0,777.34,660.74
103777,2024-06-01,Beauty & Personal Care,1459.32,1,10,West,Net Banking,3.4,1459.32,1313.39
103778,2024-12-15,Clothing,470.7,1,0,South,UPI,4.6,470.7,470.7
103779,2024-12-14,Clothing,2972.16,1,10,West,Credit Card,4.3,2972.16,2674.94
103780,2024-09-13,Home & Kitchen,5259.78,1,5,North,UPI,4.7,5259.78,4996.79
103781,2024-08-31,Clothing,2270.67,1,5,Central,Credit Card,4.6,2270.67,2157.14
103782,2024-05-02,Beauty & Personal Care,1720.11,3,0,East,UPI,3.1,5160.33,5160.33
103783,2024-04-20,Home & Kitchen,1957.37,1,5,West,Debit Card,4.5,1957.37,1859.5
103784,2024-11-19,Books,255.24,1,0,Central,Credit Card,4.0,255.24,255.24
103785,2024-06-23,Beauty & Personal Care,1671.87,1,15,South,UPI,3.4,1671.87,1421.09
103786,2024-05-12,Clothing,517.27,1,10,West,UPI,4.5,517.27,465.54
103787,2024-08-24,Electronics,43261.95,1,0,Central,Debit Card,4.3,43261.95,43261.95
103788,2024-01-18,Clothing,2626.46,1,5,West,Net Banking,3.8,2626.46,2495.14
103789,2024-10-23,Grocery,237.17,2,15,West,Credit Card,4.3,474.34,403.19
103790,2024-10-19,Clothing,4126.66,1,20,North,UPI,5.0,4126.66,3301.33
103791,2024-09-03,Clothing,3282.19,1,5,North,Credit Card,4.6,3282.19,3118.08
103792,2024-10-28,Home & Kitchen,10754.88,3,5,South,Cash on Delivery,4.5,32264.64,30651.41
103793,2024-09-13,Grocery,447.63,1,0,Central,Credit Card,4.4,447.63,447.63
103794,2024-11-04,Clothing,4770.25,1,0,Central,UPI,5.0,4770.25,4770.25
103795,2024-05-25,Electronics,31560.7,1,0,West,Credit Card,3.2,31560.7,31560.7
103796,2024-09-20,Beauty & Personal Care,1988.55,1,15,East,Credit Card,3.9,1988.55,1690.27
103797,2024-11-01,Home & Kitchen,7092.13,1,0,South,Credit Card,2.9,7092.13,7092.13
103798,2024-02-05,Grocery,109.0,1,5,West,UPI,2.8,109.0,103.55
103799,2024-04-18,Clothing,2809.84,1,0,East,UPI,3.7,2809.84,2809.84
103800,2024-10-23,Electronics,30616.8,1,0,South,Credit Card,3.1,30616.8,30616.8
103801,2024-06-10,Clothing,2197.42,1,0,East,Debit Card,5.0,2197.42,2197.42
103802,2024-01-27,Sports & Fitness,1784.31,1,0,West,UPI,4.1,1784.31,1784.31
103803,2024-07-23,Electronics,4110.98,1,15,East,UPI,3.8,4110.98,3494.33
103804,2024-09-16,Home & Kitchen,3474.3,1,0,East,UPI,3.4,3474.3,3474.3
103805,2024-04-19,Sports & Fitness,1214.96,1,10,East,Debit Card,5.0,1214.96,1093.46
103806,2024-05-02,Books,1149.45,1,15,East,Debit Card,3.4,1149.45,977.03
103807,2024-01-05,Books,756.52,1,10,North,Credit Card,4.9,756.52,680.87
103808,2024-08-06,Books,143.23,1,5,East,Debit Card,3.3,143.23,136.07
103809,2024-02-18,Home & Kitchen,7744.68,1,15,South,UPI,3.9,7744.68,6582.98
103810,2024-02-16,Books,495.47,1,5,Central,Net Banking,4.4,495.47,470.7
103811,2024-04-20,Electronics,37058.8,1,10,East,Debit Card,2.8,37058.8,33352.92
103812,2024-09-15,Sports & Fitness,4396.68,2,0,West,Debit Card,4.2,8793.36,8793.36
103813,2024-10-10,Sports & Fitness,8061.85,2,0,North,Credit Card,4.0,16123.7,16123.7
103814,2024-12-10,Home & Kitchen,7069.86,1,10,North,UPI,4.6,7069.86,6362.87
103815,2024-03-11,Clothing,1581.62,1,25,East,Credit Card,3.4,1581.62,1186.21
103816,2024-01-20,Home & Kitchen,5174.06,1,10,West,Net Banking,3.3,5174.06,4656.65
103817,2024-07-22,Electronics,28742.52,1,0,South,Credit Card,3.5,28742.52,28742.52
103818,2024-01-30,Sports & Fitness,4632.1,1,10,East,UPI,3.6,4632.1,4168.89
103819,2024-02-20,Clothing,3730.98,1,5,North,UPI,3.2,3730.98,3544.43
103820,2024-07-28,Home & Kitchen,3009.21,1,5,Central,Credit Card,3.3,3009.21,2858.75
103821,2024-06-21,Sports & Fitness,5925.25,1,20,West,Debit Card,4.9,5925.25,4740.2
103822,2024-09-28,Beauty & Personal Care,2167.15,2,0,South,Credit Card,4.6,4334.3,4334.3
103823,2024-09-03,Electronics,41033.41,1,15,Central,UPI,5.0,41033.41,34878.4
103824,2024-03-01,Home & Kitchen,564.98,1,0,East,Credit Card,3.4,564.98,564.98
103825,2024-12-27,Clothing,3736.33,1,10,South,Debit Card,4.2,3736.33,3362.7
103826,2024-05-14,Sports & Fitness,3906.07,2,5,East,Credit Card,2.9,7812.14,7421.53
103827,2024-07-29,Clothing,3998.49,1,5,North,UPI,3.9,3998.49,3798.57
103828,2024-11-05,Electronics,19443.2,1,15,East,Cash on Delivery,3.7,19443.2,16526.72
103829,2024-06-20,Clothing,2854.41,1,0,North,Credit Card,4.9,2854.41,2854.41
103830,2024-01-30,Sports & Fitness,873.29,1,0,North,UPI,4.3,873.29,873.29
103831,2024-05-31,Books,660.79,1,25,Central,UPI,4.2,660.79,495.59
103832,2024-11-07,Beauty & Personal Care,2598.79,1,15,West,UPI,4.0,2598.79,2208.97
103833,2024-06-15,Clothing,3448.55,1,10,North,Net Banking,4.5,3448.55,3103.7
103834,2024-04-07,Electronics,25418.0,3,0,East,Debit Card,4.5,76254.0,76254.0
103835,2024-01-16,Beauty & Personal Care,1669.69,1,5,East,UPI,5.0,1669.69,1586.21
103836,2024-01-08,Beauty & Personal Care,1597.87,2,20,South,Credit Card,4.3,3195.74,2556.59
103837,2024-10-06,Grocery,116.44,2,10,North,UPI,4.3,232.88,209.59
103838,2024-09-25,Clothing,490.3,2,5,Central,Net Banking,5.0,980.6,931.57
103839,2024-01-25,Books,831.42,1,10,West,Debit Card,5.0,831.42,748.28
103840,2024-02-24,Clothing,2142.6,1,25,West,UPI,4.2,2142.6,1606.95
103841,2024-07-25,Clothing,2576.63,3,0,Central,Debit Card,3.6,7729.89,7729.89
103842,2024-01-01,Home & Kitchen,7291.94,1,15,East,Debit Card,4.0,7291.94,6198.15
103843,2024-09-02,Books,335.67,1,10,South,Cash on Delivery,4.7,335.67,302.1
103844,2024-05-10,Books,1138.8,2,10,East,Debit Card,2.6,2277.6,2049.84
103845,2024-08-30,Electronics,14154.46,1,0,West,Debit Card,4.4,14154.46,14154.46
103846,2024-05-14,Clothing,1330.44,1,5,North,Debit Card,3.6,1330.44,1263.92
103847,2024-06-12,Clothing,2891.7,1,0,North,Credit Card,3.0,2891.7,2891.7
103848,2024-06-11,Grocery,1369.79,1,0,East,UPI,3.1,1369.79,1369.79
103849,2024-02-13,Home & Kitchen,2283.68,1,0,South,UPI,3.9,2283.68,2283.68
103850,2024-06-16,Sports & Fitness,4726.32,3,0,East,Credit Card,4.6,14178.96,14178.96
103851,2024-09-30,Books,548.61,1,0,North,Debit Card,4.1,548.61,548.61
103852,2024-08-27,Sports & Fitness,485.47,1,0,North,UPI,3.9,485.47,485.47
103853,2024-06-12,Books,374.37,1,5,East,Debit Card,3.9,374.37,355.65
103854,2024-03-05,Grocery,255.48,1,0,North,UPI,4.8,255.48,255.48
103855,2024-09-11,Clothing,3653.05,1,5,West,UPI,4.9,3653.05,3470.4
103856,2024-07-30,Electronics,23078.09,1,10,East,Credit Card,4.8,23078.09,20770.28
103857,2024-01-03,Electronics,27701.54,1,0,West,Debit Card,4.8,27701.54,27701.54
103858,2024-01-09,Home & Kitchen,5257.85,1,15,North,UPI,4.2,5257.85,4469.17
103859,2024-01-16,Electronics,7674.35,1,0,South,UPI,4.1,7674.35,7674.35
103860,2024-09-10,Home & Kitchen,7541.21,1,25,Central,UPI,4.0,7541.21,5655.91
103861,2024-08-09,Electronics,18914.56,2,20,Central,Net Banking,3.3,37829.12,30263.3
103862,2024-03-15,Electronics,18012.11,1,0,North,Credit Card,4.6,18012.11,18012.11
103863,2024-12-04,Grocery,1414.39,1,25,East,Net Banking,4.7,1414.39,1060.79
103864,2024-04-30,Books,337.11,1,0,Central,Credit Card,4.9,337.11,337.11
103865,2024-03-12,Beauty & Personal Care,867.62,1,0,West,Net Banking,3.6,867.62,867.62
103866,2024-01-18,Clothing,1729.86,1,10,East,UPI,4.0,1729.86,1556.87
103867,2024-11-22,Clothing,4857.56,1,0,Central,UPI,4.9,4857.56,4857.56
103868,2024-04-26,Sports & Fitness,1286.25,1,0,West,Debit Card,4.4,1286.25,1286.25
103869,2024-08-30,Electronics,18943.71,1,10,North,Cash on Delivery,4.4,18943.71,17049.34
103870,2024-06-13,Clothing,586.44,1,15,North,Debit Card,3.1,586.44,498.47
103871,2024-10-23,Electronics,11330.32,1,5,South,Debit Card,4.0,11330.32,10763.8
103872,2024-03-13,Beauty & Personal Care,763.77,1,5,North,Credit Card,4.5,763.77,725.58
103873,2024-04-08,Electronics,28976.35,1,25,East,Credit Card,3.8,28976.35,21732.26
103874,2024-11-21,Electronics,4578.31,1,5,South,Net Banking,4.7,4578.31,4349.39
103875,2024-12-30,Clothing,2158.56,1,0,Central,UPI,3.9,2158.56,2158.56
103876,2024-07-21,Home & Kitchen,7923.92,1,0,South,UPI,4.6,7923.92,7923.92
103877,2024-08-30,Sports & Fitness,3541.82,1,10,East,Net Banking,3.3,3541.82,3187.64
103878,2024-07-25,Electronics,17545.86,2,5,South,Credit Card,3.3,35091.72,33337.13
103879,2024-09-16,Clothing,1784.29,1,15,Central,UPI,4.2,1784.29,1516.65
103880,2024-05-03,Electronics,29855.65,1,20,East,UPI,2.1,29855.65,23884.52
103881,2024-03-14,Books,701.58,1,25,South,UPI,3.2,701.58,526.19
103882,2024-11-09,Electronics,5159.43,1,0,South,Cash on Delivery,4.9,5159.43,5159.43
103883,2024-05-11,Home & Kitchen,1520.0,1,0,North,Credit Card,3.3,1520.0,1520.0
103884,2024-05-18,Clothing,673.05,1,0,Central,Cash on Delivery,4.2,673.05,673.05
103885,2024-02-25,Electronics,38929.61,2,15,West,UPI,4.6,77859.22,66180.34
103886,2024-04-11,Electronics,42360.0,1,20,South,Cash on Delivery,4.3,42360.0,33888.0
103887,2024-08-27,Sports & Fitness,1348.44,1,0,Central,Debit Card,4.4,1348.44,1348.44
103888,2024-10-08,Home & Kitchen,1615.66,1,0,West,Net Banking,4.4,1615.66,1615.66
103889,2024-01-05,Sports & Fitness,4846.18,1,0,North,Credit Card,4.5,4846.18,4846.18
103890,2024-01-26,Books,1035.42,2,0,East,Cash on Delivery,3.4,2070.84,2070.84
103891,2024-05-20,Beauty & Personal Care,1037.7,1,0,West,UPI,3.1,1037.7,1037.7
103892,2024-07-14,Electronics,9418.02,1,0,North,UPI,5.0,9418.02,9418.02
103893,2024-09-19,Sports & Fitness,3845.4,1,0,East,Net Banking,5.0,3845.4,3845.4
103894,2024-03-02,Books,950.5,2,5,South,Credit Card,3.2,1901.0,1805.95
103895,2024-01-24,Books,143.31,1,15,West,Credit Card,3.5,143.31,121.81
103896,2024-08-29,Clothing,2407.22,1,0,North,Net Banking,5.0,2407.22,2407.22
103897,2024-11-07,Clothing,1693.58,1,10,East,Debit Card,4.1,1693.58,1524.22
103898,2024-11-04,Books,1230.0,2,0,North,Credit Card,,2460.0,2460.0
103899,2024-12-08,Home & Kitchen,6179.08,1,10,West,Credit Card,4.7,6179.08,5561.17
103900,2024-02-02,Grocery,1474.9,1,15,East,UPI,3.8,1474.9,1253.66
103901,2024-08-14,Home & Kitchen,970.22,1,10,East,UPI,5.0,970.22,873.2
103902,2024-05-14,Home & Kitchen,2073.86,1,0,East,Credit Card,3.5,2073.86,2073.86
103903,2024-07-22,Grocery,553.93,2,0,Central,UPI,,1107.86,1107.86
103904,2024-10-26,Clothing,4798.84,1,15,North,Credit Card,4.4,4798.84,4079.01
103905,2024-03-15,Home & Kitchen,7358.99,1,0,East,Credit Card,,7358.99,7358.99
103906,2024-10-19,Clothing,2050.29,1,5,North,Cash on Delivery,3.8,2050.29,1947.78
103907,2024-06-01,Home & Kitchen,3707.03,2,0,East,UPI,4.1,7414.06,7414.06
103908,2024-08-16,Sports & Fitness,5841.84,1,25,Central,UPI,3.7,5841.84,4381.38
103909,2024-03-04,Beauty & Personal Care,1979.33,1,20,South,Debit Card,5.0,1979.33,1583.46
103910,2024-03-28,Sports & Fitness,479.09,1,25,East,Net Banking,3.4,479.09,359.32
103911,2024-02-21,Clothing,488.84,1,0,South,Debit Card,5.0,488.84,488.84
103912,2024-10-08,Beauty & Personal Care,2488.46,1,5,South,Cash on Delivery,5.0,2488.46,2364.04
103913,2024-09-12,Electronics,32527.92,1,0,South,UPI,4.6,32527.92,32527.92
103914,2024-12-30,Sports & Fitness,6595.89,2,15,South,Net Banking,3.9,13191.78,11213.01
103915,2024-05-16,Home & Kitchen,6740.31,1,5,North,UPI,3.9,6740.31,6403.29
103916,2024-07-05,Clothing,1380.93,1,15,South,Cash on Delivery,4.1,1380.93,1173.79
103917,2024-02-27,Beauty & Personal Care,2258.25,1,10,North,Net Banking,4.3,2258.25,2032.42
103918,2024-02-24,Grocery,1013.16,1,0,East,Debit Card,4.9,1013.16,1013.16
103919,2024-11-20,Electronics,16140.29,1,10,North,Debit Card,3.9,16140.29,14526.26
103920,2024-12-13,Beauty & Personal Care,2856.61,1,10,West,Net Banking,4.8,2856.61,2570.95
103921,2024-12-31,Electronics,47226.62,2,10,Central,Net Banking,3.9,94453.24,85007.92
103922,2024-07-21,Home & Kitchen,7183.25,3,15,North,Net Banking,4.2,21549.75,18317.29
103923,2024-03-07,Books,462.93,1,10,West,UPI,3.4,462.93,416.64
103924,2024-01-27,Clothing,3199.91,1,10,South,Cash on Delivery,5.0,3199.91,2879.92
103925,2024-03-26,Clothing,3751.32,1,15,East,UPI,3.9,3751.32,3188.62
103926,2024-01-15,Sports & Fitness,4350.56,1,0,West,Debit Card,3.9,4350.56,4350.56
103927,2024-09-21,Beauty & Personal Care,1510.38,1,5,North,UPI,3.2,1510.38,1434.86
103928,2024-04-01,Grocery,910.35,1,5,Central,UPI,4.1,910.35,864.83
103929,2024-11-13,Home & Kitchen,8734.23,1,0,South,UPI,5.0,8734.23,8734.23
103930,2024-01-06,Clothing,1935.65,2,10,Central,Debit Card,2.6,3871.3,3484.17
103931,2024-06-21,Clothing,1356.15,1,0,West,Debit Card,5.0,1356.15,1356.15
103932,2024-11-05,Electronics,5866.49,1,0,North,Debit Card,5.0,5866.49,5866.49
103933,2024-10-17,Grocery,361.04,1,0,West,Credit Card,3.9,361.04,361.04
103934,2024-12-16,Clothing,2369.16,1,0,Central,Credit Card,4.6,2369.16,2369.16
103935,2024-10-11,Clothing,3015.97,3,0,West,UPI,4.7,9047.91,9047.91
103936,2024-02-08,Books,462.25,2,5,West,Cash on Delivery,4.5,924.5,878.28
103937,2024-11-17,Clothing,5410.13,1,15,South,UPI,4.0,5410.13,4598.61
103938,2024-11-14,Beauty & Personal Care,402.06,1,15,Central,Net Banking,3.3,402.06,341.75
103939,2024-09-29,Beauty & Personal Care,1370.32,1,20,West,UPI,4.8,1370.32,1096.26
103940,2024-02-20,Books,608.29,2,0,East,Net Banking,4.8,1216.58,1216.58
103941,2024-08-10,Clothing,3057.53,1,10,East,UPI,4.0,3057.53,2751.78
103942,2024-12-12,Sports & Fitness,1761.34,1,0,Central,Net Banking,4.7,1761.34,1761.34
103943,2024-01-04,Books,304.49,1,20,West,UPI,3.7,304.49,243.59
103944,2024-01-06,Grocery,1005.05,2,10,Central,Debit Card,4.0,2010.1,1809.09
103945,2024-10-17,Grocery,1410.13,1,0,East,Credit Card,3.3,1410.13,1410.13
103946,2024-02-10,Grocery,831.38,1,10,South,Debit Card,4.3,831.38,748.24
103947,2024-11-14,Home & Kitchen,7925.68,1,0,Central,Net Banking,3.9,7925.68,7925.68
103948,2024-09-29,Electronics,12533.16,1,15,South,Credit Card,3.8,12533.16,10653.19
103949,2024-10-21,Books,256.41,1,0,South,Debit Card,3.4,256.41,256.41
103950,2024-07-20,Clothing,917.12,1,15,East,Credit Card,3.3,917.12,779.55
103951,2024-06-23,Grocery,1258.28,1,20,South,Credit Card,3.9,1258.28,1006.62
103952,2024-04-04,Clothing,2429.83,1,5,East,UPI,4.1,2429.83,2308.34
103953,2024-06-20,Clothing,3763.1,1,25,East,Credit Card,4.0,3763.1,2822.32
103954,2024-06-10,Grocery,1407.02,1,0,West,Debit Card,4.2,1407.02,1407.02
103955,2024-11-26,Clothing,5026.2,1,15,West,Cash on Delivery,4.8,5026.2,4272.27
103956,2024-05-17,Electronics,44028.26,2,0,East,UPI,4.4,88056.52,88056.52
103957,2024-10-30,Grocery,191.03,1,0,South,Credit Card,4.5,191.03,191.03
103958,2024-08-02,Home & Kitchen,4865.21,1,5,North,Net Banking,4.0,4865.21,4621.95
103959,2024-09-17,Electronics,11999.78,1,0,South,Credit Card,4.2,11999.78,11999.78
103960,2024-10-17,Books,554.99,1,20,East,Credit Card,3.8,554.99,443.99
103961,2024-08-18,Electronics,36970.43,1,0,West,UPI,4.6,36970.43,36970.43
103962,2024-08-15,Books,220.55,1,0,West,UPI,3.3,220.55,220.55
103963,2024-09-02,Books,945.53,3,5,South,UPI,3.7,2836.59,2694.76
103964,2024-03-31,Grocery,614.43,1,0,East,Credit Card,4.3,614.43,614.43
103965,2024-10-08,Sports & Fitness,4680.18,3,0,Central,Credit Card,4.6,14040.54,14040.54
103966,2024-05-28,Clothing,3983.07,1,0,West,UPI,4.3,3983.07,3983.07
103967,2024-12-17,Clothing,4217.68,1,25,Central,Credit Card,4.1,4217.68,3163.26
103968,2024-11-19,Sports & Fitness,7553.86,1,10,East,Cash on Delivery,5.0,7553.86,6798.47
103969,2024-12-22,Electronics,32368.58,1,5,West,Debit Card,4.6,32368.58,30750.15
103970,2024-02-06,Home & Kitchen,912.1,2,0,North,UPI,5.0,1824.2,1824.2
103971,2024-10-27,Clothing,4864.16,1,0,South,Credit Card,4.0,4864.16,4864.16
103972,2024-01-17,Electronics,36544.04,1,5,East,Cash on Delivery,5.0,36544.04,34716.84
103973,2024-12-26,Sports & Fitness,2502.14,2,0,West,UPI,4.0,5004.28,5004.28
103974,2024-06-26,Electronics,34365.71,1,20,West,Credit Card,2.9,34365.71,27492.57
103975,2024-04-28,Electronics,13222.95,1,5,East,Debit Card,4.1,13222.95,12561.8
103976,2024-08-21,Home & Kitchen,4286.26,1,10,Central,Credit Card,2.3,4286.26,3857.63
103977,2024-10-17,Electronics,6136.67,1,0,East,UPI,4.2,6136.67,6136.67
103978,2024-12-01,Beauty & Personal Care,2649.4,1,0,Central,Credit Card,3.1,2649.4,2649.4
103979,2024-12-08,Electronics,38314.1,1,15,West,Credit Card,4.9,38314.1,32566.98
103980,2024-12-10,Home & Kitchen,1522.51,1,25,Central,Debit Card,4.2,1522.51,1141.88
103981,2024-07-13,Clothing,434.64,1,10,South,Net Banking,3.8,434.64,391.18
103982,2024-09-08,Clothing,2008.56,1,10,West,UPI,4.9,2008.56,1807.7
103983,2024-02-26,Books,1199.79,1,10,North,UPI,3.6,1199.79,1079.81
103984,2024-10-10,Home & Kitchen,4208.05,1,10,Central,UPI,4.2,4208.05,3787.25
103985,2024-12-09,Clothing,1258.02,2,10,North,Debit Card,4.8,2516.04,2264.44
103986,2024-11-24,Home & Kitchen,10863.31,1,0,Central,Credit Card,4.6,10863.31,10863.31
103987,2024-07-15,Books,414.87,1,15,East,Debit Card,4.7,414.87,352.64
103988,2024-11-25,Sports & Fitness,1254.92,1,0,North,Credit Card,2.2,1254.92,1254.92
103989,2024-07-30,Home & Kitchen,2530.55,1,0,North,UPI,5.0,2530.55,2530.55
103990,2024-01-28,Books,874.91,1,0,North,Debit Card,4.8,874.91,874.91
103991,2024-08-15,Clothing,1615.59,1,0,West,UPI,4.2,1615.59,1615.59
103992,2024-07-26,Clothing,3203.56,1,10,East,UPI,3.9,3203.56,2883.2
103993,2024-12-24,Clothing,905.42,1,0,North,UPI,3.6,905.42,905.42
103994,2024-01-10,Clothing,3673.48,1,0,East,UPI,5.0,3673.48,3673.48
103995,2024-02-21,Electronics,34356.08,1,0,West,UPI,3.2,34356.08,34356.08
103996,2024-04-04,Home & Kitchen,3294.68,1,5,South,Credit Card,3.3,3294.68,3129.95
103997,2024-02-26,Beauty & Personal Care,806.17,1,0,South,Credit Card,5.0,806.17,806.17
103998,2024-09-07,Books,1084.71,1,15,West,Debit Card,3.1,1084.71,922.0
103999,2024-03-23,Beauty & Personal Care,229.17,1,0,South,Debit Card,2.6,229.17,229.17
104000,2024-06-20,Beauty & Personal Care,1770.93,1,25,North,Cash on Delivery,4.6,1770.93,1328.2
104001,2024-08-14,Clothing,1240.11,1,0,West,Credit Card,4.4,1240.11,1240.11
104002,2024-08-08,Clothing,2761.59,3,0,South,Credit Card,4.0,8284.77,8284.77
104003,2024-02-28,Electronics,28038.0,1,0,West,Cash on Delivery,3.8,28038.0,28038.0
104004,2024-01-21,Clothing,1784.13,1,10,West,Credit Card,4.9,1784.13,1605.72
104005,2024-01-08,Home & Kitchen,7790.19,1,5,South,Net Banking,4.3,7790.19,7400.68
104006,2024-01-12,Sports & Fitness,5816.18,1,5,North,Credit Card,4.1,5816.18,5525.37
104007,2024-07-27,Sports & Fitness,3859.28,1,15,South,Debit Card,4.8,3859.28,3280.39
104008,2024-02-10,Electronics,16492.85,2,5,West,Debit Card,3.5,32985.7,31336.41
104009,2024-03-14,Clothing,1149.21,1,0,East,Credit Card,4.3,1149.21,1149.21
104010,2024-04-30,Sports & Fitness,3163.87,1,0,Central,UPI,4.8,3163.87,3163.87
104011,2024-01-14,Electronics,39093.34,1,5,East,Credit Card,4.5,39093.34,37138.67
104012,2024-11-30,Clothing,5130.37,1,25,South,Cash on Delivery,4.8,5130.37,3847.78
104013,2024-07-22,Sports & Fitness,2622.42,2,5,West,Debit Card,4.1,5244.84,4982.6
104014,2024-05-23,Electronics,33591.08,1,20,West,Credit Card,5.0,33591.08,26872.86
104015,2024-10-10,Sports & Fitness,7218.9,1,5,East,UPI,4.1,7218.9,6857.95
104016,2024-01-19,Sports & Fitness,3694.53,1,0,North,UPI,4.0,3694.53,3694.53
104017,2024-09-01,Electronics,30978.36,2,15,South,Cash on Delivery,3.4,61956.72,52663.21
104018,2024-01-13,Clothing,2949.19,1,10,North,UPI,5.0,2949.19,2654.27
104019,2024-10-26,Grocery,1835.87,1,5,South,UPI,3.8,1835.87,1744.08
104020,2024-03-27,Electronics,18015.96,1,10,West,UPI,4.5,18015.96,16214.36
104021,2024-04-16,Beauty & Personal Care,1882.53,1,0,Central,Debit Card,4.9,1882.53,1882.53
104022,2024-03-27,Clothing,980.7,1,5,East,UPI,4.3,980.7,931.66
104023,2024-11-13,Books,755.38,1,10,North,Credit Card,3.4,755.38,679.84
104024,2024-10-30,Sports & Fitness,4751.63,1,0,North,Debit Card,3.8,4751.63,4751.63
104025,2024-07-01,Clothing,1730.8,1,0,Central,Cash on Delivery,3.8,1730.8,1730.8
104026,2024-08-18,Sports & Fitness,1117.36,1,20,Central,UPI,4.0,1117.36,893.89
104027,2024-10-24,Grocery,416.15,1,10,West,Net Banking,5.0,416.15,374.54
104028,2024-07-02,Home & Kitchen,4394.77,1,15,Central,Debit Card,4.4,4394.77,3735.55
104029,2024-12-03,Electronics,10430.7,1,10,Central,Debit Card,,10430.7,9387.63
104030,2024-06-20,Home & Kitchen,3374.83,1,0,North,Debit Card,3.2,3374.83,3374.83
104031,2024-12-08,Sports & Fitness,8397.63,1,15,Central,Cash on Delivery,5.0,8397.63,7137.99
104032,2024-01-26,Beauty & Personal Care,1928.75,1,5,East,Net Banking,3.6,1928.75,1832.31
104033,2024-02-04,Electronics,25100.1,2,25,West,Cash on Delivery,4.4,50200.2,37650.15
104034,2024-07-29,Clothing,720.63,2,10,West,Debit Card,3.3,1441.26,1297.13
104035,2024-03-16,Electronics,12063.94,1,5,South,Net Banking,4.3,12063.94,11460.74
104036,2024-12-28,Grocery,1562.13,1,10,West,Credit Card,3.7,1562.13,1405.92
104037,2024-09-22,Electronics,19799.17,1,15,West,UPI,4.0,19799.17,16829.29
104038,2024-02-03,Sports & Fitness,3446.27,1,15,West,UPI,4.5,3446.27,2929.33
104039,2024-04-06,Clothing,1284.77,1,20,North,Credit Card,3.4,1284.77,1027.82
104040,2024-10-28,Electronics,22333.92,1,10,North,Credit Card,4.5,22333.92,20100.53
104041,2024-12-14,Sports & Fitness,6007.37,1,20,East,Debit Card,3.5,6007.37,4805.9
104042,2024-05-21,Books,228.79,3,0,West,Cash on Delivery,4.6,686.37,686.37
104043,2024-05-13,Beauty & Personal Care,1339.28,2,10,North,Credit Card,4.8,2678.56,2410.7
104044,2024-02-26,Clothing,3622.92,1,20,Central,Net Banking,4.1,3622.92,2898.34
104045,2024-11-28,Clothing,4340.25,1,0,South,Cash on Delivery,3.3,4340.25,4340.25
104046,2024-10-12,Grocery,1485.33,2,5,South,Debit Card,4.0,2970.66,2822.13
104047,2024-10-06,Grocery,1071.16,1,25,West,Net Banking,3.4,1071.16,803.37
104048,2024-10-04,Electronics,53365.27,1,5,East,Net Banking,4.2,53365.27,50697.01
104049,2024-02-10,Home & Kitchen,6580.6,1,0,North,UPI,4.8,6580.6,6580.6
104050,2024-03-01,Home & Kitchen,839.96,1,0,North,Credit Card,4.2,839.96,839.96
104051,2024-02-13,Home & Kitchen,594.02,1,5,Central,Net Banking,5.0,594.02,564.32
104052,2024-08-06,Home & Kitchen,5740.6,1,5,East,UPI,4.9,5740.6,5453.57
104053,2024-12-01,Home & Kitchen,2416.84,1,20,Central,UPI,3.8,2416.84,1933.47
104054,2024-09-13,Beauty & Personal Care,1081.52,1,0,South,Debit Card,4.0,1081.52,1081.52
104055,2024-02-26,Sports & Fitness,3511.84,2,20,East,Debit Card,5.0,7023.68,5618.94
104056,2024-09-17,Clothing,2919.25,1,0,South,Credit Card,4.8,2919.25,2919.25
104057,2024-03-15,Clothing,395.58,1,15,Central,UPI,3.4,395.58,336.24
104058,2024-08-17,Clothing,1683.68,1,0,Central,UPI,4.3,1683.68,1683.68
104059,2024-05-21,Sports & Fitness,3217.93,3,25,East,Credit Card,2.9,9653.79,7240.34
104060,2024-03-02,Books,817.9,1,5,North,Net Banking,3.9,817.9,777.0
104061,2024-09-07,Grocery,125.27,1,5,South,UPI,5.0,125.27,119.01
104062,2024-09-12,Home & Kitchen,2983.07,1,0,Central,UPI,3.3,2983.07,2983.07
104063,2024-12-23,Beauty & Personal Care,2304.48,1,20,South,Net Banking,4.2,2304.48,1843.58
104064,2024-03-13,Beauty & Personal Care,2162.09,1,5,West,Cash on Delivery,4.8,2162.09,2053.99
104065,2024-07-27,Grocery,1233.33,1,5,West,UPI,3.2,1233.33,1171.66
104066,2024-04-27,Grocery,579.67,1,0,East,Net Banking,3.8,579.67,579.67
104067,2024-02-08,Books,266.66,1,10,South,Debit Card,5.0,266.66,239.99
104068,2024-05-28,Clothing,2005.35,1,0,West,Net Banking,4.7,2005.35,2005.35
104069,2024-05-25,Electronics,44049.6,1,0,East,Debit Card,4.1,44049.6,44049.6
104070,2024-09-10,Clothing,638.29,1,5,West,Net Banking,,638.29,606.38
104071,2024-07-03,Sports & Fitness,4446.72,1,5,Central,Credit Card,2.8,4446.72,4224.38
104072,2024-10-31,Books,1145.79,2,20,North,Credit Card,4.2,2291.58,1833.26
104073,2024-10-07,Grocery,1823.28,2,0,West,Net Banking,3.3,3646.56,3646.56
104074,2024-05-06,Electronics,15032.81,1,20,Central,UPI,4.4,15032.81,12026.25
104075,2024-07-05,Clothing,1804.82,1,10,South,Credit Card,4.0,1804.82,1624.34
104076,2024-05-15,Home & Kitchen,1806.45,1,0,Central,Cash on Delivery,4.5,1806.45,1806.45
104077,2024-02-27,Electronics,10975.36,1,0,West,Debit Card,5.0,10975.36,10975.36
104078,2024-03-07,Books,319.3,1,15,North,UPI,3.3,319.3,271.41
104079,2024-08-06,Clothing,781.6,1,15,North,UPI,2.9,781.6,664.36
104080,2024-10-06,Home & Kitchen,7931.88,1,10,East,Credit Card,3.9,7931.88,7138.69
104081,2024-01-05,Home & Kitchen,5858.73,1,5,South,Credit Card,3.9,5858.73,5565.79
104082,2024-10-04,Electronics,8299.25,1,20,Central,Cash on Delivery,3.5,8299.25,6639.4
104083,2024-11-28,Clothing,1581.14,1,0,West,Credit Card,4.4,1581.14,1581.14
104084,2024-10-22,Sports & Fitness,7858.86,1,10,South,Debit Card,4.0,7858.86,7072.97
104085,2024-03-29,Clothing,1143.86,1,0,Central,Cash on Delivery,4.5,1143.86,1143.86
104086,2024-09-14,Sports & Fitness,4095.11,1,5,Central,UPI,3.8,4095.11,3890.35
104087,2024-10-16,Electronics,14421.46,1,5,North,UPI,3.8,14421.46,13700.39
104088,2024-02-10,Clothing,3253.5,1,15,West,Credit Card,3.3,3253.5,2765.48
104089,2024-11-06,Home & Kitchen,3607.67,1,0,West,Credit Card,4.2,3607.67,3607.67
104090,2024-06-23,Clothing,3568.82,1,0,Central,Credit Card,4.4,3568.82,3568.82
104091,2024-04-05,Home & Kitchen,4640.43,1,25,East,Cash on Delivery,3.5,4640.43,3480.32
104092,2024-09-06,Clothing,1004.28,1,20,South,UPI,4.0,1004.28,803.42
104093,2024-06-25,Electronics,3060.59,1,0,West,Debit Card,4.9,3060.59,3060.59
104094,2024-04-19,Clothing,2911.83,1,0,East,UPI,3.8,2911.83,2911.83
104095,2024-01-18,Grocery,445.2,2,10,Central,Credit Card,4.9,890.4,801.36
104096,2024-07-21,Clothing,1212.16,1,10,South,Debit Card,5.0,1212.16,1090.94
104097,2024-12-10,Electronics,13490.26,1,5,Central,Net Banking,3.4,13490.26,12815.75
104098,2024-01-20,Beauty & Personal Care,1926.63,1,5,West,UPI,4.6,1926.63,1830.3
104099,2024-07-25,Sports & Fitness,3226.23,1,20,Central,UPI,2.1,3226.23,2580.98
104100,2024-08-02,Clothing,681.76,1,20,Central,Debit Card,3.7,681.76,545.41
104101,2024-09-05,Home & Kitchen,5450.41,1,20,North,Cash on Delivery,3.5,5450.41,4360.33
104102,2024-08-19,Home & Kitchen,1174.52,1,15,South,UPI,4.5,1174.52,998.34
104103,2024-01-18,Grocery,413.56,1,0,North,UPI,4.0,413.56,413.56
104104,2024-06-08,Home & Kitchen,7074.31,1,0,East,Cash on Delivery,5.0,7074.31,7074.31
104105,2024-10-14,Electronics,54132.26,1,0,South,Credit Card,4.6,54132.26,54132.26
104106,2024-07-14,Electronics,37747.85,1,20,North,Credit Card,4.3,37747.85,30198.28
104107,2024-08-21,Electronics,42118.59,1,0,East,Debit Card,3.1,42118.59,42118.59
104108,2024-09-22,Clothing,798.84,2,5,South,Net Banking,3.6,1597.68,1517.8
104109,2024-05-02,Clothing,3147.69,1,5,South,Credit Card,4.1,3147.69,2990.31
104110,2024-06-26,Home & Kitchen,787.7,1,5,West,Debit Card,,787.7,748.32
104111,2024-09-24,Clothing,321.98,1,10,North,Credit Card,4.3,321.98,289.78
104112,2024-07-09,Electronics,11214.56,2,10,West,UPI,5.0,22429.12,20186.21
104113,2024-12-31,Clothing,3736.74,1,5,South,Net Banking,3.9,3736.74,3549.9
104114,2024-05-23,Home & Kitchen,1610.69,1,5,North,Cash on Delivery,4.9,1610.69,1530.16
104115,2024-10-14,Grocery,1039.66,1,10,West,UPI,3.7,1039.66,935.69
104116,2024-04-15,Electronics,39954.56,1,20,South,UPI,4.3,39954.56,31963.65
104117,2024-02-24,Electronics,19031.2,1,0,Central,Credit Card,2.7,19031.2,19031.2
104118,2024-12-22,Home & Kitchen,6201.44,1,5,West,Net Banking,4.7,6201.44,5891.37
104119,2024-08-02,Home & Kitchen,4051.89,2,10,North,Net Banking,4.5,8103.78,7293.4
104120,2024-01-04,Clothing,1144.91,2,0,West,Credit Card,4.6,2289.82,2289.82
104121,2024-03-04,Books,211.6,1,5,West,Credit Card,3.5,211.6,201.02
104122,2024-09-30,Grocery,1267.01,1,10,East,UPI,4.1,1267.01,1140.31
104123,2024-09-25,Beauty & Personal Care,1959.11,1,15,North,Debit Card,3.4,1959.11,1665.24
104124,2024-12-23,Clothing,2640.81,1,15,South,UPI,3.7,2640.81,2244.69
104125,2024-03-19,Clothing,398.63,1,0,West,UPI,4.8,398.63,398.63
104126,2024-10-10,Electronics,39647.43,1,0,West,Credit Card,4.8,39647.43,39647.43
104127,2024-12-28,Grocery,70.81,1,0,South,Net Banking,2.9,70.81,70.81
104128,2024-04-11,Electronics,13044.31,2,5,East,Credit Card,5.0,26088.62,24784.19
104129,2024-05-07,Clothing,3270.36,1,0,South,UPI,5.0,3270.36,3270.36
104130,2024-09-25,Beauty & Personal Care,1920.32,1,25,North,UPI,4.2,1920.32,1440.24
104131,2024-08-20,Home & Kitchen,5508.96,1,10,Central,UPI,4.4,5508.96,4958.06
104132,2024-10-23,Books,179.39,1,5,North,Credit Card,5.0,179.39,170.42
104133,2024-04-20,Beauty & Personal Care,1508.5,1,15,East,Credit Card,4.5,1508.5,1282.22
104134,2024-10-20,Clothing,4636.22,1,5,East,Debit Card,4.1,4636.22,4404.41
104135,2024-01-27,Grocery,1063.15,1,5,East,UPI,4.6,1063.15,1009.99
104136,2024-05-23,Beauty & Personal Care,2057.0,1,15,West,UPI,4.5,2057.0,1748.45
104137,2024-07-19,Sports & Fitness,882.32,1,5,South,UPI,3.7,882.32,838.2
104138,2024-04-13,Home & Kitchen,2514.86,2,5,West,Debit Card,4.1,5029.72,4778.23
104139,2024-07-06,Electronics,18460.35,1,5,Central,Credit Card,3.8,18460.35,17537.33
104140,2024-07-17,Electronics,22788.3,1,10,South,UPI,4.0,22788.3,20509.47
104141,2024-02-29,Electronics,5977.16,1,0,Central,Debit Card,3.1,5977.16,5977.16
104142,2024-02-08,Grocery,544.93,1,15,East,Debit Card,5.0,544.93,463.19
104143,2024-12-07,Books,1041.03,1,5,North,Credit Card,3.2,1041.03,988.98
104144,2024-10-05,Electronics,9818.0,1,20,North,UPI,,9818.0,7854.4
104145,2024-12-21,Sports & Fitness,2659.79,1,0,South,UPI,4.3,2659.79,2659.79
104146,2024-04-07,Sports & Fitness,718.32,1,0,West,UPI,3.6,718.32,718.32
104147,2024-08-26,Clothing,3524.47,1,0,Central,UPI,3.7,3524.47,3524.47
104148,2024-09-05,Clothing,2013.63,2,5,West,Debit Card,3.2,4027.26,3825.9
104149,2024-12-25,Books,140.22,1,0,South,Net Banking,4.8,140.22,140.22
104150,2024-04-22,Clothing,3430.91,2,0,Central,Cash on Delivery,4.0,6861.82,6861.82
104151,2024-07-09,Books,234.57,1,0,Central,Net Banking,4.3,234.57,234.57
104152,2024-02-24,Beauty & Personal Care,2202.77,2,15,North,Credit Card,3.7,4405.54,3744.71
104153,2024-05-01,Clothing,717.87,1,10,North,Credit Card,3.0,717.87,646.08
104154,2024-08-30,Beauty & Personal Care,1604.29,3,0,North,Credit Card,3.2,4812.87,4812.87
104155,2024-10-15,Books,769.32,1,0,West,Credit Card,4.8,769.32,769.32
104156,2024-10-13,Beauty & Personal Care,927.38,1,0,Central,Credit Card,,927.38,927.38
104157,2024-01-09,Electronics,37076.1,1,0,West,UPI,3.5,37076.1,37076.1
104158,2024-03-03,Sports & Fitness,5986.43,1,10,North,UPI,3.9,5986.43,5387.79
104159,2024-04-12,Electronics,17107.58,1,10,Central,Credit Card,4.5,17107.58,15396.82
104160,2024-02-28,Electronics,29300.96,1,0,Central,Credit Card,5.0,29300.96,29300.96
104161,2024-04-12,Grocery,495.65,1,10,South,UPI,5.0,495.65,446.08
104162,2024-09-28,Sports & Fitness,4335.83,2,10,South,UPI,4.2,8671.66,7804.49
104163,2024-07-17,Books,1101.52,1,0,Central,UPI,4.1,1101.52,1101.52
104164,2024-04-17,Clothing,3460.87,2,20,West,Debit Card,4.2,6921.74,5537.39
104165,2024-05-29,Electronics,17978.98,1,5,West,Debit Card,4.4,17978.98,17080.03
104166,2024-06-15,Beauty & Personal Care,333.37,2,10,North,Credit Card,4.3,666.74,600.07
104167,2024-11-03,Books,408.3,1,10,South,Debit Card,3.8,408.3,367.47
104168,2024-04-13,Beauty & Personal Care,1272.87,1,0,East,Credit Card,3.7,1272.87,1272.87
104169,2024-05-22,Home & Kitchen,6179.65,1,0,West,Cash on Delivery,3.2,6179.65,6179.65
104170,2024-10-20,Clothing,4928.04,2,5,East,Credit Card,5.0,9856.08,9363.28
104171,2024-02-29,Clothing,1184.17,1,10,South,Net Banking,5.0,1184.17,1065.75
104172,2024-10-04,Electronics,33525.04,1,5,North,UPI,5.0,33525.04,31848.79
104173,2024-10-12,Books,1143.25,2,20,North,UPI,4.4,2286.5,1829.2
104174,2024-11-15,Grocery,201.9,1,5,South,Net Banking,4.1,201.9,191.8
104175,2024-09-30,Beauty & Personal Care,1447.87,2,10,Central,Credit Card,5.0,2895.74,2606.17
104176,2024-03-20,Books,486.68,1,0,Central,UPI,4.0,486.68,486.68
104177,2024-12-18,Clothing,3987.39,1,20,Central,Cash on Delivery,3.9,3987.39,3189.91
104178,2024-04-05,Sports & Fitness,3386.7,1,10,South,Debit Card,3.7,3386.7,3048.03
104179,2024-05-06,Beauty & Personal Care,2201.38,2,10,South,Debit Card,4.9,4402.76,3962.48
104180,2024-01-06,Beauty & Personal Care,455.27,2,0,South,Credit Card,5.0,910.54,910.54
104181,2024-04-20,Books,374.0,1,0,Central,Credit Card,3.5,374.0,374.0
104182,2024-10-26,Clothing,759.13,2,0,Central,Credit Card,3.6,1518.26,1518.26
104183,2024-07-24,Clothing,373.35,1,25,Central,Credit Card,4.0,373.35,280.01
104184,2024-11-03,Sports & Fitness,2013.69,1,0,West,UPI,3.4,2013.69,2013.69
104185,2024-12-08,Clothing,4194.14,1,15,East,Debit Card,3.1,4194.14,3565.02
104186,2024-12-15,Grocery,203.97,2,0,East,UPI,5.0,407.94,407.94
104187,2024-11-26,Grocery,595.16,2,0,South,UPI,3.7,1190.32,1190.32
104188,2024-05-07,Books,601.17,2,0,South,UPI,4.0,1202.34,1202.34
104189,2024-10-07,Electronics,54837.15,1,0,Central,Credit Card,4.0,54837.15,54837.15
104190,2024-04-08,Electronics,3999.72,1,0,North,UPI,4.7,3999.72,3999.72
104191,2024-03-24,Electronics,14050.03,2,5,West,UPI,3.6,28100.06,26695.06
104192,2024-07-28,Clothing,467.45,1,15,Central,UPI,4.7,467.45,397.33
104193,2024-07-30,Books,168.16,1,20,West,UPI,4.2,168.16,134.53
104194,2024-12-20,Beauty & Personal Care,535.75,1,0,East,Net Banking,4.3,535.75,535.75
104195,2024-04-04,Home & Kitchen,4353.58,1,15,Central,Net Banking,3.1,4353.58,3700.54
104196,2024-05-18,Grocery,937.41,1,0,South,Debit Card,3.2,937.41,937.41
104197,2024-07-26,Electronics,40711.86,1,0,South,Credit Card,4.0,40711.86,40711.86
104198,2024-07-18,Electronics,38765.97,1,5,Central,UPI,4.0,38765.97,36827.67
104199,2024-07-14,Electronics,22983.63,1,10,Central,UPI,3.9,22983.63,20685.27
104200,2024-02-28,Clothing,354.45,1,0,West,Credit Card,4.6,354.45,354.45
104201,2024-11-04,Books,1440.73,3,5,Central,UPI,4.1,4322.19,4106.08
104202,2024-01-03,Clothing,3737.89,1,0,North,UPI,3.4,3737.89,3737.89
104203,2024-06-06,Beauty & Personal Care,460.49,1,5,North,Credit Card,4.3,460.49,437.47
104204,2024-01-20,Electronics,11965.58,2,0,Central,Credit Card,3.8,23931.16,23931.16
104205,2024-12-18,Grocery,1926.34,1,15,Central,Debit Card,5.0,1926.34,1637.39
104206,2024-06-14,Clothing,2428.92,1,0,South,UPI,4.5,2428.92,2428.92
104207,2024-07-02,Beauty & Personal Care,2259.09,1,0,West,Net Banking,4.9,2259.09,2259.09
104208,2024-07-22,Electronics,30408.08,1,5,West,Cash on Delivery,5.0,30408.08,28887.68
104209,2024-12-04,Beauty & Personal Care,306.9,3,10,East,UPI,4.1,920.7,828.63
104210,2024-08-10,Clothing,2493.82,1,10,Central,Credit Card,3.7,2493.82,2244.44
104211,2024-09-27,Beauty & Personal Care,387.62,1,10,Central,Net Banking,4.0,387.62,348.86
104212,2024-02-12,Beauty & Personal Care,2359.84,1,0,East,UPI,3.3,2359.84,2359.84
104213,2024-11-13,Sports & Fitness,1031.84,1,5,South,Debit Card,4.5,1031.84,980.25
104214,2024-05-25,Sports & Fitness,4131.77,1,0,Central,Debit Card,4.1,4131.77,4131.77
104215,2024-08-09,Home & Kitchen,3501.26,1,0,South,Credit Card,4.5,3501.26,3501.26
104216,2024-09-22,Clothing,584.38,1,5,Central,UPI,4.1,584.38,555.16
104217,2024-01-27,Electronics,28869.39,1,10,South,Net Banking,3.4,28869.39,25982.45
104218,2024-06-26,Electronics,6947.33,1,10,South,UPI,4.8,6947.33,6252.6
104219,2024-06-02,Sports & Fitness,5177.82,1,0,West,Debit Card,3.2,5177.82,5177.82
104220,2024-05-29,Beauty & Personal Care,215.18,2,25,East,UPI,4.1,430.36,322.77
104221,2024-08-08,Clothing,623.45,1,0,South,Credit Card,4.2,623.45,623.45
104222,2024-03-08,Clothing,1959.96,1,15,North,UPI,4.6,1959.96,1665.97
104223,2024-04-20,Books,931.31,1,0,North,Debit Card,4.2,931.31,931.31
104224,2024-03-26,Books,1069.24,1,20,West,Credit Card,2.1,1069.24,855.39
104225,2024-06-22,Grocery,722.99,1,5,Central,UPI,4.3,722.99,686.84
104226,2024-05-28,Beauty & Personal Care,2284.81,1,0,East,Credit Card,5.0,2284.81,2284.81
104227,2024-06-18,Grocery,895.08,1,15,West,UPI,3.2,895.08,760.82
104228,2024-02-11,Clothing,588.99,1,0,North,Credit Card,4.3,588.99,588.99
104229,2024-04-26,Home & Kitchen,4746.6,1,5,Central,Net Banking,3.6,4746.6,4509.27
104230,2024-11-26,Electronics,59882.52,1,5,North,Cash on Delivery,3.8,59882.52,56888.39
104231,2024-02-07,Home & Kitchen,4978.53,1,0,East,Net Banking,3.3,4978.53,4978.53
104232,2024-03-25,Sports & Fitness,1232.62,1,0,North,UPI,4.4,1232.62,1232.62
104233,2024-09-28,Electronics,33021.11,1,20,East,Credit Card,4.6,33021.11,26416.89
104234,2024-08-03,Clothing,1180.65,1,20,East,Cash on Delivery,4.2,1180.65,944.52
104235,2024-07-15,Clothing,1715.86,1,0,West,Credit Card,3.9,1715.86,1715.86
104236,2024-03-15,Clothing,3583.01,1,25,North,Credit Card,3.5,3583.01,2687.26
104237,2024-12-13,Beauty & Personal Care,2670.22,2,5,West,Credit Card,3.8,5340.44,5073.42
104238,2024-02-05,Books,478.09,2,0,East,Net Banking,3.6,956.18,956.18
104239,2024-07-29,Electronics,41609.71,2,10,North,Cash on Delivery,3.7,83219.42,74897.48
104240,2024-07-11,Electronics,8362.3,1,10,East,Debit Card,4.4,8362.3,7526.07
104241,2024-01-04,Home & Kitchen,1862.19,1,0,Central,Debit Card,4.8,1862.19,1862.19
104242,2024-10-28,Beauty & Personal Care,1726.58,1,0,East,Credit Card,5.0,1726.58,1726.58
104243,2024-04-29,Electronics,24761.38,1,0,Central,Debit Card,3.7,24761.38,24761.38
104244,2024-08-09,Beauty & Personal Care,969.09,1,10,Central,UPI,3.8,969.09,872.18
104245,2024-11-18,Home & Kitchen,9326.85,2,15,Central,Net Banking,4.0,18653.7,15855.64
104246,2024-04-29,Beauty & Personal Care,2275.5,3,0,Central,UPI,4.9,6826.5,6826.5
104247,2024-03-09,Beauty & Personal Care,1827.18,1,5,South,UPI,4.5,1827.18,1735.82
104248,2024-03-25,Sports & Fitness,4613.48,1,0,South,Cash on Delivery,4.0,4613.48,4613.48
104249,2024-03-29,Sports & Fitness,2813.12,3,15,North,UPI,4.7,8439.36,7173.46
104250,2024-10-23,Home & Kitchen,6035.94,1,0,North,Debit Card,4.8,6035.94,6035.94
104251,2024-11-14,Clothing,5199.07,1,5,West,UPI,3.1,5199.07,4939.12
104252,2024-01-09,Electronics,34083.41,1,0,North,Net Banking,3.5,34083.41,34083.41
104253,2024-03-05,Electronics,34464.79,2,5,Central,Credit Card,3.4,68929.58,65483.1
104254,2024-03-02,Home & Kitchen,2974.75,1,10,North,UPI,4.5,2974.75,2677.28
104255,2024-01-07,Electronics,12095.06,1,5,North,UPI,3.1,12095.06,11490.31
104256,2024-10-19,Clothing,2711.21,2,0,West,UPI,5.0,5422.42,5422.42
104257,2024-11-03,Clothing,3778.86,1,5,North,UPI,4.1,3778.86,3589.92
104258,2024-02-16,Sports & Fitness,2088.77,1,5,West,Credit Card,4.5,2088.77,1984.33
104259,2024-11-23,Electronics,44717.47,1,15,North,UPI,4.0,44717.47,38009.85
104260,2024-05-22,Clothing,3640.5,1,0,Central,UPI,4.0,3640.5,3640.5
104261,2024-03-14,Beauty & Personal Care,439.28,1,10,West,UPI,5.0,439.28,395.35
104262,2024-06-26,Grocery,998.99,2,10,West,Debit Card,3.5,1997.98,1798.18
104263,2024-02-04,Beauty & Personal Care,2136.15,2,0,East,Credit Card,2.6,4272.3,4272.3
104264,2024-03-29,Sports & Fitness,4981.59,1,0,West,Credit Card,3.1,4981.59,4981.59
104265,2024-06-22,Electronics,24651.94,1,5,North,Credit Card,4.0,24651.94,23419.34
104266,2024-07-30,Electronics,13453.96,1,20,Central,Credit Card,3.4,13453.96,10763.17
104267,2024-08-20,Home & Kitchen,6175.98,1,25,South,Cash on Delivery,5.0,6175.98,4631.98
104268,2024-12-15,Electronics,12937.41,1,20,North,Credit Card,5.0,12937.41,10349.93
104269,2024-04-27,Books,531.81,1,20,South,UPI,4.2,531.81,425.45
104270,2024-08-14,Clothing,1319.29,1,0,West,Net Banking,3.9,1319.29,1319.29
104271,2024-04-17,Sports & Fitness,1948.67,1,0,East,Credit Card,4.0,1948.67,1948.67
104272,2024-02-26,Home & Kitchen,4369.0,1,10,North,UPI,4.6,4369.0,3932.1
104273,2024-06-28,Clothing,3402.19,1,5,Central,Credit Card,4.5,3402.19,3232.08
104274,2024-10-03,Home & Kitchen,10315.79,1,0,South,Net Banking,5.0,10315.79,10315.79
104275,2024-11-08,Books,721.89,1,5,South,UPI,3.8,721.89,685.8
104276,2024-02-14,Electronics,44536.17,1,15,West,Debit Card,3.9,44536.17,37855.74
104277,2024-09-12,Home & Kitchen,1820.44,1,0,South,Credit Card,3.6,1820.44,1820.44
104278,2024-04-24,Home & Kitchen,1207.14,1,5,West,UPI,3.5,1207.14,1146.78
104279,2024-12-28,Grocery,1941.48,1,15,South,Debit Card,4.2,1941.48,1650.26
104280,2024-01-17,Home & Kitchen,7712.87,1,10,South,Net Banking,4.4,7712.87,6941.58
104281,2024-06-07,Books,1050.41,1,0,Central,Net Banking,3.9,1050.41,1050.41
104282,2024-01-23,Grocery,475.73,1,0,East,Credit Card,4.6,475.73,475.73
104283,2024-08-22,Electronics,27300.01,1,10,West,Net Banking,4.3,27300.01,24570.01
104284,2024-06-21,Clothing,2158.52,1,0,South,UPI,4.3,2158.52,2158.52
104285,2024-01-24,Sports & Fitness,1526.7,1,0,East,Debit Card,3.3,1526.7,1526.7
104286,2024-09-22,Electronics,11758.82,1,0,South,UPI,3.1,11758.82,11758.82
104287,2024-08-19,Home & Kitchen,4572.62,1,25,West,Credit Card,4.5,4572.62,3429.46
104288,2024-08-15,Books,558.65,2,0,North,Cash on Delivery,3.8,1117.3,1117.3
104289,2024-10-23,Beauty & Personal Care,1179.77,1,10,South,Cash on Delivery,4.1,1179.77,1061.79
104290,2024-04-02,Books,226.78,1,25,North,UPI,3.1,226.78,170.08
104291,2024-07-29,Clothing,2608.96,1,10,East,Credit Card,5.0,2608.96,2348.06
104292,2024-06-10,Electronics,8085.62,3,0,East,Debit Card,3.5,24256.86,24256.86
104293,2024-10-30,Clothing,5025.62,1,10,West,UPI,3.8,5025.62,4523.06
104294,2024-09-24,Electronics,3140.85,1,0,South,Credit Card,4.7,3140.85,3140.85
104295,2024-12-17,Electronics,50946.29,1,20,West,Credit Card,4.1,50946.29,40757.03
104296,2024-01-05,Books,474.23,1,10,Central,Debit Card,3.3,474.23,426.81
104297,2024-11-14,Clothing,1558.64,1,10,West,Cash on Delivery,3.6,1558.64,1402.78
104298,2024-12-08,Beauty & Personal Care,784.7,1,0,North,Net Banking,4.1,784.7,784.7
104299,2024-11-29,Home & Kitchen,7511.59,1,25,South,UPI,3.7,7511.59,5633.69
104300,2024-03-23,Clothing,3848.04,1,5,East,Debit Card,4.2,3848.04,3655.64
104301,2024-11-10,Electronics,62110.95,2,25,East,Credit Card,4.4,124221.9,93166.42
104302,2024-08-19,Home & Kitchen,4398.09,1,25,East,Net Banking,5.0,4398.09,3298.57
104303,2024-11-09,Books,630.24,2,0,East,Debit Card,3.6,1260.48,1260.48
104304,2024-09-06,Home & Kitchen,2219.86,2,15,Central,UPI,4.3,4439.72,3773.76
104305,2024-02-23,Grocery,1225.29,1,25,North,Net Banking,3.9,1225.29,918.97
104306,2024-11-07,Grocery,1337.81,1,5,South,Cash on Delivery,4.8,1337.81,1270.92
104307,2024-12-05,Clothing,1128.79,3,0,East,Credit Card,3.9,3386.37,3386.37
104308,2024-03-25,Books,697.79,1,0,Central,UPI,3.6,697.79,697.79
104309,2024-04-30,Electronics,26677.03,3,15,South,UPI,4.2,80031.09,68026.43
104310,2024-12-14,Grocery,592.75,1,15,West,Debit Card,4.5,592.75,503.84
104311,2024-11-21,Home & Kitchen,1499.13,1,10,South,UPI,3.6,1499.13,1349.22
104312,2024-02-15,Grocery,1332.38,2,0,West,Credit Card,5.0,2664.76,2664.76
104313,2024-10-01,Beauty & Personal Care,736.42,2,10,West,UPI,4.0,1472.84,1325.56
104314,2024-12-13,Grocery,2096.64,1,10,North,Debit Card,4.8,2096.64,1886.98
104315,2024-11-15,Beauty & Personal Care,534.32,1,0,East,Credit Card,3.6,534.32,534.32
104316,2024-09-18,Beauty & Personal Care,245.43,1,0,Central,Credit Card,2.9,245.43,245.43
104317,2024-07-19,Clothing,3811.46,1,10,South,Cash on Delivery,3.8,3811.46,3430.31
104318,2024-12-25,Home & Kitchen,10165.93,1,5,East,Cash on Delivery,3.6,10165.93,9657.63
104319,2024-04-25,Beauty & Personal Care,1259.99,2,5,Central,UPI,3.6,2519.98,2393.98
104320,2024-02-14,Sports & Fitness,4312.38,1,15,Central,Net Banking,5.0,4312.38,3665.52
104321,2024-01-25,Electronics,32615.35,3,5,South,Debit Card,4.6,97846.05,92953.75
104322,2024-06-18,Electronics,24105.43,1,0,North,Cash on Delivery,5.0,24105.43,24105.43
104323,2024-01-03,Sports & Fitness,1778.21,1,20,East,Credit Card,4.5,1778.21,1422.57
104324,2024-11-13,Beauty & Personal Care,844.06,1,5,South,Credit Card,3.8,844.06,801.86
104325,2024-07-03,Beauty & Personal Care,1439.36,1,15,North,UPI,4.1,1439.36,1223.46
104326,2024-11-14,Clothing,2294.06,2,10,South,UPI,2.8,4588.12,4129.31
104327,2024-01-25,Clothing,2354.72,1,0,South,Net Banking,4.9,2354.72,2354.72
104328,2024-05-12,Grocery,1418.42,2,0,East,Cash on Delivery,4.3,2836.84,2836.84
104329,2024-11-13,Clothing,1775.49,1,10,East,UPI,3.0,1775.49,1597.94
104330,2024-11-28,Clothing,997.61,1,10,Central,Cash on Delivery,4.7,997.61,897.85
104331,2024-03-26,Home & Kitchen,4869.08,1,10,East,Credit Card,3.9,4869.08,4382.17
104332,2024-09-22,Electronics,8304.93,1,10,West,Credit Card,3.8,8304.93,7474.44
104333,2024-12-14,Home & Kitchen,7350.05,1,5,East,Net Banking,5.0,7350.05,6982.55
104334,2024-01-11,Clothing,1048.64,1,0,West,Debit Card,5.0,1048.64,1048.64
104335,2024-05-13,Electronics,3379.21,2,0,West,Credit Card,3.5,6758.42,6758.42
104336,2024-11-12,Clothing,3880.4,1,20,South,Net Banking,3.1,3880.4,3104.32
104337,2024-06-15,Sports & Fitness,907.43,1,10,South,UPI,4.8,907.43,816.69
104338,2024-01-04,Beauty & Personal Care,2040.12,1,0,North,UPI,5.0,2040.12,2040.12
104339,2024-04-17,Beauty & Personal Care,875.6,1,5,West,UPI,4.4,875.6,831.82
104340,2024-07-20,Electronics,10267.33,1,15,South,Cash on Delivery,4.3,10267.33,8727.23
104341,2024-06-24,Electronics,21508.24,1,5,Central,Cash on Delivery,3.8,21508.24,20432.83
104342,2024-12-15,Home & Kitchen,6022.1,1,5,West,UPI,4.1,6022.1,5721.0
104343,2024-05-15,Grocery,1197.85,1,10,Central,Debit Card,3.7,1197.85,1078.06
104344,2024-07-25,Clothing,2407.8,1,0,East,UPI,4.5,2407.8,2407.8
104345,2024-02-19,Beauty & Personal Care,1270.61,1,20,South,UPI,4.4,1270.61,1016.49
104346,2024-02-27,Clothing,2138.36,1,15,West,UPI,4.5,2138.36,1817.61
104347,2024-11-13,Home & Kitchen,2003.63,1,10,East,Credit Card,4.9,2003.63,1803.27
104348,2024-03-13,Beauty & Personal Care,1182.99,1,0,Central,UPI,3.3,1182.99,1182.99
104349,2024-09-04,Beauty & Personal Care,1347.05,1,0,South,Credit Card,4.4,1347.05,1347.05
104350,2024-12-24,Sports & Fitness,8098.55,1,15,West,Net Banking,4.2,8098.55,6883.77
104351,2024-03-25,Books,418.87,1,25,South,Cash on Delivery,3.1,418.87,314.15
104352,2024-04-26,Electronics,16839.01,1,20,Central,UPI,3.1,16839.01,13471.21
104353,2024-09-10,Clothing,1205.83,1,0,Central,UPI,3.6,1205.83,1205.83
104354,2024-01-05,Electronics,28434.7,1,0,Central,UPI,3.5,28434.7,28434.7
104355,2024-01-29,Electronics,18211.62,1,25,East,Cash on Delivery,3.4,18211.62,13658.72
104356,2024-10-09,Electronics,15862.61,1,0,North,UPI,3.9,15862.61,15862.61
104357,2024-07-06,Electronics,17214.95,1,10,Central,UPI,4.3,17214.95,15493.46
104358,2024-12-15,Home & Kitchen,4903.95,1,5,East,UPI,2.8,4903.95,4658.75
104359,2024-10-16,Home & Kitchen,1752.25,1,0,East,UPI,,1752.25,1752.25
104360,2024-01-11,Home & Kitchen,7020.0,1,10,East,UPI,2.6,7020.0,6318.0
104361,2024-04-02,Beauty & Personal Care,1639.9,1,0,North,UPI,3.7,1639.9,1639.9
104362,2024-04-18,Beauty & Personal Care,1805.4,1,10,North,Credit Card,3.0,1805.4,1624.86
104363,2024-08-29,Beauty & Personal Care,2160.08,1,5,North,Credit Card,4.3,2160.08,2052.08
104364,2024-11-02,Home & Kitchen,6210.92,1,0,West,Credit Card,4.2,6210.92,6210.92
104365,2024-06-24,Electronics,15796.5,1,0,Central,UPI,4.8,15796.5,15796.5
104366,2024-07-07,Clothing,2400.07,1,20,Central,Credit Card,3.6,2400.07,1920.06
104367,2024-12-13,Clothing,3406.43,1,0,Central,Net Banking,4.0,3406.43,3406.43
104368,2024-11-10,Sports & Fitness,5561.56,2,25,West,Debit Card,3.7,11123.12,8342.34
104369,2024-12-06,Electronics,22380.38,1,15,East,UPI,4.5,22380.38,19023.32
104370,2024-11-22,Sports & Fitness,3551.25,1,25,East,Credit Card,4.4,3551.25,2663.44
104371,2024-03-02,Grocery,611.95,1,10,West,UPI,4.9,611.95,550.76
104372,2024-10-30,Clothing,3255.83,1,10,Central,Cash on Delivery,3.3,3255.83,2930.25
104373,2024-05-02,Electronics,10431.16,3,15,West,Net Banking,,31293.48,26599.46
104374,2024-11-22,Clothing,3927.95,1,0,South,UPI,3.7,3927.95,3927.95
104375,2024-02-15,Clothing,3946.73,1,5,North,Debit Card,3.9,3946.73,3749.39
104376,2024-11-16,Grocery,448.68,1,15,North,Debit Card,4.6,448.68,381.38
104377,2024-09-13,Clothing,3586.98,1,10,East,Credit Card,3.4,3586.98,3228.28
104378,2024-09-17,Electronics,18561.36,1,0,East,Net Banking,4.1,18561.36,18561.36
104379,2024-09-07,Sports & Fitness,3892.48,2,20,Central,Credit Card,4.0,7784.96,6227.97
104380,2024-01-30,Home & Kitchen,1246.04,1,0,North,Credit Card,5.0,1246.04,1246.04
104381,2024-11-15,Electronics,15079.15,1,20,East,Credit Card,3.4,15079.15,12063.32
104382,2024-09-16,Electronics,1603.47,1,10,North,Net Banking,3.1,1603.47,1443.12
104383,2024-10-02,Home & Kitchen,10180.39,1,0,East,UPI,3.5,10180.39,10180.39
104384,2024-12-09,Grocery,81.24,1,15,Central,Net Banking,4.9,81.24,69.05
104385,2024-07-30,Electronics,31671.48,3,10,East,Credit Card,4.7,95014.44,85513.0
104386,2024-05-19,Sports & Fitness,3236.24,2,15,East,Debit Card,4.2,6472.48,5501.61
104387,2024-09-12,Clothing,1364.27,2,0,South,Net Banking,4.6,2728.54,2728.54
104388,2024-11-20,Electronics,27479.4,1,0,East,Debit Card,4.4,27479.4,27479.4
104389,2024-08-09,Electronics,42902.62,1,10,North,UPI,4.1,42902.62,38612.36
104390,2024-10-20,Home & Kitchen,5138.88,1,10,West,Cash on Delivery,5.0,5138.88,4624.99
104391,2024-06-10,Sports & Fitness,1258.13,1,5,Central,Cash on Delivery,,1258.13,1195.22
104392,2024-06-09,Sports & Fitness,3659.05,1,5,West,Cash on Delivery,4.2,3659.05,3476.1
104393,2024-03-08,Sports & Fitness,561.9,1,20,North,Debit Card,4.6,561.9,449.52
104394,2024-06-03,Books,843.6,1,10,South,Cash on Delivery,4.3,843.6,759.24
104395,2024-07-12,Home & Kitchen,7105.05,1,10,North,Debit Card,,7105.05,6394.54
104396,2024-08-01,Clothing,3901.66,1,15,South,Cash on Delivery,3.2,3901.66,3316.41
104397,2024-09-12,Books,103.3,2,5,South,Net Banking,4.2,206.6,196.27
104398,2024-12-28,Electronics,26884.01,1,0,West,UPI,4.6,26884.01,26884.01
104399,2024-06-18,Home & Kitchen,7579.73,1,0,South,UPI,3.7,7579.73,7579.73
104400,2024-10-10,Clothing,5470.32,1,5,North,Cash on Delivery,4.4,5470.32,5196.8
104401,2024-08-22,Home & Kitchen,7848.32,1,0,East,Debit Card,3.9,7848.32,7848.32
104402,2024-11-10,Books,510.6,1,5,North,Net Banking,4.0,510.6,485.07
104403,2024-03-28,Grocery,1243.13,3,5,North,UPI,4.5,3729.39,3542.92
104404,2024-05-11,Clothing,2116.09,1,10,North,UPI,3.2,2116.09,1904.48
104405,2024-01-31,Beauty & Personal Care,1967.86,1,0,North,Credit Card,4.0,1967.86,1967.86
104406,2024-04-20,Electronics,21562.01,1,0,East,UPI,2.9,21562.01,21562.01
104407,2024-09-05,Electronics,34535.32,1,10,North,UPI,4.2,34535.32,31081.79
104408,2024-06-27,Home & Kitchen,7444.34,1,25,South,Cash on Delivery,3.7,7444.34,5583.26
104409,2024-03-16,Beauty & Personal Care,2199.92,1,0,West,Debit Card,4.3,2199.92,2199.92
104410,2024-05-01,Clothing,767.56,1,10,West,Credit Card,4.0,767.56,690.8
104411,2024-05-20,Books,368.66,1,10,West,UPI,3.6,368.66,331.79
104412,2024-04-06,Books,1148.88,1,10,West,Credit Card,4.6,1148.88,1033.99
104413,2024-07-06,Books,140.9,1,15,Central,Credit Card,3.9,140.9,119.76
104414,2024-04-26,Home & Kitchen,400.21,1,15,South,UPI,5.0,400.21,340.18
104415,2024-03-21,Electronics,41812.78,2,15,East,Debit Card,4.1,83625.56,71081.73
104416,2024-08-15,Electronics,29449.25,1,5,South,Credit Card,2.4,29449.25,27976.79
104417,2024-02-20,Electronics,20849.08,1,0,Central,Credit Card,3.8,20849.08,20849.08
104418,2024-06-17,Books,1051.26,2,0,Central,Credit Card,3.5,2102.52,2102.52
104419,2024-08-09,Clothing,493.07,1,5,East,Cash on Delivery,3.5,493.07,468.42
104420,2024-05-29,Electronics,20969.02,3,10,North,Net Banking,4.4,62907.06,56616.35
104421,2024-01-17,Home & Kitchen,1810.43,1,10,East,Debit Card,3.9,1810.43,1629.39
104422,2024-01-12,Clothing,2715.59,1,0,Central,Cash on Delivery,3.6,2715.59,2715.59
104423,2024-10-05,Clothing,4558.06,1,0,South,UPI,4.1,4558.06,4558.06
104424,2024-05-24,Home & Kitchen,4898.92,1,0,Central,Net Banking,5.0,4898.92,4898.92
104425,2024-03-18,Electronics,22903.15,1,5,West,Credit Card,3.8,22903.15,21757.99
104426,2024-02-28,Electronics,24287.05,1,0,Central,Debit Card,4.2,24287.05,24287.05
104427,2024-09-01,Beauty & Personal Care,595.61,1,10,North,Debit Card,4.5,595.61,536.05
104428,2024-05-30,Books,196.14,1,5,South,Credit Card,3.1,196.14,186.33
104429,2024-06-25,Electronics,39190.67,1,20,South,Credit Card,4.1,39190.67,31352.54
104430,2024-01-27,Electronics,32080.84,1,0,East,Debit Card,3.4,32080.84,32080.84
104431,2024-05-29,Electronics,13756.22,1,0,Central,Net Banking,2.7,13756.22,13756.22
104432,2024-09-15,Beauty & Personal Care,2054.75,1,25,North,Debit Card,3.6,2054.75,1541.06
104433,2024-01-31,Electronics,38528.82,2,0,North,Credit Card,3.3,77057.64,77057.64
104434,2024-01-01,Electronics,3911.74,1,0,North,Net Banking,4.3,3911.74,3911.74
104435,2024-03-17,Grocery,79.45,2,10,East,Net Banking,4.6,158.9,143.01
104436,2024-03-27,Beauty & Personal Care,222.03,1,25,West,Credit Card,4.4,222.03,166.52
104437,2024-02-01,Sports & Fitness,1067.59,1,5,East,Debit Card,4.1,1067.59,1014.21
104438,2024-03-10,Electronics,8361.72,1,10,East,UPI,5.0,8361.72,7525.55
104439,2024-07-25,Grocery,1169.15,1,20,West,Debit Card,4.4,1169.15,935.32
104440,2024-09-06,Sports & Fitness,3813.69,1,15,West,UPI,3.9,3813.69,3241.64
104441,2024-02-14,Home & Kitchen,7978.21,1,0,West,UPI,5.0,7978.21,7978.21
104442,2024-01-24,Electronics,39025.32,1,20,Central,UPI,4.1,39025.32,31220.26
104443,2024-01-12,Clothing,617.34,1,0,West,Credit Card,4.7,617.34,617.34
104444,2024-04-13,Home & Kitchen,1071.63,1,10,Central,UPI,4.3,1071.63,964.47
104445,2024-12-18,Books,264.55,1,15,South,Credit Card,4.4,264.55,224.87
104446,2024-11-22,Clothing,4850.57,1,10,West,UPI,4.3,4850.57,4365.51
104447,2024-08-05,Home & Kitchen,5549.71,1,10,South,Cash on Delivery,3.2,5549.71,4994.74
104448,2024-04-07,Clothing,3552.65,1,5,South,Debit Card,4.8,3552.65,3375.02
104449,2024-08-10,Beauty & Personal Care,1286.63,2,25,East,Credit Card,4.1,2573.26,1929.95
104450,2024-11-12,Electronics,24236.75,1,0,South,UPI,4.3,24236.75,24236.75
104451,2024-05-23,Beauty & Personal Care,1694.02,1,15,North,Net Banking,3.3,1694.02,1439.92
104452,2024-02-20,Electronics,33479.0,1,0,South,UPI,3.6,33479.0,33479.0
104453,2024-11-07,Sports & Fitness,4139.0,1,10,Central,Net Banking,5.0,4139.0,3725.1
104454,2024-04-22,Clothing,3351.1,2,25,East,Credit Card,3.1,6702.2,5026.65
104455,2024-04-25,Electronics,14222.11,1,15,Central,Debit Card,4.4,14222.11,12088.79
104456,2024-01-23,Electronics,28738.99,1,20,West,Cash on Delivery,5.0,28738.99,22991.19
104457,2024-08-27,Electronics,2429.3,1,25,West,Debit Card,3.6,2429.3,1821.98
104458,2024-12-01,Beauty & Personal Care,2074.9,1,0,North,UPI,3.8,2074.9,2074.9
104459,2024-12-08,Grocery,443.47,1,0,West,Cash on Delivery,3.9,443.47,443.47
104460,2024-11-12,Electronics,39992.48,1,5,West,Cash on Delivery,4.3,39992.48,37992.86
104461,2024-07-09,Clothing,1682.71,1,10,South,Debit Card,3.5,1682.71,1514.44
104462,2024-09-16,Home & Kitchen,5285.75,1,0,Central,UPI,3.7,5285.75,5285.75
104463,2024-03-05,Home & Kitchen,6733.81,1,10,West,UPI,3.6,6733.81,6060.43
104464,2024-02-20,Clothing,3718.65,1,10,West,UPI,3.9,3718.65,3346.79
104465,2024-05-18,Sports & Fitness,3848.46,1,0,Central,UPI,5.0,3848.46,3848.46
104466,2024-12-26,Clothing,3249.42,1,10,Central,UPI,3.9,3249.42,2924.48
104467,2024-12-30,Home & Kitchen,9469.93,3,15,Central,UPI,4.7,28409.79,24148.32
104468,2024-09-11,Sports & Fitness,949.2,1,15,West,UPI,4.4,949.2,806.82
104469,2024-10-06,Electronics,46748.62,1,0,Central,Net Banking,3.5,46748.62,46748.62
104470,2024-10-31,Clothing,1786.13,2,15,East,Net Banking,4.5,3572.26,3036.42
104471,2024-04-12,Electronics,36705.81,1,5,Central,Debit Card,4.6,36705.81,34870.52
104472,2024-09-24,Beauty & Personal Care,1164.56,1,10,West,Net Banking,5.0,1164.56,1048.1
104473,2024-04-10,Home & Kitchen,5921.31,1,0,North,Credit Card,4.1,5921.31,5921.31
104474,2024-04-23,Sports & Fitness,1937.12,1,0,South,Credit Card,3.5,1937.12,1937.12
104475,2024-07-22,Grocery,928.91,1,20,West,Credit Card,4.3,928.91,743.13
104476,2024-10-26,Home & Kitchen,6073.56,2,5,South,Net Banking,3.5,12147.12,11539.76
104477,2024-07-11,Home & Kitchen,3681.04,1,5,Central,Debit Card,5.0,3681.04,3496.99
104478,2024-10-30,Clothing,488.94,1,5,West,Credit Card,5.0,488.94,464.49
104479,2024-12-07,Home & Kitchen,6004.96,1,10,North,Cash on Delivery,2.9,6004.96,5404.46
104480,2024-12-24,Clothing,4200.92,1,0,South,UPI,4.4,4200.92,4200.92
104481,2024-10-14,Home & Kitchen,4910.67,1,0,Central,UPI,4.6,4910.67,4910.67
104482,2024-12-03,Sports & Fitness,1527.53,1,20,South,Debit Card,4.0,1527.53,1222.02
104483,2024-04-16,Home & Kitchen,4321.9,1,0,North,Credit Card,3.5,4321.9,4321.9
104484,2024-03-20,Clothing,1182.95,1,0,West,UPI,4.6,1182.95,1182.95
104485,2024-11-10,Electronics,21550.39,1,10,South,UPI,2.9,21550.39,19395.35
104486,2024-09-22,Clothing,1928.33,1,0,Central,Net Banking,3.1,1928.33,1928.33
104487,2024-08-27,Clothing,1120.15,1,0,Central,UPI,3.9,1120.15,1120.15
104488,2024-08-11,Electronics,13350.49,1,0,South,Credit Card,3.8,13350.49,13350.49
104489,2024-08-31,Home & Kitchen,3560.12,3,5,West,Credit Card,4.4,10680.36,10146.34
104490,2024-03-07,Beauty & Personal Care,2494.02,3,5,East,Cash on Delivery,3.4,7482.06,7107.96
104491,2024-08-11,Clothing,1552.49,2,15,East,UPI,4.9,3104.98,2639.23
104492,2024-04-12,Clothing,1127.32,1,5,South,UPI,3.8,1127.32,1070.95
104493,2024-03-19,Grocery,1355.63,1,20,North,Credit Card,4.0,1355.63,1084.5
104494,2024-10-02,Home & Kitchen,1664.66,1,5,South,Credit Card,5.0,1664.66,1581.43
104495,2024-11-15,Books,1306.69,1,10,East,Debit Card,4.4,1306.69,1176.02
104496,2024-02-09,Clothing,3074.07,1,5,East,Credit Card,5.0,3074.07,2920.37
104497,2024-01-11,Sports & Fitness,5850.78,1,15,East,Credit Card,4.1,5850.78,4973.16
104498,2024-05-23,Home & Kitchen,945.73,1,0,South,UPI,4.1,945.73,945.73
104499,2024-05-30,Beauty & Personal Care,1312.31,1,15,Central,Debit Card,3.5,1312.31,1115.46
104500,2024-02-06,Grocery,739.64,1,10,East,Cash on Delivery,3.6,739.64,665.68
104501,2024-12-19,Clothing,2134.85,1,20,South,Cash on Delivery,5.0,2134.85,1707.88
104502,2024-12-13,Home & Kitchen,3271.37,1,20,West,Cash on Delivery,4.8,3271.37,2617.1
104503,2024-02-28,Beauty & Personal Care,2310.45,3,0,West,Net Banking,3.8,6931.35,6931.35
104504,2024-05-23,Home & Kitchen,5103.85,1,10,Central,Net Banking,4.7,5103.85,4593.46
104505,2024-05-26,Clothing,2250.99,1,0,North,UPI,3.9,2250.99,2250.99
104506,2024-08-06,Electronics,15997.69,1,0,West,UPI,3.5,15997.69,15997.69
104507,2024-04-28,Grocery,1307.61,1,10,Central,Cash on Delivery,3.8,1307.61,1176.85
104508,2024-09-28,Electronics,15162.7,1,5,Central,UPI,4.6,15162.7,14404.56
104509,2024-06-27,Electronics,19405.02,1,5,West,Credit Card,3.6,19405.02,18434.77
104510,2024-02-19,Home & Kitchen,1112.07,1,0,West,Debit Card,3.8,1112.07,1112.07
104511,2024-12-29,Home & Kitchen,7604.25,3,25,West,UPI,3.4,22812.75,17109.56
104512,2024-05-02,Grocery,696.27,1,5,South,UPI,5.0,696.27,661.46
104513,2024-12-01,Clothing,5232.1,1,15,South,Credit Card,3.5,5232.1,4447.28
104514,2024-09-30,Home & Kitchen,7907.64,1,5,Central,UPI,4.5,7907.64,7512.26
104515,2024-10-21,Beauty & Personal Care,2891.04,1,20,North,UPI,4.5,2891.04,2312.83
104516,2024-11-16,Beauty & Personal Care,337.99,1,0,West,Net Banking,4.1,337.99,337.99
104517,2024-08-29,Books,1060.34,1,5,East,Credit Card,4.0,1060.34,1007.32
104518,2024-08-03,Home & Kitchen,6087.11,1,0,East,UPI,4.6,6087.11,6087.11
104519,2024-10-20,Electronics,45309.81,1,5,West,Credit Card,3.4,45309.81,43044.32
104520,2024-05-09,Grocery,1246.11,1,10,West,Net Banking,4.6,1246.11,1121.5
104521,2024-12-05,Clothing,1173.0,1,10,West,UPI,4.3,1173.0,1055.7
104522,2024-10-06,Clothing,2389.83,1,5,West,Cash on Delivery,4.4,2389.83,2270.34
104523,2024-07-14,Sports & Fitness,5216.1,2,10,Central,Credit Card,4.7,10432.2,9388.98
104524,2024-06-18,Electronics,7391.86,1,20,East,Cash on Delivery,5.0,7391.86,5913.49
104525,2024-01-14,Clothing,2694.32,1,25,West,UPI,5.0,2694.32,2020.74
104526,2024-12-29,Clothing,3353.36,1,20,East,Credit Card,4.0,3353.36,2682.69
104527,2024-08-07,Electronics,15028.16,1,25,East,UPI,4.2,15028.16,11271.12
104528,2024-05-20,Electronics,34051.06,1,10,South,Credit Card,4.7,34051.06,30645.95
104529,2024-03-25,Electronics,8807.22,1,0,East,Net Banking,4.2,8807.22,8807.22
104530,2024-07-07,Home & Kitchen,7940.72,1,10,North,UPI,4.1,7940.72,7146.65
104531,2024-03-14,Beauty & Personal Care,177.68,1,20,South,UPI,4.2,177.68,142.14
104532,2024-10-06,Beauty & Personal Care,1116.09,1,15,West,Credit Card,3.9,1116.09,948.68
104533,2024-06-25,Beauty & Personal Care,371.0,2,15,East,Credit Card,5.0,742.0,630.7
104534,2024-04-07,Grocery,499.51,1,10,West,Cash on Delivery,4.0,499.51,449.56
104535,2024-07-25,Beauty & Personal Care,1036.38,1,20,Central,UPI,4.3,1036.38,829.1
104536,2024-09-02,Books,924.63,1,5,South,Net Banking,4.4,924.63,878.4
104537,2024-08-02,Clothing,2885.52,1,5,North,UPI,2.6,2885.52,2741.24
104538,2024-07-06,Clothing,1508.47,1,10,West,UPI,3.1,1508.47,1357.62
104539,2024-02-05,Clothing,3495.89,1,0,Central,Cash on Delivery,2.8,3495.89,3495.89
104540,2024-08-20,Electronics,36443.08,1,15,North,Debit Card,4.6,36443.08,30976.62
104541,2024-05-04,Clothing,2047.53,1,15,North,UPI,5.0,2047.53,1740.4
104542,2024-01-19,Grocery,561.06,1,10,Central,Credit Card,4.9,561.06,504.95
104543,2024-04-02,Home & Kitchen,6114.99,1,0,Central,Credit Card,4.2,6114.99,6114.99
104544,2024-03-04,Grocery,1205.38,1,5,South,UPI,4.6,1205.38,1145.11
104545,2024-04-05,Home & Kitchen,3048.23,1,10,South,Cash on Delivery,4.4,3048.23,2743.41
104546,2024-03-08,Electronics,4308.31,2,10,Central,UPI,4.2,8616.62,7754.96
104547,2024-11-12,Clothing,5106.73,1,0,West,UPI,4.1,5106.73,5106.73
104548,2024-07-11,Electronics,21910.42,1,10,North,UPI,4.0,21910.42,19719.38
104549,2024-06-11,Clothing,1902.26,1,25,East,Debit Card,4.2,1902.26,1426.7
104550,2024-09-03,Clothing,1137.64,1,0,North,Debit Card,5.0,1137.64,1137.64
104551,2024-09-24,Books,1105.7,1,0,Central,Net Banking,3.4,1105.7,1105.7
104552,2024-02-09,Clothing,1765.97,1,0,North,UPI,,1765.97,1765.97
104553,2024-06-17,Books,674.12,2,20,North,Debit Card,5.0,1348.24,1078.59
104554,2024-05-31,Sports & Fitness,3304.74,1,10,East,Credit Card,4.8,3304.74,2974.27
104555,2024-06-10,Beauty & Personal Care,572.63,1,0,West,Debit Card,4.5,572.63,572.63
104556,2024-11-12,Electronics,15458.93,1,10,North,UPI,3.2,15458.93,13913.04
104557,2024-01-25,Books,336.79,2,0,West,Credit Card,4.5,673.58,673.58
104558,2024-05-16,Grocery,220.85,1,5,East,Cash on Delivery,3.3,220.85,209.81
104559,2024-03-29,Electronics,15622.16,2,0,North,Debit Card,5.0,31244.32,31244.32
104560,2024-08-19,Electronics,31700.07,1,15,East,Credit Card,4.6,31700.07,26945.06
104561,2024-03-22,Grocery,1169.52,1,5,West,Credit Card,4.7,1169.52,1111.04
104562,2024-12-29,Electronics,11104.36,1,0,West,UPI,4.4,11104.36,11104.36
104563,2024-04-20,Electronics,24586.28,1,5,West,UPI,4.2,24586.28,23356.97
104564,2024-04-05,Sports & Fitness,1475.88,1,0,Central,Cash on Delivery,4.1,1475.88,1475.88
104565,2024-10-11,Electronics,32490.19,1,15,East,UPI,5.0,32490.19,27616.66
104566,2024-04-14,Electronics,28404.22,1,25,Central,Cash on Delivery,4.3,28404.22,21303.16
104567,2024-06-17,Home & Kitchen,3155.6,1,15,Central,UPI,4.2,3155.6,2682.26
104568,2024-10-23,Beauty & Personal Care,1916.55,1,10,North,Credit Card,4.4,1916.55,1724.9
104569,2024-04-30,Clothing,1952.29,1,15,South,UPI,4.3,1952.29,1659.45
104570,2024-05-11,Electronics,25106.72,2,5,West,Net Banking,4.5,50213.44,47702.77
104571,2024-09-04,Home & Kitchen,5905.46,1,10,North,Cash on Delivery,4.4,5905.46,5314.91
104572,2024-01-03,Sports & Fitness,1179.03,2,5,East,UPI,4.8,2358.06,2240.16
104573,2024-09-28,Grocery,1381.22,1,10,North,Debit Card,4.4,1381.22,1243.1
104574,2024-12-20,Clothing,1952.73,1,5,North,Credit Card,3.4,1952.73,1855.09
104575,2024-04-25,Books,656.21,1,0,South,UPI,3.5,656.21,656.21
104576,2024-09-20,Sports & Fitness,5955.01,1,25,South,UPI,4.0,5955.01,4466.26
104577,2024-05-15,Electronics,33314.79,1,10,South,Cash on Delivery,4.2,33314.79,29983.31
104578,2024-03-09,Grocery,245.38,2,10,South,UPI,3.2,490.76,441.68
104579,2024-07-13,Home & Kitchen,3684.76,1,10,North,Cash on Delivery,3.6,3684.76,3316.28
104580,2024-12-21,Clothing,4752.04,1,5,East,UPI,4.5,4752.04,4514.44
104581,2024-03-01,Beauty & Personal Care,1707.6,1,15,South,UPI,4.5,1707.6,1451.46
104582,2024-07-05,Electronics,15776.93,1,5,Central,UPI,3.3,15776.93,14988.08
104583,2024-07-25,Electronics,16440.53,1,0,North,Debit Card,3.6,16440.53,16440.53
104584,2024-10-08,Grocery,917.88,1,25,West,UPI,3.3,917.88,688.41
104585,2024-01-21,Clothing,3876.44,1,20,South,UPI,5.0,3876.44,3101.15
104586,2024-01-01,Beauty & Personal Care,733.09,1,5,South,UPI,3.5,733.09,696.44
104587,2024-10-07,Sports & Fitness,2523.66,1,15,North,UPI,3.7,2523.66,2145.11
104588,2024-04-22,Beauty & Personal Care,2242.07,1,0,Central,Cash on Delivery,4.0,2242.07,2242.07
104589,2024-03-11,Clothing,706.56,1,5,East,Credit Card,4.3,706.56,671.23
104590,2024-09-29,Sports & Fitness,2972.85,1,5,South,Credit Card,4.7,2972.85,2824.21
104591,2024-09-17,Electronics,18502.05,1,10,South,Credit Card,4.6,18502.05,16651.84
104592,2024-02-14,Beauty & Personal Care,1730.13,2,5,West,Debit Card,4.1,3460.26,3287.25
104593,2024-02-29,Clothing,2157.0,2,0,West,UPI,3.9,4314.0,4314.0
104594,2024-09-28,Books,439.34,1,20,South,UPI,3.7,439.34,351.47
104595,2024-08-26,Beauty & Personal Care,1838.23,1,25,North,Credit Card,5.0,1838.23,1378.67
104596,2024-10-24,Home & Kitchen,2818.72,1,0,South,Debit Card,3.8,2818.72,2818.72
104597,2024-05-31,Electronics,16149.72,1,10,East,Credit Card,4.1,16149.72,14534.75
104598,2024-09-13,Clothing,460.5,1,0,West,Debit Card,4.0,460.5,460.5
104599,2024-07-09,Home & Kitchen,5801.43,1,20,Central,Net Banking,3.6,5801.43,4641.14
104600,2024-01-07,Electronics,36175.84,1,0,Central,UPI,4.5,36175.84,36175.84
104601,2024-06-12,Home & Kitchen,3859.56,2,10,Central,UPI,4.6,7719.12,6947.21
104602,2024-03-11,Grocery,467.98,1,0,North,UPI,4.7,467.98,467.98
104603,2024-11-23,Beauty & Personal Care,654.75,1,5,South,Credit Card,2.9,654.75,622.01
104604,2024-08-19,Home & Kitchen,5132.79,1,5,North,UPI,4.9,5132.79,4876.15
104605,2024-04-26,Books,946.51,3,0,Central,Cash on Delivery,3.9,2839.53,2839.53
104606,2024-05-18,Clothing,3826.74,1,0,Central,Credit Card,3.9,3826.74,3826.74
104607,2024-01-30,Electronics,11059.26,1,0,Central,UPI,4.4,11059.26,11059.26
104608,2024-02-04,Grocery,88.32,1,0,South,Debit Card,3.9,88.32,88.32
104609,2024-01-08,Beauty & Personal Care,1289.73,1,5,West,UPI,3.7,1289.73,1225.24
104610,2024-07-26,Home & Kitchen,5349.75,1,5,East,UPI,4.9,5349.75,5082.26
104611,2024-11-02,Books,1374.8,1,0,North,Debit Card,3.7,1374.8,1374.8
104612,2024-04-20,Beauty & Personal Care,2085.4,1,10,East,Credit Card,4.8,2085.4,1876.86
104613,2024-01-04,Clothing,1807.76,1,0,East,Debit Card,3.9,1807.76,1807.76
104614,2024-08-14,Beauty & Personal Care,1447.44,1,5,East,Cash on Delivery,3.1,1447.44,1375.07
104615,2024-06-22,Sports & Fitness,739.69,1,0,West,Debit Card,4.1,739.69,739.69
104616,2024-04-11,Electronics,22772.9,1,0,South,Credit Card,3.6,22772.9,22772.9
104617,2024-08-11,Beauty & Personal Care,2084.03,2,10,Central,Cash on Delivery,4.4,4168.06,3751.25
104618,2024-07-05,Books,173.97,1,10,East,UPI,,173.97,156.57
104619,2024-01-15,Sports & Fitness,5688.16,1,5,West,Net Banking,4.5,5688.16,5403.75
104620,2024-02-09,Books,618.29,1,0,East,UPI,3.9,618.29,618.29
104621,2024-06-22,Grocery,443.62,1,0,North,Debit Card,5.0,443.62,443.62
104622,2024-03-11,Sports & Fitness,2190.74,1,0,North,UPI,4.9,2190.74,2190.74
104623,2024-12-30,Electronics,38928.45,1,5,South,Debit Card,4.0,38928.45,36982.03
104624,2024-12-24,Clothing,2187.13,1,20,East,Credit Card,3.8,2187.13,1749.7
104625,2024-11-11,Books,1666.11,1,20,North,Debit Card,3.2,1666.11,1332.89
104626,2024-03-22,Sports & Fitness,3937.5,1,10,South,Net Banking,4.5,3937.5,3543.75
104627,2024-07-23,Sports & Fitness,5846.43,1,20,South,UPI,3.7,5846.43,4677.14
104628,2024-06-24,Grocery,419.79,1,5,North,Debit Card,5.0,419.79,398.8
104629,2024-07-10,Sports & Fitness,3081.74,1,5,South,Debit Card,4.2,3081.74,2927.65
104630,2024-04-08,Electronics,23776.22,1,0,North,Credit Card,3.7,23776.22,23776.22
104631,2024-05-09,Clothing,2768.9,1,5,West,Cash on Delivery,4.3,2768.9,2630.46
104632,2024-02-20,Electronics,28735.88,2,5,East,Credit Card,5.0,57471.76,54598.17
104633,2024-09-28,Home & Kitchen,1000.72,1,0,South,Credit Card,3.7,1000.72,1000.72
104634,2024-10-26,Electronics,40526.98,2,0,West,Debit Card,3.3,81053.96,81053.96
104635,2024-07-28,Beauty & Personal Care,1447.75,1,15,East,UPI,2.8,1447.75,1230.59
104636,2024-01-12,Home & Kitchen,813.1,1,0,Central,Credit Card,3.9,813.1,813.1
104637,2024-03-05,Clothing,879.58,1,25,West,UPI,4.2,879.58,659.68
104638,2024-09-21,Clothing,840.75,1,5,East,Cash on Delivery,3.4,840.75,798.71
104639,2024-09-13,Grocery,1338.78,2,0,West,Credit Card,5.0,2677.56,2677.56
104640,2024-07-11,Home & Kitchen,544.48,1,20,Central,Cash on Delivery,4.6,544.48,435.58
104641,2024-11-03,Sports & Fitness,3238.68,1,5,North,Debit Card,3.7,3238.68,3076.75
104642,2024-03-27,Grocery,848.75,1,0,East,UPI,4.6,848.75,848.75
104643,2024-06-20,Clothing,2544.57,2,25,West,Credit Card,4.7,5089.14,3816.86
104644,2024-04-09,Home & Kitchen,2321.67,1,0,South,UPI,2.9,2321.67,2321.67
104645,2024-04-26,Clothing,1541.8,2,0,West,Net Banking,3.9,3083.6,3083.6
104646,2024-04-25,Home & Kitchen,1125.98,3,10,South,Cash on Delivery,3.8,3377.94,3040.15
104647,2024-02-26,Electronics,25246.85,3,10,West,Credit Card,4.2,75740.55,68166.5
104648,2024-09-10,Home & Kitchen,2738.38,1,20,South,Net Banking,5.0,2738.38,2190.7
104649,2024-04-15,Electronics,8311.07,1,0,East,UPI,4.0,8311.07,8311.07
104650,2024-07-30,Books,696.67,1,25,Central,Debit Card,2.7,696.67,522.5
104651,2024-04-19,Clothing,2798.24,1,0,Central,Debit Card,4.9,2798.24,2798.24
104652,2024-12-25,Clothing,3534.26,1,10,East,Credit Card,4.4,3534.26,3180.83
104653,2024-09-30,Beauty & Personal Care,1133.24,1,0,East,Debit Card,3.9,1133.24,1133.24
104654,2024-12-08,Beauty & Personal Care,1096.02,1,0,North,Credit Card,4.1,1096.02,1096.02
104655,2024-07-25,Home & Kitchen,1581.59,2,0,Central,Credit Card,4.1,3163.18,3163.18
104656,2024-09-07,Clothing,3002.69,1,5,East,UPI,4.2,3002.69,2852.56
104657,2024-08-31,Home & Kitchen,4119.72,2,0,South,UPI,,8239.44,8239.44
104658,2024-12-23,Sports & Fitness,2648.58,2,5,North,UPI,4.0,5297.16,5032.3
104659,2024-06-28,Grocery,516.4,1,25,Central,Credit Card,,516.4,387.3
104660,2024-12-11,Grocery,1806.43,1,0,South,Debit Card,4.8,1806.43,1806.43
104661,2024-12-23,Beauty & Personal Care,317.96,1,15,West,Credit Card,3.6,317.96,270.27
104662,2024-06-14,Sports & Fitness,1485.25,1,5,West,Cash on Delivery,4.2,1485.25,1410.99
104663,2024-05-15,Clothing,2208.89,1,0,Central,Credit Card,4.7,2208.89,2208.89
104664,2024-12-16,Electronics,4912.65,1,15,West,Credit Card,3.6,4912.65,4175.75
104665,2024-01-02,Electronics,19011.07,1,0,Central,Credit Card,4.7,19011.07,19011.07
104666,2024-03-20,Books,492.52,1,5,Central,Net Banking,4.3,492.52,467.89
104667,2024-04-01,Sports & Fitness,3525.46,1,25,West,Debit Card,5.0,3525.46,2644.1
104668,2024-10-19,Electronics,59216.46,2,0,East,Credit Card,2.8,118432.92,118432.92
104669,2024-02-01,Clothing,3077.74,1,25,Central,Net Banking,3.4,3077.74,2308.3
104670,2024-03-23,Sports & Fitness,5545.79,1,0,North,UPI,3.5,5545.79,5545.79
104671,2024-07-14,Electronics,23472.81,1,15,West,UPI,2.9,23472.81,19951.89
104672,2024-11-20,Books,1178.08,1,25,Central,UPI,4.9,1178.08,883.56
104673,2024-01-04,Clothing,2326.39,3,0,South,Net Banking,3.2,6979.17,6979.17
104674,2024-01-24,Grocery,1167.44,2,15,North,Credit Card,5.0,2334.88,1984.65
104675,2024-05-01,Books,1009.28,1,20,West,Cash on Delivery,4.6,1009.28,807.42
104676,2024-09-29,Clothing,3803.72,2,25,North,Net Banking,3.4,7607.44,5705.58
104677,2024-05-13,Home & Kitchen,2734.94,1,20,Central,UPI,4.5,2734.94,2187.95
104678,2024-09-07,Sports & Fitness,4792.51,1,10,West,Credit Card,4.4,4792.51,4313.26
104679,2024-01-23,Electronics,27431.83,1,0,Central,Credit Card,4.7,27431.83,27431.83
104680,2024-05-20,Beauty & Personal Care,1951.11,1,10,West,Net Banking,5.0,1951.11,1756.0
104681,2024-07-24,Electronics,22282.12,2,0,North,UPI,4.9,44564.24,44564.24
104682,2024-12-15,Electronics,44426.1,3,0,Central,Credit Card,3.3,133278.3,133278.3
104683,2024-06-17,Electronics,29755.48,1,10,North,Debit Card,3.3,29755.48,26779.93
104684,2024-09-17,Home & Kitchen,6038.5,1,0,North,Net Banking,3.6,6038.5,6038.5
104685,2024-07-02,Clothing,707.11,3,10,Central,UPI,5.0,2121.33,1909.2
104686,2024-12-07,Grocery,584.11,1,5,West,Credit Card,3.1,584.11,554.9
104687,2024-06-18,Clothing,1788.33,1,10,Central,Credit Card,3.4,1788.33,1609.5
104688,2024-07-01,Books,222.17,1,0,South,UPI,4.9,222.17,222.17
104689,2024-04-05,Home & Kitchen,857.31,1,0,West,Credit Card,3.4,857.31,857.31
104690,2024-04-04,Clothing,1502.03,2,5,East,Credit Card,5.0,3004.06,2853.86
104691,2024-08-13,Electronics,3061.12,1,25,Central,UPI,4.3,3061.12,2295.84
104692,2024-11-07,Clothing,3830.35,1,10,South,Net Banking,4.8,3830.35,3447.32
104693,2024-08-11,Electronics,11261.51,1,0,East,Debit Card,2.8,11261.51,11261.51
104694,2024-11-20,Home & Kitchen,2859.34,1,5,East,Credit Card,4.1,2859.34,2716.37
104695,2024-01-12,Electronics,25790.9,1,0,East,Credit Card,4.1,25790.9,25790.9
104696,2024-05-30,Beauty & Personal Care,2066.24,1,0,Central,Debit Card,4.6,2066.24,2066.24
104697,2024-07-13,Clothing,1590.09,1,20,West,Credit Card,4.0,1590.09,1272.07
104698,2024-10-02,Clothing,1176.79,3,0,North,UPI,4.7,3530.37,3530.37
104699,2024-09-02,Sports & Fitness,4101.24,2,15,North,Net Banking,5.0,8202.48,6972.11
104700,2024-10-10,Books,812.01,1,20,East,UPI,4.3,812.01,649.61
104701,2024-07-01,Books,925.04,1,5,North,UPI,4.9,925.04,878.79
104702,2024-07-08,Beauty & Personal Care,1895.42,1,0,East,UPI,4.5,1895.42,1895.42
104703,2024-09-30,Clothing,3556.43,1,15,Central,Credit Card,3.6,3556.43,3022.97
104704,2024-05-25,Electronics,8176.01,2,10,Central,UPI,3.6,16352.02,14716.82
104705,2024-02-12,Clothing,2460.22,1,20,South,Debit Card,4.0,2460.22,1968.18
104706,2024-06-21,Grocery,277.38,1,0,West,Credit Card,4.4,277.38,277.38
104707,2024-11-22,Electronics,17008.63,1,20,South,UPI,3.8,17008.63,13606.9
104708,2024-11-20,Sports & Fitness,6006.39,1,5,East,Debit Card,3.1,6006.39,5706.07
104709,2024-06-02,Clothing,937.21,1,10,East,Credit Card,3.1,937.21,843.49
104710,2024-07-08,Sports & Fitness,1229.57,2,5,North,Credit Card,3.3,2459.14,2336.18
104711,2024-04-04,Books,1143.29,1,5,West,Debit Card,5.0,1143.29,1086.13
104712,2024-01-15,Electronics,17498.26,1,15,Central,Credit Card,4.2,17498.26,14873.52
104713,2024-03-21,Electronics,8410.45,1,15,West,UPI,4.2,8410.45,7148.88
104714,2024-12-14,Sports & Fitness,2149.94,1,15,Central,UPI,2.8,2149.94,1827.45
104715,2024-01-13,Grocery,59.11,1,0,Central,UPI,3.6,59.11,59.11
104716,2024-06-30,Grocery,873.01,1,10,West,Cash on Delivery,3.7,873.01,785.71
104717,2024-03-06,Sports & Fitness,3012.68,1,10,West,Debit Card,3.8,3012.68,2711.41
104718,2024-01-29,Clothing,2251.69,2,0,East,Cash on Delivery,4.2,4503.38,4503.38
104719,2024-12-04,Electronics,46811.79,1,5,West,Cash on Delivery,3.9,46811.79,44471.2
104720,2024-12-16,Home & Kitchen,3015.73,3,0,North,Debit Card,3.2,9047.19,9047.19
104721,2024-10-27,Sports & Fitness,4813.26,3,5,South,Debit Card,4.7,14439.78,13717.79
104722,2024-05-19,Beauty & Personal Care,1783.59,1,20,West,Credit Card,5.0,1783.59,1426.87
104723,2024-03-04,Beauty & Personal Care,452.84,1,0,Central,Net Banking,3.3,452.84,452.84
104724,2024-09-23,Books,743.88,1,5,West,Debit Card,4.7,743.88,706.69
104725,2024-07-28,Sports & Fitness,2060.24,1,10,Central,UPI,2.7,2060.24,1854.22
104726,2024-08-18,Home & Kitchen,6872.07,1,15,East,Debit Card,4.2,6872.07,5841.26
104727,2024-04-10,Electronics,10436.38,1,0,West,UPI,4.1,10436.38,10436.38
104728,2024-01-21,Clothing,2679.43,1,0,Central,Debit Card,3.8,2679.43,2679.43
104729,2024-05-15,Electronics,23711.79,1,5,West,Credit Card,3.5,23711.79,22526.2
104730,2024-03-08,Home & Kitchen,4494.92,2,20,North,UPI,,8989.84,7191.87
104731,2024-04-16,Electronics,42590.46,1,5,South,UPI,3.6,42590.46,40460.94
104732,2024-04-25,Home & Kitchen,851.93,3,5,North,UPI,3.8,2555.79,2428.0
104733,2024-01-04,Sports & Fitness,1425.48,1,10,North,Credit Card,3.9,1425.48,1282.93
104734,2024-08-22,Electronics,23819.68,1,0,South,UPI,3.8,23819.68,23819.68
104735,2024-04-22,Electronics,44647.57,1,0,Central,UPI,4.4,44647.57,44647.57
104736,2024-09-26,Beauty & Personal Care,974.11,1,0,West,Net Banking,3.4,974.11,974.11
104737,2024-03-21,Clothing,578.33,1,10,South,UPI,3.9,578.33,520.5
104738,2024-05-20,Home & Kitchen,6475.36,1,0,North,Credit Card,3.9,6475.36,6475.36
104739,2024-06-24,Books,136.03,1,10,West,UPI,3.7,136.03,122.43
104740,2024-02-16,Grocery,1057.88,1,0,North,Credit Card,4.5,1057.88,1057.88
104741,2024-12-17,Beauty & Personal Care,2563.5,1,0,West,Credit Card,3.9,2563.5,2563.5
104742,2024-08-13,Electronics,44022.99,1,0,Central,Debit Card,3.8,44022.99,44022.99
104743,2024-04-23,Beauty & Personal Care,1814.02,1,0,Central,Debit Card,3.5,1814.02,1814.02
104744,2024-10-21,Electronics,27713.85,2,5,South,Debit Card,4.0,55427.7,52656.31
104745,2024-08-25,Electronics,11923.36,1,5,East,Credit Card,3.5,11923.36,11327.19
104746,2024-02-20,Beauty & Personal Care,1292.55,1,10,North,UPI,3.0,1292.55,1163.3
104747,2024-05-14,Beauty & Personal Care,1952.81,1,10,West,UPI,4.0,1952.81,1757.53
104748,2024-12-30,Clothing,1715.4,1,10,South,Credit Card,4.7,1715.4,1543.86
104749,2024-03-25,Electronics,38063.7,3,10,South,Credit Card,5.0,114191.1,102771.99
104750,2024-09-19,Clothing,1699.72,1,0,North,UPI,3.7,1699.72,1699.72
104751,2024-09-11,Clothing,926.99,1,0,Central,Debit Card,5.0,926.99,926.99
104752,2024-07-31,Books,623.53,1,0,South,Cash on Delivery,3.7,623.53,623.53
104753,2024-05-17,Books,357.58,1,0,West,UPI,3.3,357.58,357.58
104754,2024-03-31,Sports & Fitness,1443.53,2,5,South,Debit Card,3.8,2887.06,2742.71
104755,2024-12-10,Clothing,3452.19,1,0,South,UPI,5.0,3452.19,3452.19
104756,2024-11-10,Sports & Fitness,7859.61,1,0,East,Debit Card,4.4,7859.61,7859.61
104757,2024-05-31,Books,1081.07,1,0,Central,Credit Card,3.9,1081.07,1081.07
104758,2024-03-30,Home & Kitchen,889.5,1,10,North,Debit Card,2.7,889.5,800.55
104759,2024-04-04,Beauty & Personal Care,740.6,2,15,West,Net Banking,4.1,1481.2,1259.02
104760,2024-09-13,Sports & Fitness,5173.06,1,5,West,Credit Card,4.3,5173.06,4914.41
104761,2024-07-21,Electronics,33042.28,1,0,North,Credit Card,2.7,33042.28,33042.28
104762,2024-11-03,Clothing,4287.48,1,5,Central,Credit Card,4.2,4287.48,4073.11
104763,2024-06-18,Electronics,5167.6,2,20,West,UPI,4.1,10335.2,8268.16
104764,2024-01-01,Clothing,2594.15,1,5,North,Credit Card,4.8,2594.15,2464.44
104765,2024-02-23,Beauty & Personal Care,857.52,1,0,West,UPI,3.5,857.52,857.52
104766,2024-04-04,Sports & Fitness,2935.0,1,0,North,UPI,4.3,2935.0,2935.0
104767,2024-08-13,Beauty & Personal Care,643.52,1,15,North,Debit Card,2.6,643.52,546.99
104768,2024-12-02,Home & Kitchen,2757.73,2,5,Central,Cash on Delivery,4.3,5515.46,5239.69
104769,2024-07-12,Clothing,1440.09,1,5,East,Debit Card,4.5,1440.09,1368.09
104770,2024-08-19,Books,1023.76,1,0,North,UPI,5.0,1023.76,1023.76
104771,2024-01-13,Clothing,3908.83,1,0,East,Credit Card,3.8,3908.83,3908.83
104772,2024-09-28,Electronics,13315.33,1,10,South,Debit Card,4.5,13315.33,11983.8
104773,2024-12-07,Beauty & Personal Care,2285.12,1,5,Central,Debit Card,3.6,2285.12,2170.86
104774,2024-01-28,Home & Kitchen,2378.87,1,0,North,Debit Card,3.4,2378.87,2378.87
104775,2024-04-15,Sports & Fitness,2455.53,1,10,East,Net Banking,4.9,2455.53,2209.98
104776,2024-03-01,Beauty & Personal Care,1650.86,2,0,Central,Net Banking,5.0,3301.72,3301.72
104777,2024-07-27,Grocery,1200.7,2,0,East,Debit Card,4.3,2401.4,2401.4
104778,2024-04-09,Sports & Fitness,5833.71,1,0,West,Net Banking,3.7,5833.71,5833.71
104779,2024-01-21,Home & Kitchen,7155.72,1,0,Central,UPI,5.0,7155.72,7155.72
104780,2024-05-14,Electronics,44074.9,1,15,East,Credit Card,4.5,44074.9,37463.66
104781,2024-10-11,Sports & Fitness,4290.02,1,5,South,Net Banking,4.3,4290.02,4075.52
104782,2024-08-17,Clothing,1515.74,1,15,East,UPI,4.6,1515.74,1288.38
104783,2024-05-12,Clothing,935.86,1,0,East,UPI,4.0,935.86,935.86
104784,2024-01-26,Home & Kitchen,4833.72,1,10,South,Debit Card,3.6,4833.72,4350.35
104785,2024-07-01,Books,447.53,1,20,West,UPI,,447.53,358.02
104786,2024-04-07,Clothing,3683.95,1,15,North,Cash on Delivery,1.6,3683.95,3131.36
104787,2024-04-23,Grocery,385.24,1,15,Central,UPI,5.0,385.24,327.45
104788,2024-04-24,Beauty & Personal Care,2220.91,1,5,East,Net Banking,3.9,2220.91,2109.86
104789,2024-04-28,Books,1160.44,1,5,North,Credit Card,5.0,1160.44,1102.42
104790,2024-06-13,Home & Kitchen,4652.04,1,15,Central,UPI,3.4,4652.04,3954.23
104791,2024-10-18,Clothing,1871.38,1,20,South,Cash on Delivery,4.3,1871.38,1497.1
104792,2024-10-06,Clothing,4422.86,1,5,South,Net Banking,4.8,4422.86,4201.72
104793,2024-07-30,Sports & Fitness,5987.17,1,5,West,Net Banking,4.2,5987.17,5687.81
104794,2024-06-19,Electronics,24932.68,1,15,East,Credit Card,4.1,24932.68,21192.78
104795,2024-11-04,Beauty & Personal Care,3067.52,1,0,South,Debit Card,2.5,3067.52,3067.52
104796,2024-03-04,Clothing,2752.97,1,0,South,UPI,3.2,2752.97,2752.97
104797,2024-11-10,Electronics,26949.04,1,0,Central,UPI,4.1,26949.04,26949.04
104798,2024-06-13,Electronics,4532.44,2,0,East,Credit Card,5.0,9064.88,9064.88
104799,2024-04-15,Sports & Fitness,4219.22,1,25,South,Cash on Delivery,4.7,4219.22,3164.42
104800,2024-06-02,Beauty & Personal Care,539.17,1,0,Central,UPI,5.0,539.17,539.17
104801,2024-03-26,Home & Kitchen,5410.16,2,0,West,Credit Card,4.0,10820.32,10820.32
104802,2024-07-08,Books,829.11,1,0,South,Net Banking,4.4,829.11,829.11
104803,2024-03-25,Electronics,35409.79,3,0,West,UPI,2.9,106229.37,106229.37
104804,2024-10-06,Beauty & Personal Care,2162.64,2,15,East,UPI,,4325.28,3676.49
104805,2024-04-20,Beauty & Personal Care,2146.76,2,20,West,UPI,3.4,4293.52,3434.82
104806,2024-08-08,Sports & Fitness,2183.22,1,0,East,Debit Card,1.9,2183.22,2183.22
104807,2024-03-19,Electronics,24469.5,1,0,South,Debit Card,4.9,24469.5,24469.5
104808,2024-03-10,Grocery,535.6,1,0,Central,Debit Card,4.8,535.6,535.6
104809,2024-05-12,Beauty & Personal Care,2423.09,2,10,South,Debit Card,4.0,4846.18,4361.56
104810,2024-09-15,Electronics,28926.43,2,10,West,Net Banking,3.4,57852.86,52067.57
104811,2024-09-03,Beauty & Personal Care,1217.71,1,0,South,UPI,3.9,1217.71,1217.71
104812,2024-08-30,Sports & Fitness,4355.89,2,10,South,Net Banking,3.4,8711.78,7840.6
104813,2024-07-11,Home & Kitchen,1089.67,1,15,West,UPI,3.6,1089.67,926.22
104814,2024-08-21,Beauty & Personal Care,871.04,2,0,West,Credit Card,4.8,1742.08,1742.08
104815,2024-05-07,Electronics,25647.53,2,10,North,Net Banking,4.2,51295.06,46165.55
104816,2024-11-13,Clothing,431.67,3,0,North,Cash on Delivery,4.3,1295.01,1295.01
104817,2024-01-15,Beauty & Personal Care,1933.83,2,0,West,Credit Card,4.4,3867.66,3867.66
104818,2024-08-11,Home & Kitchen,5173.14,1,0,East,Debit Card,4.2,5173.14,5173.14
104819,2024-07-06,Beauty & Personal Care,1546.77,1,0,West,Credit Card,4.6,1546.77,1546.77
104820,2024-03-14,Electronics,6451.96,1,10,East,Credit Card,4.3,6451.96,5806.76
104821,2024-03-04,Clothing,1950.24,1,0,Central,UPI,4.9,1950.24,1950.24
104822,2024-03-22,Clothing,3194.47,1,0,Central,Credit Card,5.0,3194.47,3194.47
104823,2024-09-22,Sports & Fitness,547.25,1,0,West,Credit Card,3.0,547.25,547.25
104824,2024-04-14,Electronics,28815.09,1,10,South,UPI,4.9,28815.09,25933.58
104825,2024-07-13,Clothing,811.37,1,5,West,Credit Card,4.8,811.37,770.8
104826,2024-07-17,Books,972.9,1,5,North,Credit Card,3.4,972.9,924.25
104827,2024-02-12,Electronics,36595.08,1,20,South,Credit Card,4.9,36595.08,29276.06
104828,2024-06-28,Beauty & Personal Care,810.75,1,5,East,Credit Card,3.5,810.75,770.21
104829,2024-01-07,Home & Kitchen,4799.27,1,0,North,UPI,4.8,4799.27,4799.27
104830,2024-01-07,Home & Kitchen,6427.04,1,10,South,Credit Card,4.0,6427.04,5784.34
104831,2024-08-19,Beauty & Personal Care,2035.59,2,15,Central,Debit Card,4.2,4071.18,3460.5
104832,2024-05-17,Clothing,3767.58,1,15,West,Credit Card,4.4,3767.58,3202.44
104833,2024-06-13,Books,612.17,1,0,East,Cash on Delivery,4.1,612.17,612.17
104834,2024-08-28,Sports & Fitness,3159.71,1,10,East,Debit Card,4.3,3159.71,2843.74
104835,2024-06-18,Beauty & Personal Care,1902.45,1,5,East,Debit Card,4.9,1902.45,1807.33
104836,2024-01-06,Sports & Fitness,4157.1,3,10,South,Credit Card,4.6,12471.3,11224.17
104837,2024-11-19,Clothing,2333.89,1,15,East,UPI,3.8,2333.89,1983.81
104838,2024-10-10,Electronics,58502.16,1,10,Central,UPI,3.6,58502.16,52651.94
104839,2024-01-05,Sports & Fitness,5786.85,1,5,Central,Credit Card,3.7,5786.85,5497.51
104840,2024-12-02,Beauty & Personal Care,990.17,1,0,Central,Cash on Delivery,4.3,990.17,990.17
104841,2024-02-24,Electronics,24841.73,1,10,West,Credit Card,3.2,24841.73,22357.56
104842,2024-07-28,Clothing,3860.9,1,5,South,Cash on Delivery,3.2,3860.9,3667.86
104843,2024-05-21,Sports & Fitness,2346.3,1,0,North,Cash on Delivery,4.2,2346.3,2346.3
104844,2024-12-16,Sports & Fitness,5148.74,1,10,South,UPI,4.2,5148.74,4633.87
104845,2024-09-09,Clothing,1391.98,1,5,South,Credit Card,4.1,1391.98,1322.38
104846,2024-03-29,Home & Kitchen,6976.53,1,25,North,UPI,3.6,6976.53,5232.4
104847,2024-11-28,Grocery,1047.67,2,15,West,Net Banking,4.5,2095.34,1781.04
104848,2024-07-21,Clothing,1246.11,1,25,Central,Debit Card,4.4,1246.11,934.58
104849,2024-04-24,Clothing,3836.91,1,20,South,Credit Card,5.0,3836.91,3069.53
104850,2024-01-21,Clothing,3946.49,2,0,West,Credit Card,4.4,7892.98,7892.98
104851,2024-12-03,Home & Kitchen,7741.99,1,20,South,UPI,4.3,7741.99,6193.59
104852,2024-01-25,Sports & Fitness,1143.97,1,20,East,UPI,4.2,1143.97,915.18
104853,2024-02-02,Books,202.68,1,10,West,Credit Card,5.0,202.68,182.41
104854,2024-07-22,Home & Kitchen,7005.49,1,20,Central,Credit Card,4.5,7005.49,5604.39
104855,2024-11-14,Electronics,31397.35,1,0,West,Net Banking,4.4,31397.35,31397.35
104856,2024-09-29,Home & Kitchen,2340.67,1,0,East,UPI,4.7,2340.67,2340.67
104857,2024-05-05,Home & Kitchen,2224.28,2,5,North,Credit Card,2.6,4448.56,4226.13
104858,2024-01-12,Home & Kitchen,855.32,1,15,East,UPI,4.3,855.32,727.02
104859,2024-02-28,Sports & Fitness,1160.12,1,25,East,UPI,5.0,1160.12,870.09
104860,2024-03-20,Electronics,23235.68,1,0,West,UPI,4.6,23235.68,23235.68
104861,2024-06-15,Electronics,35724.2,1,5,East,UPI,5.0,35724.2,33937.99
104862,2024-04-21,Electronics,22331.28,1,0,North,Cash on Delivery,2.9,22331.28,22331.28
104863,2024-06-11,Clothing,3255.1,2,0,South,Credit Card,5.0,6510.2,6510.2
104864,2024-07-22,Clothing,502.52,1,0,South,UPI,4.2,502.52,502.52
104865,2024-12-31,Grocery,449.32,1,5,North,UPI,4.0,449.32,426.85
104866,2024-03-23,Home & Kitchen,5676.58,1,5,East,Credit Card,3.1,5676.58,5392.75
104867,2024-02-18,Grocery,1075.7,2,5,Central,Cash on Delivery,3.5,2151.4,2043.83
104868,2024-07-10,Home & Kitchen,6943.63,1,0,South,Debit Card,4.3,6943.63,6943.63
104869,2024-09-03,Clothing,1429.58,1,5,West,Credit Card,4.1,1429.58,1358.1
104870,2024-03-11,Electronics,39183.18,2,5,South,UPI,5.0,78366.36,74448.04
104871,2024-12-24,Electronics,9918.21,1,0,North,UPI,3.9,9918.21,9918.21
104872,2024-01-07,Electronics,35534.01,2,5,South,Credit Card,3.9,71068.02,67514.62
104873,2024-12-16,Grocery,528.66,1,10,West,Debit Card,4.6,528.66,475.79
104874,2024-02-06,Sports & Fitness,4449.27,2,10,West,UPI,3.9,8898.54,8008.69
104875,2024-03-16,Home & Kitchen,1197.08,1,0,West,UPI,5.0,1197.08,1197.08
104876,2024-05-28,Electronics,22043.68,1,15,North,UPI,4.8,22043.68,18737.13
104877,2024-06-03,Grocery,1167.43,1,0,East,UPI,4.8,1167.43,1167.43
104878,2024-04-23,Electronics,43632.22,1,10,East,UPI,3.2,43632.22,39269.0
104879,2024-01-31,Beauty & Personal Care,634.59,1,0,South,Credit Card,5.0,634.59,634.59
104880,2024-03-31,Electronics,9374.02,1,10,West,Net Banking,4.2,9374.02,8436.62
104881,2024-03-04,Sports & Fitness,786.96,1,0,West,Credit Card,3.4,786.96,786.96
104882,2024-01-11,Home & Kitchen,457.68,3,15,East,Credit Card,2.9,1373.04,1167.08
104883,2024-12-04,Home & Kitchen,3392.9,1,10,North,Credit Card,3.7,3392.9,3053.61
104884,2024-01-24,Home & Kitchen,6679.02,1,10,South,Debit Card,4.9,6679.02,6011.12
104885,2024-12-08,Electronics,41166.91,1,0,East,Credit Card,3.9,41166.91,41166.91
104886,2024-10-19,Home & Kitchen,9847.42,1,10,West,Debit Card,4.6,9847.42,8862.68
104887,2024-12-15,Electronics,59606.38,1,0,South,Debit Card,3.9,59606.38,59606.38
104888,2024-07-06,Beauty & Personal Care,496.81,1,25,Central,UPI,2.9,496.81,372.61
104889,2024-01-03,Electronics,42785.0,1,0,South,UPI,3.0,42785.0,42785.0
104890,2024-08-23,Clothing,2224.36,1,5,East,Cash on Delivery,5.0,2224.36,2113.14
104891,2024-07-17,Grocery,351.33,1,0,South,UPI,4.5,351.33,351.33
104892,2024-06-27,Beauty & Personal Care,2023.1,2,25,West,Debit Card,5.0,4046.2,3034.65
104893,2024-04-03,Beauty & Personal Care,1776.8,2,0,South,Net Banking,5.0,3553.6,3553.6
104894,2024-03-18,Sports & Fitness,2071.49,1,0,North,Net Banking,4.0,2071.49,2071.49
104895,2024-07-21,Beauty & Personal Care,1898.08,1,10,East,Debit Card,3.1,1898.08,1708.27
104896,2024-05-31,Electronics,3509.65,1,10,West,Net Banking,4.4,3509.65,3158.68
104897,2024-06-20,Home & Kitchen,6433.6,1,0,South,UPI,4.9,6433.6,6433.6
104898,2024-09-02,Home & Kitchen,7687.73,1,0,East,Net Banking,2.3,7687.73,7687.73
104899,2024-08-14,Home & Kitchen,6051.01,1,20,Central,UPI,4.4,6051.01,4840.81
104900,2024-05-25,Electronics,41714.54,1,0,West,Credit Card,4.9,41714.54,41714.54
104901,2024-06-14,Clothing,2953.2,1,5,West,Credit Card,4.8,2953.2,2805.54
104902,2024-04-11,Books,124.71,1,0,East,Debit Card,5.0,124.71,124.71
104903,2024-09-12,Electronics,37907.17,1,5,West,Debit Card,5.0,37907.17,36011.81
104904,2024-01-02,Beauty & Personal Care,1988.38,1,0,North,Net Banking,3.0,1988.38,1988.38
104905,2024-05-07,Books,568.9,1,25,South,Debit Card,3.1,568.9,426.67
104906,2024-02-25,Beauty & Personal Care,1862.06,1,5,West,Credit Card,4.6,1862.06,1768.96
104907,2024-05-11,Home & Kitchen,1883.41,1,0,North,Credit Card,3.8,1883.41,1883.41
104908,2024-06-14,Home & Kitchen,7110.46,2,20,East,Debit Card,5.0,14220.92,11376.74
104909,2024-01-31,Clothing,3428.64,1,10,East,Credit Card,3.9,3428.64,3085.78
104910,2024-05-07,Sports & Fitness,4282.89,2,0,West,Credit Card,3.0,8565.78,8565.78
104911,2024-07-20,Clothing,3943.2,1,0,South,UPI,4.0,3943.2,3943.2
104912,2024-03-13,Clothing,839.9,2,5,East,Credit Card,3.7,1679.8,1595.81
104913,2024-07-21,Sports & Fitness,3185.99,1,0,South,UPI,4.2,3185.99,3185.99
104914,2024-12-21,Electronics,32310.18,1,0,East,UPI,4.7,32310.18,32310.18
104915,2024-01-07,Beauty & Personal Care,2172.42,1,20,West,Credit Card,4.1,2172.42,1737.94
104916,2024-11-08,Clothing,3482.49,2,0,East,Debit Card,5.0,6964.98,6964.98
104917,2024-11-15,Beauty & Personal Care,2969.33,1,0,South,UPI,4.8,2969.33,2969.33
104918,2024-10-07,Electronics,6285.55,1,5,Central,UPI,3.7,6285.55,5971.27
104919,2024-08-15,Electronics,36202.23,2,10,West,Credit Card,2.2,72404.46,65164.01
104920,2024-03-19,Electronics,32096.06,1,15,West,Credit Card,5.0,32096.06,27281.65
104921,2024-08-28,Electronics,7368.86,1,10,South,Net Banking,5.0,7368.86,6631.97
104922,2024-02-20,Home & Kitchen,4881.96,1,0,West,UPI,4.4,4881.96,4881.96
104923,2024-04-04,Clothing,3447.87,2,0,West,UPI,5.0,6895.74,6895.74
104924,2024-06-03,Home & Kitchen,2690.95,1,0,West,UPI,4.4,2690.95,2690.95
104925,2024-12-31,Electronics,36819.32,1,20,East,UPI,4.7,36819.32,29455.46
104926,2024-02-26,Electronics,33227.92,1,10,Central,UPI,4.9,33227.92,29905.13
104927,2024-08-31,Books,301.94,2,0,West,Debit Card,4.3,603.88,603.88
104928,2024-06-13,Clothing,1737.37,1,10,South,UPI,4.0,1737.37,1563.63
104929,2024-02-22,Home & Kitchen,3703.18,2,0,North,Net Banking,3.4,7406.36,7406.36
104930,2024-01-13,Beauty & Personal Care,519.37,2,10,South,Credit Card,4.6,1038.74,934.87
104931,2024-08-12,Clothing,3441.04,1,5,Central,Credit Card,3.1,3441.04,3268.99
104932,2024-10-27,Clothing,1598.98,2,0,East,Credit Card,5.0,3197.96,3197.96
104933,2024-07-14,Books,468.85,1,5,Central,Credit Card,4.2,468.85,445.41
104934,2024-12-25,Electronics,10599.05,2,10,Central,UPI,5.0,21198.1,19078.29
104935,2024-06-20,Grocery,1332.15,1,5,North,Net Banking,3.2,1332.15,1265.54
104936,2024-06-29,Grocery,1281.73,1,25,South,Credit Card,4.5,1281.73,961.3
104937,2024-04-13,Clothing,791.96,1,25,West,UPI,4.1,791.96,593.97
104938,2024-06-05,Grocery,1462.47,1,20,North,Debit Card,4.7,1462.47,1169.98
104939,2024-07-31,Electronics,14024.65,1,0,Central,Cash on Delivery,4.4,14024.65,14024.65
104940,2024-05-20,Electronics,39961.41,3,0,Central,Credit Card,4.8,119884.23,119884.23
104941,2024-10-14,Electronics,36011.89,2,20,North,UPI,3.8,72023.78,57619.02
104942,2024-11-14,Home & Kitchen,8846.4,1,20,South,UPI,4.8,8846.4,7077.12
104943,2024-01-25,Sports & Fitness,5429.77,2,5,East,Credit Card,4.8,10859.54,10316.56
104944,2024-06-14,Clothing,3661.15,1,10,North,UPI,2.4,3661.15,3295.04
104945,2024-08-11,Grocery,538.55,2,10,East,Cash on Delivery,3.4,1077.1,969.39
104946,2024-02-27,Grocery,982.4,1,15,East,Cash on Delivery,4.8,982.4,835.04
104947,2024-05-28,Electronics,25135.99,1,10,North,UPI,,25135.99,22622.39
104948,2024-06-23,Clothing,2132.15,2,0,Central,Credit Card,5.0,4264.3,4264.3
104949,2024-10-27,Electronics,12977.01,1,10,Central,Debit Card,4.7,12977.01,11679.31
104950,2024-12-10,Electronics,29879.71,1,20,West,Net Banking,4.9,29879.71,23903.77
104951,2024-07-12,Electronics,33366.54,1,10,South,Net Banking,3.4,33366.54,30029.89
104952,2024-02-23,Electronics,1525.87,3,5,Central,UPI,2.5,4577.61,4348.73
104953,2024-06-15,Electronics,30508.42,1,20,South,Debit Card,4.5,30508.42,24406.74
104954,2024-02-01,Clothing,2679.95,1,0,Central,Cash on Delivery,4.5,2679.95,2679.95
104955,2024-10-20,Clothing,3433.48,2,20,South,Cash on Delivery,3.9,6866.96,5493.57
104956,2024-04-28,Clothing,630.8,3,0,Central,UPI,4.8,1892.4,1892.4
104957,2024-08-05,Beauty & Personal Care,1669.29,1,10,South,Credit Card,3.1,1669.29,1502.36
104958,2024-06-18,Electronics,31097.59,1,0,Central,UPI,3.5,31097.59,31097.59
104959,2024-04-30,Grocery,652.32,2,0,South,UPI,5.0,1304.64,1304.64
104960,2024-05-12,Home & Kitchen,2256.79,1,20,South,UPI,3.2,2256.79,1805.43
104961,2024-12-06,Clothing,1849.85,1,20,North,Debit Card,3.7,1849.85,1479.88
104962,2024-08-18,Books,596.97,1,5,North,Net Banking,3.3,596.97,567.12
104963,2024-09-17,Home & Kitchen,4789.86,1,10,South,UPI,4.6,4789.86,4310.87
104964,2024-08-30,Electronics,1928.79,1,5,South,Credit Card,4.5,1928.79,1832.35
104965,2024-09-05,Beauty & Personal Care,2331.77,2,10,West,UPI,5.0,4663.54,4197.19
104966,2024-01-05,Home & Kitchen,7700.24,1,10,East,Credit Card,3.8,7700.24,6930.22
104967,2024-05-09,Beauty & Personal Care,890.81,1,20,North,Net Banking,3.3,890.81,712.65
104968,2024-06-27,Books,735.05,1,0,West,Credit Card,4.1,735.05,735.05
104969,2024-09-19,Beauty & Personal Care,1319.25,1,0,North,Credit Card,4.3,1319.25,1319.25
104970,2024-03-10,Clothing,1895.61,2,5,East,Credit Card,,3791.22,3601.66
104971,2024-06-21,Beauty & Personal Care,782.56,1,5,East,Credit Card,3.7,782.56,743.43
104972,2024-02-24,Home & Kitchen,1591.99,1,10,West,Cash on Delivery,5.0,1591.99,1432.79
104973,2024-03-09,Grocery,1092.28,1,10,East,Credit Card,3.2,1092.28,983.05
104974,2024-06-26,Electronics,42170.51,1,0,East,Credit Card,5.0,42170.51,42170.51
104975,2024-10-18,Home & Kitchen,6569.18,1,5,South,UPI,2.6,6569.18,6240.72
104976,2024-07-03,Clothing,471.93,1,5,Central,UPI,3.9,471.93,448.33
104977,2024-06-28,Books,1011.28,1,10,Central,Cash on Delivery,4.0,1011.28,910.15
104978,2024-04-13,Beauty & Personal Care,1905.31,1,5,South,Debit Card,3.6,1905.31,1810.04
104979,2024-04-28,Home & Kitchen,5077.05,2,5,Central,Credit Card,3.6,10154.1,9646.4
104980,2024-06-18,Sports & Fitness,482.04,1,0,Central,UPI,3.8,482.04,482.04
104981,2024-09-20,Home & Kitchen,2798.81,2,5,North,UPI,4.3,5597.62,5317.74
104982,2024-11-09,Grocery,381.94,2,10,Central,UPI,2.4,763.88,687.49
104983,2024-05-12,Sports & Fitness,5002.02,1,10,South,UPI,3.8,5002.02,4501.82
104984,2024-01-14,Clothing,3859.82,1,25,Central,UPI,4.5,3859.82,2894.86
104985,2024-04-28,Home & Kitchen,3658.35,1,0,Central,Credit Card,4.4,3658.35,3658.35
104986,2024-06-21,Electronics,30227.35,1,20,East,UPI,,30227.35,24181.88
104987,2024-05-31,Home & Kitchen,1412.47,3,0,Central,UPI,,4237.41,4237.41
104988,2024-09-16,Clothing,3600.37,3,0,West,Credit Card,4.1,10801.11,10801.11
104989,2024-04-14,Beauty & Personal Care,2415.9,1,10,East,UPI,5.0,2415.9,2174.31
104990,2024-08-24,Electronics,30041.03,1,5,North,Net Banking,3.6,30041.03,28538.98
104991,2024-10-14,Clothing,3073.98,1,10,East,Debit Card,3.2,3073.98,2766.58
104992,2024-06-09,Clothing,1963.91,2,5,North,Cash on Delivery,4.0,3927.82,3731.43
104993,2024-04-06,Beauty & Personal Care,1666.58,1,0,Central,Cash on Delivery,4.0,1666.58,1666.58
104994,2024-08-08,Beauty & Personal Care,1437.91,1,5,East,Credit Card,3.5,1437.91,1366.01
104995,2024-11-24,Clothing,2966.2,1,5,West,Cash on Delivery,3.9,2966.2,2817.89
104996,2024-03-26,Clothing,3124.55,1,10,West,UPI,4.0,3124.55,2812.1
104997,2024-03-01,Clothing,2868.66,1,10,South,Net Banking,4.4,2868.66,2581.79
104998,2024-08-27,Home & Kitchen,5205.22,1,0,North,UPI,4.7,5205.22,5205.22
104999,2024-06-27,Home & Kitchen,6982.15,1,0,East,UPI,4.6,6982.15,6982.15
105000,2024-09-25,Electronics,15729.99,1,15,North,UPI,4.1,15729.99,13370.49
102765,2024-01-29,Home & Kitchen,2014.82,1,5,East,Credit Card,4.4,2014.82,1914.08
104768,2024-12-02,Home & Kitchen,2757.73,2,5,Central,Cash on Delivery,4.3,5515.46,5239.69
103815,2024-03-11,Clothing,1581.62,1,25,East,Credit Card,3.4,1581.62,1186.21
103500,2024-10-18,Beauty & Personal Care,439.76,1,10,North,Net Banking,4.1,439.76,395.78
102736,2024-06-08,Beauty & Personal Care,489.06,1,10,South,Debit Card,4.7,489.06,440.15
103923,2024-03-07,Books,462.93,1,10,West,UPI,3.4,462.93,416.64
102702,2024-05-21,Clothing,2949.05,1,10,West,Credit Card,4.6,2949.05,2654.15
101180,2024-12-11,Beauty & Personal Care,3337.45,1,10,West,Credit Card,4.5,3337.45,3003.7
100933,2024-10-12,Home & Kitchen,5069.64,1,5,South,Credit Card,4.1,5069.64,4816.16
100793,2024-04-10,Electronics,39786.73,1,0,West,Credit Card,4.6,39786.73,39786.73
101853,2024-10-17,Electronics,38982.55,3,0,Central,Credit Card,3.6,116947.65,116947.65
101186,2024-01-03,Home & Kitchen,4804.44,2,0,East,Debit Card,3.9,9608.88,9608.88
101725,2024-11-16,Clothing,2206.45,1,20,West,Debit Card,4.2,2206.45,1765.16
104081,2024-01-05,Home & Kitchen,5858.73,1,5,South,Credit Card,3.9,5858.73,5565.79
103824,2024-03-01,Home & Kitchen,564.98,1,0,East,Credit Card,3.4,564.98,564.98
